Rk,Player,Nation,Pos,Primary_Pos,Squad,Comp,Age,Born,90s,CrdY,CrdR,2CrdY,Fls,Fld,Off,Crs,Int,TklW,OG
1,Brenden Aaronson,us USA,MFFW,MF,Leeds United,eng Premier League,24,2000,27.2,3,0,0,20,51,5,37,17,27,0
2,Jerome Abbey,eng ENG,MF,MF,Wolves,eng Premier League,15,2009,0.2,0,0,0,0,0,1,0,1,0,0
3,Zach Abbott,eng ENG,DF,DF,Nottingham,eng Premier League,19,2006,1.8,0,0,0,3,1,0,3,2,4,0
4,Jones El-Abdellaoui,ma MAR,MFFW,MF,Celta Vigo,es La Liga,19,2006,7.6,0,0,0,7,3,2,30,3,3,0
5,Himad Abdelli,dz ALG,MF,MF,Marseille,fr Ligue 1,25,1999,1.5,1,0,0,3,0,0,1,2,1,0
6,Himad Abdelli,dz ALG,MF,MF,Angers,fr Ligue 1,25,1999,10.5,1,0,0,16,12,1,9,13,17,0
7,Ali Abdi,tn TUN,MFDF,MF,Nice,fr Ligue 1,31,1993,13.2,4,1,1,22,18,1,33,10,11,0
8,Salis Abdul Samed,gh GHA,MF,MF,Nice,fr Ligue 1,25,2000,10.1,3,0,0,19,10,0,2,11,7,0
9,Saud Abdulhamid,sa KSA,MF,MF,Lens,fr Ligue 1,26,1999,15,4,1,0,26,14,1,47,9,22,0
10,Tay Abed,il ISR,MF,MF,Levante,es La Liga,21,2004,1,0,0,0,2,2,0,5,2,1,0
11,Laurent Abergel,fr FRA,MF,MF,Lorient,fr Ligue 1,32,1993,25.8,7,0,0,24,27,1,9,28,23,0
12,Matthis Abline,fr FRA,FWMF,FW,Nantes,fr Ligue 1,22,2003,27.7,6,0,0,32,42,5,62,9,13,0
13,Abner,br BRA,DFMF,DF,Lyon,fr Ligue 1,25,2000,23.9,4,1,0,23,6,1,61,8,24,0
14,Zakaria Aboukhlal,ma MAR,MF,MF,Torino,it Serie A,25,2000,5.7,4,0,0,12,11,7,18,1,12,0
15,Abdel Abqar,ma MAR,DF,DF,Getafe,es La Liga,26,1999,16,10,1,0,30,36,1,2,20,17,0
16,Tammy Abraham,eng ENG,FW,FW,Aston Villa,eng Premier League,27,1997,3.2,0,0,0,2,0,0,1,0,1,0
17,Francis Abu,gh GHA,MF,MF,Toulouse,fr Ligue 1,24,2001,5.8,2,0,0,5,4,0,0,8,12,0
18,Giorgi Abuashvili,ge GEO,MFFW,MF,Metz,fr Ligue 1,22,2003,7.8,1,0,0,8,11,1,38,5,8,0
19,Mathieu Acapandié,mg MAD,DFMF,DF,Nantes,fr Ligue 1,20,2004,2.9,0,0,0,3,0,0,11,3,1,0
20,Francesco Acerbi,it ITA,DF,DF,Inter,it Serie A,37,1988,15.3,3,0,0,17,13,3,3,18,9,0
21,Ragnar Ache,de GER,FW,FW,Köln,de Bundesliga,27,1998,19.1,3,0,0,18,29,10,1,4,8,0
22,Joshua Acheampong,eng ENG,DF,DF,Chelsea,eng Premier League,19,2006,7.4,1,0,0,2,9,2,1,12,8,0
23,Akor Adams,ng NGA,FW,FW,Sevilla,es La Liga,25,2000,22.9,3,0,0,36,12,41,17,1,4,0
24,Ché Adams,sct SCO,FW,FW,Torino,it Serie A,29,1996,21,0,0,0,18,15,9,14,1,9,0
25,Tyler Adams,us USA,MF,MF,Bournemouth,eng Premier League,26,1999,19.7,8,0,0,36,13,1,3,30,24,0
26,Junior Adamu,at AUT,FW,FW,Freiburg,de Bundesliga,24,2001,5,1,0,0,10,9,6,2,5,6,0
27,Tosin Adarabioyo,eng ENG,DF,DF,Chelsea,eng Premier League,27,1997,8.8,2,0,0,6,0,1,0,9,6,0
28,Jayden Addai,nl NED,MF,MF,Como,it Serie A,19,2005,7.6,4,0,0,13,14,2,10,2,2,0
29,Karim Adeyemi,de GER,MFFW,MF,Dortmund,de Bundesliga,23,2002,13.3,5,0,0,21,25,5,11,8,4,0
30,Simon Adingra,ci CIV,MFFW,MF,Sunderland,eng Premier League,23,2002,7.3,2,0,0,18,3,4,27,2,8,0
31,Simon Adingra,ci CIV,MFFW,MF,Monaco,fr Ligue 1,23,2002,9.5,0,0,0,7,8,2,29,6,9,0
32,Nathaniel Adjei,gh GHA,DF,DF,Lorient,fr Ligue 1,22,2002,9.3,0,0,0,8,6,1,1,9,7,1
33,Jonas Adjetey,gh GHA,DF,DF,Wolfsburg,de Bundesliga,21,2003,1.5,1,0,0,4,0,0,4,1,1,0
34,Amine Adli,ma MAR,MF,MF,Bournemouth,eng Premier League,25,2000,12.2,2,0,0,29,23,5,39,6,17,0
35,Adrián,es ESP,GK,GK,Real Betis,es La Liga,38,1987,1,0,0,0,0,0,0,0,0,0,0
36,Vasilije Adžić,me MNE,MF,MF,Juventus,it Serie A,19,2006,1.9,0,0,0,3,2,0,4,3,2,0
37,Michel Aebischer,ch SUI,MF,MF,Pisa,it Serie A,28,1997,32.1,8,0,0,44,38,0,43,35,37,0
38,David Affengruber,at AUT,DF,DF,Elche,es La Liga,24,2001,32.8,7,1,0,34,35,2,8,50,50,0
39,Dapo Afolayan,eng ENG,MF,MF,St Pauli,de Bundesliga,27,1997,1.7,1,0,0,2,6,0,10,0,2,0
40,Emmanuel Agbadou,ci CIV,DF,DF,Wolves,eng Premier League,28,1997,12.2,1,1,0,10,5,1,13,14,21,0
41,Julen Agirrezabala,es ESP,GK,GK,Valencia,es La Liga,24,2000,18,1,0,0,0,1,0,0,0,1,0
42,Lucien Agoume,fr FRA,MF,MF,Sevilla,es La Liga,23,2002,29.8,12,0,0,58,16,8,18,49,40,0
43,Felix Agu,ng NGA,DFMF,DF,Werder Bremen,de Bundesliga,25,1999,8.3,1,0,0,8,14,3,14,11,14,0
44,Diego Aguado,es ESP,DF,DF,Real Madrid,es La Liga,18,2007,0.3,0,0,0,0,0,0,0,0,1,0
45,Marc Aguado,es ESP,MF,MF,Elche,es La Liga,25,2000,27.8,3,0,0,25,23,0,2,42,26,0
46,Pablo Agudín,es ESP,MF,MF,Oviedo,es La Liga,17,2007,1,0,0,0,4,1,0,2,0,0,0
47,Nayef Aguerd,ma MAR,DF,DF,Marseille,fr Ligue 1,29,1996,15.5,4,0,0,21,6,0,2,21,16,0
48,Nayef Aguerd,ma MAR,DF,DF,West Ham,eng Premier League,29,1996,2,0,0,0,0,1,0,2,1,0,0
49,Ruben Aguilar,fr FRA,MF,MF,Lens,fr Ligue 1,32,1993,19.1,6,1,1,26,12,5,86,24,24,0
50,Ibai Aguirre,es ESP,MF,MF,Real Sociedad,es La Liga,18,2007,0.1,0,0,0,1,0,0,0,0,0,0
51,Naouirou Ahamada,fr FRA,MF,MF,Auxerre,fr Ligue 1,23,2002,7.6,0,0,0,5,9,1,6,5,10,0
52,Honest Ahanor,it ITA,DF,DF,Atalanta,it Serie A,17,2008,15.3,2,1,0,24,28,0,2,24,20,0
53,Lucas Ahijado,es ESP,DF,DF,Oviedo,es La Liga,30,1995,12.2,3,0,0,14,3,2,16,17,29,0
54,Joseph Aidoo,gh GHA,DF,DF,Celta Vigo,es La Liga,29,1995,7.1,0,0,0,5,1,0,0,10,3,0
55,Ola Aina,ng NGA,DF,DF,Nottingham,eng Premier League,28,1996,17.6,3,0,0,13,15,0,39,26,21,0
56,Abdelhamid Ait Boudlal,ma MAR,DF,DF,Rennes,fr Ligue 1,19,2006,15.6,3,1,0,14,10,1,2,18,11,0
57,Rayan Aït-Nouri,dz ALG,DF,DF,Manchester City,eng Premier League,24,2001,10.8,2,0,0,17,10,0,22,13,21,0
58,Tosin Aiyegun,bj BEN,FWMF,FW,Lorient,fr Ligue 1,27,1998,11.9,1,0,0,11,13,3,6,1,5,0
59,Junior Ajayi,ci CIV,FW,FW,Hellas Verona,it Serie A,20,2004,0,0,0,0,0,0,0,0,0,0,0
60,Kristoffer Ajer,no NOR,DF,DF,Brentford,eng Premier League,27,1998,20.1,4,0,0,23,5,0,7,15,23,0
61,Ludovic Ajorque,fr FRA,FW,FW,Brest,fr Ligue 1,31,1994,31.3,9,1,0,65,55,14,9,11,20,0
62,Manuel Akanji,ch SUI,DF,DF,Inter,it Serie A,30,1995,31.3,4,0,0,26,18,2,3,37,24,0
63,Nathan Aké,nl NED,DF,DF,Manchester City,eng Premier League,30,1995,7.7,1,0,0,3,8,1,4,5,6,0
64,Ilias Akhomach,ma MAR,MF,MF,Villarreal,es La Liga,21,2004,2.1,0,0,0,9,7,0,9,0,4,0
65,Ilias Akhomach,ma MAR,MFFW,MF,Rayo Vallecano,es La Liga,21,2004,7.9,2,0,0,9,29,1,22,2,10,0
66,Ebenezer Akinsanmiro,ng NGA,MF,MF,Pisa,it Serie A,20,2004,16,2,0,0,30,28,1,9,27,25,0
67,Maghnes Akliouche,fr FRA,MFFW,MF,Monaco,fr Ligue 1,23,2002,26.7,3,0,0,29,36,9,53,18,26,0
68,Clément Akpa,ci CIV,DF,DF,Auxerre,fr Ligue 1,23,2001,21.6,4,1,1,12,30,1,30,23,19,2
69,Jean-Daniel Akpa-Akpro,ci CIV,MF,MF,Hellas Verona,it Serie A,32,1992,16.7,9,0,0,39,15,0,17,22,32,0
70,Kevin Akpoguma,ng NGA,DF,DF,Hoffenheim,de Bundesliga,30,1995,0.7,0,1,0,1,0,0,0,1,1,0
71,Al-Musrati,ly LBY,MF,MF,Hellas Verona,it Serie A,29,1996,9.4,6,1,1,15,3,1,2,11,7,0
72,David Alaba,at AUT,DF,DF,Real Madrid,es La Liga,33,1992,4.7,1,0,0,1,0,0,0,0,4,0
73,Agustín Albarracín,uy URU,FW,FW,Cagliari,it Serie A,19,2005,0.4,0,0,0,0,3,0,2,0,0,0
74,Mathis Albert,us USA,FW,FW,Dortmund,de Bundesliga,16,2009,0,0,0,0,1,0,0,1,0,1,0
75,Raúl Albiol,es ESP,DF,DF,Pisa,it Serie A,39,1985,5.6,1,0,0,6,2,0,1,7,4,0
76,Carlos Alcaraz,ar ARG,MF,MF,Everton,eng Premier League,22,2002,7.7,4,0,0,10,12,1,6,2,9,0
77,Omar Alderete,py PAR,DF,DF,Sunderland,eng Premier League,28,1996,31.1,6,0,0,34,10,5,11,36,18,0
78,Alexandre Alemão,br BRA,FW,FW,Rayo Vallecano,es La Liga,27,1998,12.6,3,0,0,23,27,4,5,1,2,0
79,Carles Aleñá,es ESP,MF,MF,Alavés,es La Liga,27,1998,22.1,5,0,0,38,36,1,121,12,24,0
80,Trent Alexander-Arnold,eng ENG,DF,DF,Real Madrid,es La Liga,26,1998,12.9,4,0,0,10,5,0,126,13,10,0
81,Alfon,es ESP,MF,MF,Villarreal,es La Liga,26,1999,3.7,0,0,0,7,2,1,9,2,1,0
82,Alfon,es ESP,MF,MF,Sevilla,es La Liga,26,1999,3.5,0,0,0,3,6,0,4,1,0,0
83,Mohamed Ali Cho,fr FRA,FWMF,FW,Nice,fr Ligue 1,21,2004,18.5,1,0,0,14,32,5,39,4,9,0
84,Alisson,br BRA,GK,GK,Liverpool,eng Premier League,32,1992,26,1,0,0,1,7,0,0,0,0,0
85,Jim Allevinah,ga GAB,MF,MF,Angers,fr Ligue 1,30,1995,1.5,0,0,0,0,4,1,1,0,1,0
86,Max Alleyne,eng ENG,DF,DF,Manchester City,eng Premier League,20,2005,1.5,0,0,0,0,0,0,0,3,3,0
87,Thiago Almada,ar ARG,MFFW,MF,Atlético Madrid,es La Liga,24,2001,14.6,2,1,0,13,16,2,40,9,18,0
88,André Almeida,pt POR,MF,MF,Valencia,es La Liga,25,2000,11.3,0,0,0,12,22,0,65,8,11,0
89,Pontus Almqvist,se SWE,MF,MF,Parma,it Serie A,26,1999,5.1,0,0,0,6,14,1,7,6,6,0
90,Marcos Alonso,es ESP,DF,DF,Celta Vigo,es La Liga,34,1990,30.8,5,0,0,23,20,0,19,30,24,0
91,Adrià Altimira,es ESP,DFMF,DF,Villarreal,es La Liga,24,2001,0.1,0,0,0,0,0,0,0,0,1,0
92,Sergi Altimira,es ESP,MF,MF,Real Betis,es La Liga,23,2001,13.2,3,0,0,14,22,0,3,20,36,0
93,Carlos Álvarez,es ESP,MF,MF,Levante,es La Liga,21,2003,21,3,0,0,22,49,2,54,13,13,0
94,Hugo Álvarez,es ESP,FWMF,FW,Celta Vigo,es La Liga,22,2003,14.9,2,0,0,16,17,2,23,10,9,0
95,Julián Álvarez,ar ARG,FW,FW,Atlético Madrid,es La Liga,25,2000,21.1,2,0,0,14,18,2,86,3,13,0
96,Yeray Álvarez,es ESP,DF,DF,Athletic Club,es La Liga,30,1995,5.7,0,0,0,3,5,0,2,14,1,0
97,Skelly Alvero,fr FRA,MF,MF,Werder Bremen,de Bundesliga,23,2002,0.4,0,0,0,0,1,0,0,1,0,0
98,Alysson,br BRA,MF,MF,Aston Villa,eng Premier League,19,2006,0.5,0,0,0,0,1,0,2,1,0,0
99,Ayoube Amaimouni,ma MAR,MFFW,MF,Frankfurt,de Bundesliga,20,2004,6.5,1,0,0,8,10,6,30,2,5,0
100,Jaydon Amauri Banel,nl NED,FWMF,FW,Burnley,eng Premier League,20,2004,0.1,0,0,0,0,1,0,0,0,0,0
101,Giuseppe Ambrosino,it ITA,FW,FW,Napoli,it Serie A,21,2003,0.4,0,0,0,1,1,0,0,0,0,0
102,Zeki Amdouni,ch SUI,FWMF,FW,Burnley,eng Premier League,24,2000,0.8,0,0,0,1,1,0,0,0,0,0
103,Aurèle Amenda,ch SUI,DF,DF,Frankfurt,de Bundesliga,22,2003,18.6,5,0,0,22,13,0,6,29,12,1
104,Kelvin Amian,fr FRA,DF,DF,Nantes,fr Ligue 1,27,1998,21.8,3,0,0,23,18,2,29,8,18,0
105,Michael Amir Murillo,pa PAN,DFMF,DF,Marseille,fr Ligue 1,29,1996,11,4,0,0,22,16,2,28,6,13,0
106,Nadiem Amiri,de GER,MF,MF,Mainz 05,de Bundesliga,28,1996,23.1,6,0,0,20,26,3,136,19,18,0
107,Samuel Amo-Ameyaw,eng ENG,MFDF,MF,Strasbourg,fr Ligue 1,19,2006,11.6,2,0,0,15,26,2,50,3,12,0
108,Amorim,br BRA,MF,MF,Genoa,it Serie A,20,2005,6.1,1,0,0,7,18,1,16,7,6,0
109,Mathis Amougou,fr FRA,MF,MF,Strasbourg,fr Ligue 1,19,2006,4.5,1,0,0,4,4,0,2,2,11,0
110,Mohamed Amoura,dz ALG,FWMF,FW,Wolfsburg,de Bundesliga,25,2000,21.3,2,0,0,21,11,12,34,7,22,0
111,Ethan Ampadu,wls WAL,MF,MF,Leeds United,eng Premier League,24,2000,34.7,10,0,0,50,36,0,25,50,46,0
112,Sofyan Amrabat,ma MAR,MF,MF,Real Betis,es La Liga,28,1996,14.4,4,0,0,22,19,0,6,11,13,0
113,Joachim Andersen,dk DEN,DF,DF,Fulham,eng Premier League,29,1996,31.9,7,1,0,30,13,0,15,34,26,0
114,Elliot Anderson,eng ENG,MF,MF,Nottingham,eng Premier League,22,2002,37,8,0,0,57,80,2,175,41,60,0
115,Tomoya Ando,jp JPN,DF,DF,St Pauli,de Bundesliga,26,1999,14,3,0,0,12,12,0,6,14,23,0
116,Nícolas Andrade,br BRA,GK,GK,Pisa,it Serie A,37,1988,6,0,0,0,0,3,0,0,0,0,0
117,André,br BRA,MF,MF,Wolves,eng Premier League,24,2001,30.7,12,0,0,47,43,0,40,25,42,0
118,Benjamin André,fr FRA,MF,MF,Lille,fr Ligue 1,34,1990,25.9,9,0,0,35,44,3,22,31,40,0
119,Robert Andrich,de GER,DFMF,DF,Leverkusen,de Bundesliga,30,1994,28.3,6,1,1,30,22,0,13,33,30,0
120,Manuel Ángel,es ESP,MF,MF,Real Madrid,es La Liga,21,2004,1.1,0,0,0,2,4,0,0,0,3,1
121,Miguel Ángel Rubio,es ESP,DF,DF,Espanyol,es La Liga,27,1998,2.3,0,0,0,1,1,0,0,1,1,0
122,Miguel Ángel Sierra,es ESP,FW,FW,Sevilla,es La Liga,21,2004,0.7,0,0,0,1,3,0,4,0,1,0
123,Angeliño,es ESP,MF,MF,Roma,it Serie A,28,1997,4.6,2,0,0,5,2,0,18,3,7,0
124,Samuele Angori,it ITA,MF,MF,Pisa,it Serie A,21,2003,28.9,2,0,0,17,54,3,165,23,25,0
125,Frank Anguissa,cm CMR,MF,MF,Napoli,it Serie A,29,1995,14,1,0,0,18,18,0,15,13,14,0
126,Nilson Angulo,ec ECU,MF,MF,Sunderland,eng Premier League,22,2003,4.5,1,0,0,11,3,1,7,5,7,0
127,Faustino Anjorin,eng ENG,MF,MF,Torino,it Serie A,23,2001,3.2,1,0,0,8,1,1,1,7,5,0
128,Ilyas Ansah,de GER,MFFW,MF,Union Berlin,de Bundesliga,20,2004,21,1,0,0,21,43,9,19,4,9,0
129,Aaron Anselmino,ar ARG,DF,DF,Dortmund,de Bundesliga,20,2005,4.1,0,0,0,6,3,0,2,7,8,0
130,Aaron Anselmino,ar ARG,DF,DF,Strasbourg,fr Ligue 1,20,2005,0.2,0,0,0,0,0,0,0,1,0,0
131,Andrés Antañón,es ESP,FW,FW,Celta Vigo,es La Liga,18,2007,0.7,0,0,0,1,0,0,0,0,0,0
132,Jaidon Anthony,eng ENG,MF,MF,Burnley,eng Premier League,25,1999,30.2,4,0,0,27,47,9,80,16,21,0
133,Waldemar Anton,de GER,DF,DF,Dortmund,de Bundesliga,29,1996,32,3,0,0,26,16,0,12,33,42,0
134,Kyllian Antonio,fr FRA,DF,DF,Lens,fr Ligue 1,17,2008,2.1,1,0,0,1,4,0,2,5,4,0
135,Antoniu,es ESP,MF,MF,Espanyol,es La Liga,22,2002,3.2,2,0,0,10,8,0,6,2,4,0
136,Antony,br BRA,MFFW,MF,Real Betis,es La Liga,25,2000,27.2,6,1,0,20,44,2,66,22,23,0
137,Youssef El-Arabi,ma MAR,FW,FW,Nantes,fr Ligue 1,38,1987,10.5,0,0,0,22,23,10,2,4,9,0
138,Mauro Arambarri,uy URU,MF,MF,Getafe,es La Liga,29,1995,36.1,6,0,0,60,67,4,19,21,43,0
139,Jon Aramburu,ve VEN,DF,DF,Real Sociedad,es La Liga,23,2002,30.8,11,0,0,69,45,3,48,47,66,0
140,Juan Arango,ve VEN,MF,MF,Girona,es La Liga,19,2006,0.2,1,0,0,1,0,0,0,0,0,0
141,Ronald Araújo,uy URU,DF,DF,Barcelona,es La Liga,26,1999,11.9,2,0,0,17,3,0,6,10,15,0
142,Carlens Arcus,ht HAI,DF,DF,Angers,fr Ligue 1,29,1996,22.7,7,0,0,33,16,0,38,29,29,0
143,Antonio Arena,it ITA,FW,FW,Roma,it Serie A,16,2009,0.3,0,0,0,0,0,1,0,0,0,0
144,Alphonse Areola,fr FRA,GK,GK,West Ham,eng Premier League,32,1993,20,0,0,0,1,1,0,0,1,0,0
145,Jesús Areso,es ESP,DF,DF,Athletic Club,es La Liga,26,1999,16.7,3,0,0,19,7,1,86,20,16,0
146,Jeremy Arévalo,ec ECU,FW,FW,Stuttgart,de Bundesliga,20,2005,0.4,0,0,0,0,3,0,0,0,0,0
147,Paul Argney,fr FRA,GK,GK,Le Havre,fr Ligue 1,19,2006,1,0,0,0,0,0,0,0,0,0,0
148,Iñigo Arguibide,es ESP,DF,DF,Osasuna,es La Liga,20,2005,2.1,0,1,0,3,0,0,5,1,3,0
149,Jhon Arias,co COL,FWMF,FW,Wolves,eng Premier League,27,1997,12.5,1,0,0,26,9,3,30,7,27,0
150,Juan Arizala,co COL,MF,MF,Udinese,it Serie A,19,2005,2.1,0,0,0,1,1,0,6,1,3,0
151,Adam Armstrong,eng ENG,FWMF,FW,Wolves,eng Premier League,28,1997,12.7,3,0,0,12,3,5,5,1,4,0
152,Harrison Armstrong,eng ENG,MF,MF,Everton,eng Premier League,18,2007,5.9,0,0,0,6,15,2,3,4,10,0
153,Maximilian Arnold,de GER,MF,MF,Wolfsburg,de Bundesliga,31,1994,20.7,5,0,0,17,26,0,81,24,15,0
154,Tolu Arokodare,ng NGA,FW,FW,Wolves,eng Premier League,24,2000,15.8,1,0,0,18,17,6,0,5,4,0
155,Love Arrhov,se SWE,MF,MF,Frankfurt,de Bundesliga,17,2008,0.7,1,0,0,2,1,0,0,0,2,0
156,Kervin Arriaga,hn HON,MF,MF,Levante,es La Liga,27,1998,17,8,1,1,22,22,1,5,14,26,0
157,Kepa Arrizabalaga,es ESP,GK,GK,Arsenal,eng Premier League,30,1994,1,0,0,0,0,0,0,0,0,0,0
158,Arthur,br BRA,MF,MF,Leverkusen,de Bundesliga,22,2003,12.6,3,0,0,19,10,3,33,18,12,0
159,Takuma Asano,jp JPN,MFFW,MF,Mallorca,es La Liga,30,1994,7.4,2,0,0,9,10,8,14,1,10,0
160,Raúl Asencio,es ESP,DF,DF,Real Madrid,es La Liga,22,2003,19,4,0,0,17,23,0,1,10,12,0
161,Fisnik Asllani,xk KVX,FWMF,FW,Hoffenheim,de Bundesliga,22,2002,25.9,2,0,0,26,37,14,10,5,7,0
162,Kristjan Asllani,al ALB,MF,MF,Torino,it Serie A,23,2002,12.5,3,0,0,7,14,0,52,12,14,0
163,Joel Asoro,se SWE,FW,FW,Metz,fr Ligue 1,26,1999,2.5,0,0,0,2,1,2,1,0,0,0
164,Iago Aspas,es ESP,FWMF,FW,Celta Vigo,es La Liga,37,1987,12.7,4,0,0,5,17,0,24,12,11,0
165,Yaser Asprilla,co COL,FWMF,FW,Girona,es La Liga,21,2003,6.8,0,0,0,11,8,5,36,5,4,0
166,Lorenz Assignon,tg TOG,DFMF,DF,Stuttgart,de Bundesliga,25,2000,12.2,3,1,0,19,7,1,40,15,15,0
167,Dehmaine Assoumani,fr FRA,MF,MF,Nantes,fr Ligue 1,20,2005,14.2,5,0,0,23,20,0,88,16,18,0
168,Lander Astiazaran,es ESP,MF,MF,Real Sociedad,es La Liga,19,2006,0,0,0,0,0,0,0,0,1,0,0
169,Otavio Ataide,br BRA,DF,DF,Paris FC,fr Ligue 1,23,2002,21.1,6,1,0,24,33,1,6,27,29,0
170,Zachary Athekame,ch SUI,MFDF,MF,Milan,it Serie A,20,2004,9.3,3,0,0,16,12,2,46,4,8,0
171,Arthur Atta,fr FRA,MF,MF,Udinese,it Serie A,22,2003,28.4,3,0,0,23,32,8,56,23,17,0
172,Noah Atubolu,de GER,GK,GK,Freiburg,de Bundesliga,23,2002,34,1,0,0,0,6,0,0,1,0,0
173,Pierre-Emerick Aubameyang,ga GAB,FW,FW,Marseille,fr Ligue 1,36,1989,22.7,1,0,0,19,16,9,30,7,6,0
174,Emil Audero,id IDN,GK,GK,Cremonese,it Serie A,28,1997,34,0,0,0,0,6,0,0,0,0,0
175,Carlos Augusto,br BRA,MFDF,MF,Inter,it Serie A,26,1999,19.6,6,0,0,26,13,0,46,19,22,0
176,Yann Aurel Bisseck,de GER,DF,DF,Inter,it Serie A,24,2000,21.4,2,0,0,21,16,3,12,23,18,0
177,Leon Avdullahu,xk KVX,MF,MF,Hoffenheim,de Bundesliga,21,2004,31.5,5,0,0,27,12,1,15,33,30,0
178,Ezequiel Ávila,ar ARG,FW,FW,Real Betis,es La Liga,31,1994,4.2,3,0,0,6,8,2,14,5,3,0
179,Arthur Avom,cm CMR,MF,MF,Lorient,fr Ligue 1,20,2004,23.5,3,0,0,23,38,0,45,28,31,1
180,Chidozie Awaziem,ng NGA,DF,DF,Nantes,fr Ligue 1,28,1997,24.8,7,0,0,23,21,1,2,20,20,1
181,Taiwo Awoniyi,ng NGA,FW,FW,Nottingham,eng Premier League,27,1997,5.5,2,0,0,10,7,6,1,1,1,0
182,Yasin Ayari,se SWE,MF,MF,Brighton,eng Premier League,21,2003,21.4,1,0,0,24,28,0,24,26,25,0
183,Neil El Aynaoui,ma MAR,MF,MF,Roma,it Serie A,24,2001,11.1,5,0,0,23,10,2,17,18,10,0
184,Ilyas Azizi,fr FRA,FW,FW,Toulouse,fr Ligue 1,17,2008,0.3,0,0,0,0,0,0,2,0,1,0
185,César Azpilicueta,es ESP,DF,DF,Sevilla,es La Liga,35,1989,13.5,4,0,0,24,9,1,12,22,19,0
186,Oussama El Azzouzi,ma MAR,MFDF,MF,Auxerre,fr Ligue 1,24,2001,9,1,1,0,18,8,0,0,16,15,0
187,Mio Backhaus,de GER,GK,GK,Werder Bremen,de Bundesliga,21,2004,32,1,0,0,0,13,0,0,0,0,1
188,Loïc Bade,fr FRA,DF,DF,Leverkusen,de Bundesliga,25,2000,18.4,4,0,0,11,4,0,4,21,19,1
189,Benoît Badiashile,fr FRA,DF,DF,Chelsea,eng Premier League,24,2001,5.2,2,0,0,6,2,0,0,9,5,0
190,Álex Baena,es ESP,MFFW,MF,Atlético Madrid,es La Liga,24,2001,17.3,5,0,0,26,29,9,117,16,11,0
191,Samson Baidoo,at AUT,DF,DF,Lens,fr Ligue 1,21,2004,20.3,2,0,0,20,5,1,0,25,23,0
192,Leon Bailey,jm JAM,MF,MF,Aston Villa,eng Premier League,27,1997,5.1,1,0,0,6,5,1,19,4,6,0
193,Leon Bailey,jm JAM,FW,FW,Roma,it Serie A,27,1997,2.1,0,0,0,2,1,1,14,0,0,0
194,Eric Bailly,ci CIV,DF,DF,Oviedo,es La Liga,31,1994,13.7,3,0,0,13,7,0,1,17,10,0
195,Theo Bair,ca CAN,FW,FW,Auxerre,fr Ligue 1,25,1999,0.1,0,0,0,0,0,0,0,0,0,0
196,Cédric Bakambu,cd COD,FW,FW,Real Betis,es La Liga,34,1991,6.3,1,0,0,11,9,10,2,2,2,0
197,Johan Bakayoko,be BEL,FWMF,FW,RB Leipzig,de Bundesliga,22,2003,8.6,1,0,0,12,11,3,15,2,3,0
198,Mitchel Bakker,nl NED,DFMF,DF,Atalanta,it Serie A,25,2000,0.1,0,0,0,0,0,0,0,0,0,0
199,Darryl Bakola,fr FRA,MF,MF,Marseille,fr Ligue 1,17,2007,0.8,0,0,0,4,4,0,1,0,1,0
200,Darryl Bakola,fr FRA,MF,MF,Sassuolo,it Serie A,17,2007,1.4,0,0,0,2,3,0,3,1,1,0
201,Ridle Baku,de GER,DF,DF,RB Leipzig,de Bundesliga,27,1998,27.8,4,0,0,23,22,4,59,31,40,0
202,Dilane Bakwa,fr FRA,FWMF,FW,Strasbourg,fr Ligue 1,22,2002,1.2,0,0,0,0,4,0,8,1,1,0
203,Dilane Bakwa,fr FRA,MF,MF,Nottingham,eng Premier League,22,2002,6.1,1,0,0,9,14,0,38,0,3,0
204,Luís Balbo,ve VEN,DF,DF,Fiorentina,it Serie A,19,2006,2.4,0,0,0,2,6,0,5,1,5,0
205,Tommaso Baldanzi,it ITA,MF,MF,Genoa,it Serie A,22,2003,4.4,0,0,0,2,6,0,7,3,6,0
206,Tommaso Baldanzi,it ITA,FWMF,FW,Roma,it Serie A,22,2003,4.3,2,0,0,8,18,2,9,3,1,0
207,Alejandro Balde,es ESP,DF,DF,Barcelona,es La Liga,21,2003,20.8,2,0,0,14,25,4,25,6,21,0
208,Fabio Baldé,pt POR,FWMF,FW,Hamburger SV,de Bundesliga,20,2005,5,1,0,0,4,2,0,16,1,7,0
209,Carlos Baleba,cm CMR,MF,MF,Brighton,eng Premier League,21,2004,18.4,5,0,0,31,24,0,0,28,21,0
210,Leonardo Balerdi,ar ARG,DF,DF,Marseille,fr Ligue 1,26,1999,22.2,5,0,0,23,21,0,2,27,28,0
211,Daniel Ballard,nir NIR,DF,DF,Sunderland,eng Premier League,25,1999,23.9,4,1,0,29,29,3,1,20,17,0
212,Carlos Ballestero,es ESP,DF,DF,Alavés,es La Liga,21,2004,0,0,0,0,0,0,0,0,0,0,0
213,Iván Balliu,al ALB,DF,DF,Rayo Vallecano,es La Liga,33,1992,6.5,2,0,0,9,5,0,9,9,9,0
214,Fodé Ballo-Touré,sn SEN,DFMF,DF,Metz,fr Ligue 1,28,1997,9.3,2,0,0,13,18,1,16,5,16,0
215,Folarin Balogun,us USA,FW,FW,Monaco,fr Ligue 1,24,2001,24.8,4,1,0,44,37,17,14,4,6,0
216,Abdoulaye Bamba,ci CIV,DF,DF,Angers,fr Ligue 1,35,1990,2.8,1,0,0,3,5,0,1,6,6,0
217,Aladji Bamba,fr FRA,MF,MF,Monaco,fr Ligue 1,19,2006,9.1,2,0,0,23,18,0,4,8,20,0
218,Mohamed Bamba,ci CIV,FW,FW,Lorient,fr Ligue 1,23,2001,7.6,3,0,0,17,8,12,3,2,2,0
219,Lameck Banda,zm ZAM,MFFW,MF,Lecce,it Serie A,24,2001,19.5,6,1,0,44,49,3,90,7,17,0
220,Noahkai Banks,us USA,DF,DF,Augsburg,de Bundesliga,18,2006,19.2,8,0,0,29,18,3,4,18,29,0
221,Ezechiel Banzuzi,nl NED,MF,MF,RB Leipzig,de Bundesliga,20,2005,6.6,3,0,0,14,7,0,5,6,10,0
222,Tommaso Barbieri,it ITA,MF,MF,Cremonese,it Serie A,22,2002,19,8,0,0,40,26,1,78,14,26,0
223,Valentín Barco,ar ARG,MF,MF,Strasbourg,fr Ligue 1,21,2004,24.1,5,1,0,24,61,2,103,14,33,0
224,Bradley Barcola,fr FRA,FW,FW,PSG,fr Ligue 1,22,2002,19.4,2,0,0,20,10,6,26,12,16,0
225,Melvin Bard,fr FRA,DFMF,DF,Nice,fr Ligue 1,24,2000,26.6,4,0,0,26,27,3,77,41,29,0
226,Roony Bardghji,se SWE,MFFW,MF,Barcelona,es La Liga,19,2005,7.2,0,0,0,7,8,0,54,2,4,0
227,Nicolò Barella,it ITA,MF,MF,Inter,it Serie A,28,1997,28,7,0,0,33,22,4,102,9,31,0
228,Kike Barja,es ESP,MF,MF,Osasuna,es La Liga,28,1997,5,3,0,0,11,11,1,66,3,2,0
229,Ross Barkley,eng ENG,MF,MF,Aston Villa,eng Premier League,31,1993,9.5,1,0,0,9,8,0,0,2,11,0
230,Ashley Barnes,eng ENG,FWMF,FW,Burnley,eng Premier League,35,1989,0.5,2,0,0,2,2,2,0,0,0,0
231,Harvey Barnes,eng ENG,FWMF,FW,Newcastle,eng Premier League,27,1997,21.8,1,0,0,17,23,3,74,3,5,0
232,Ander Barrenetxea,es ESP,MF,MF,Real Sociedad,es La Liga,23,2001,19.6,5,0,0,37,30,5,72,17,18,0
233,Pablo Barrios,es ESP,MF,MF,Atlético Madrid,es La Liga,22,2003,18.5,0,0,0,12,23,0,30,26,16,0
234,Thierno Barry,fr FRA,FW,FW,Everton,eng Premier League,22,2002,21.3,3,0,0,46,8,13,4,5,4,0
235,Davide Bartesaghi,it ITA,MFDF,MF,Milan,it Serie A,19,2005,27.1,3,0,0,18,14,4,139,15,35,1
236,Marc Bartra,es ESP,DF,DF,Real Betis,es La Liga,34,1991,22,3,0,0,15,11,0,2,29,18,1
237,Federico Baschirotto,it ITA,DF,DF,Cremonese,it Serie A,28,1996,28.2,2,0,0,45,9,1,8,24,13,0
238,Toma Bašić,hr CRO,MF,MF,Lazio,it Serie A,28,1996,19.3,0,1,0,20,19,0,48,9,16,0
239,Calvin Bassey,ng NGA,DF,DF,Fulham,eng Premier League,25,1999,28.2,5,0,0,28,40,1,14,22,32,0
240,Alessandro Bastoni,it ITA,DF,DF,Inter,it Serie A,26,1999,24.9,6,0,0,45,20,0,85,21,39,0
241,Augusto Batalla,ar ARG,GK,GK,Rayo Vallecano,es La Liga,29,1996,34,6,0,0,1,4,0,0,0,1,0
242,Michy Batshuayi,be BEL,FW,FW,Frankfurt,de Bundesliga,31,1993,1.5,0,0,0,2,1,1,0,0,1,0
243,Martin Baturina,hr CRO,MFFW,MF,Como,it Serie A,22,2003,17.4,0,0,0,15,44,0,77,5,14,0
244,Daniel Batz,de GER,GK,GK,Mainz 05,de Bundesliga,34,1991,21,2,0,0,0,1,0,0,0,0,0
245,Elias Baum,de GER,DF,DF,Frankfurt,de Bundesliga,19,2005,0.8,0,0,0,3,0,0,4,1,0,0
246,Oliver Baumann,de GER,GK,GK,Hoffenheim,de Bundesliga,35,1990,34,3,0,0,1,6,0,0,1,0,0
247,Christoph Baumgartner,at AUT,MF,MF,RB Leipzig,de Bundesliga,25,1999,30.9,10,0,0,63,33,4,6,22,40,0
248,Altay Bayındır,tr TUR,GK,GK,Manchester Utd,eng Premier League,27,1998,6,0,0,0,0,3,0,0,0,0,0
249,Vakoun Bayo,ci CIV,FW,FW,Udinese,it Serie A,28,1997,5,0,0,0,15,6,5,1,0,1,0
250,Ihlas Bebou,tg TOG,FWMF,FW,Hoffenheim,de Bundesliga,31,1994,2.1,1,0,0,6,2,2,1,3,1,0
251,Samu Becerra,es ESP,MF,MF,Rayo Vallecano,es La Liga,19,2006,0.1,0,0,0,1,0,0,2,0,0,0
252,Adrian Beck,de GER,MF,MF,Heidenheim,de Bundesliga,28,1997,9.6,1,0,0,13,14,1,15,3,17,0
253,Sheraldo Becker,sr SUR,FWMF,FW,Osasuna,es La Liga,30,1995,1.8,0,0,0,4,1,1,11,3,1,0
254,Sheraldo Becker,sr SUR,FW,FW,Mainz 05,de Bundesliga,30,1995,10.5,2,0,0,13,8,10,31,3,0,0
255,Donny van de Beek,nl NED,MF,MF,Girona,es La Liga,28,1997,0.5,0,0,0,0,0,1,0,0,0,0
256,Tjaš Begić,si SVN,MF,MF,Parma,it Serie A,22,2003,0,0,0,0,0,0,0,0,0,0,0
257,Hannes Behrens,de GER,DFMF,DF,Heidenheim,de Bundesliga,20,2005,14.6,0,0,0,5,27,1,59,18,18,1
258,Maximilian Beier,de GER,MFFW,MF,Dortmund,de Bundesliga,22,2002,22.5,3,0,0,31,24,3,28,11,16,0
259,Luken Beitia,es ESP,DF,DF,Real Sociedad,es La Liga,21,2004,1.1,0,0,0,3,1,0,0,1,0,0
260,Ismael Bekhoucha,ma MAR,DF,DF,Getafe,es La Liga,20,2004,1.4,2,0,0,7,3,0,4,2,5,0
261,Reda Belahyane,ma MAR,MF,MF,Lazio,it Serie A,21,2004,6.8,1,1,0,11,3,0,1,3,8,0
262,Rayane Belaid,es ESP,MFFW,MF,Atlético Madrid,es La Liga,20,2005,1.5,0,0,0,1,1,1,1,0,0,0
263,Rafik Belghali,dz ALG,MF,MF,Hellas Verona,it Serie A,23,2002,21.3,6,0,0,20,10,6,60,17,13,0
264,Haris Belkebla,dz ALG,MF,MF,Angers,fr Ligue 1,31,1994,31.9,7,0,0,24,54,0,5,30,44,0
265,Yassin Belkhdim,fr FRA,MF,MF,Angers,fr Ligue 1,23,2002,23.7,5,0,0,29,29,2,42,32,43,0
266,Stefan Bell,de GER,DF,DF,Mainz 05,de Bundesliga,33,1991,11.5,4,0,0,15,8,1,1,19,6,0
267,Armel Bella Kotchap,de GER,DF,DF,Hellas Verona,it Serie A,23,2001,15,3,0,0,22,17,0,1,29,12,0
268,Raoul Bellanova,it ITA,MF,MF,Atalanta,it Serie A,25,2000,15.3,2,0,0,5,12,2,84,10,9,0
269,Jean-Ricner Bellegarde,ht HAI,MFFW,MF,Wolves,eng Premier League,27,1998,13.9,5,0,0,20,41,0,25,9,15,0
270,Héctor Bellerín,es ESP,DF,DF,Real Betis,es La Liga,30,1995,20.2,2,0,0,15,4,2,29,14,16,0
271,Jobe Bellingham,eng ENG,MF,MF,Dortmund,de Bundesliga,19,2005,19.8,2,1,0,15,20,0,5,41,23,0
272,Jude Bellingham,eng ENG,MF,MF,Real Madrid,es La Liga,22,2003,21.3,3,0,0,33,55,4,16,14,37,0
273,Jeanuël Belocian,fr FRA,DF,DF,Wolfsburg,de Bundesliga,20,2005,13.9,3,0,0,18,8,0,4,16,17,0
274,Jeanuël Belocian,fr FRA,DF,DF,Leverkusen,de Bundesliga,20,2005,3.2,0,0,0,5,5,0,4,2,2,0
275,Andrea Belotti,it ITA,FW,FW,Cagliari,it Serie A,31,1993,2.5,0,0,0,3,10,4,1,4,1,0
276,Fran Beltrán,es ESP,MF,MF,Girona,es La Liga,26,1999,11.2,3,0,0,10,9,0,8,11,14,0
277,Fran Beltrán,es ESP,MF,MF,Celta Vigo,es La Liga,26,1999,5.9,0,0,0,10,3,0,2,8,5,0
278,Lucas Beltrán,ar ARG,FW,FW,Valencia,es La Liga,24,2001,15.2,1,0,0,26,39,4,10,4,10,0
279,Eliesse Ben Seghir,ma MAR,MF,MF,Leverkusen,de Bundesliga,20,2005,2.8,2,0,0,3,10,0,9,1,2,0
280,Eliesse Ben Seghir,ma MAR,MF,MF,Monaco,fr Ligue 1,20,2005,0.5,0,0,0,1,1,0,1,0,0,0
281,Carlos Benavídez,uy URU,DF,DF,Alavés,es La Liga,27,1998,3.6,2,1,1,8,2,0,1,3,6,0
282,Adrian Benedyczak,pl POL,FW,FW,Parma,it Serie A,24,2000,5.4,1,0,0,9,6,1,10,1,6,0
283,Yassine Benhattab,fr FRA,MFFW,MF,Nantes,fr Ligue 1,22,2002,5.3,0,0,0,3,3,1,25,0,6,0
284,Walter Benítez,ar ARG,GK,GK,Crystal Palace,eng Premier League,32,1993,1,0,0,0,0,0,0,0,0,0,0
285,Iker Benito,es ESP,MF,MF,Osasuna,es La Liga,22,2002,1.8,1,0,0,3,3,0,5,2,0,0
286,Mohamed Benoit Dao,fr FRA,FW,FW,Paris FC,fr Ligue 1,18,2007,0,0,0,0,0,0,0,1,0,0,0
287,Ramy Bensebaini,dz ALG,DF,DF,Dortmund,de Bundesliga,30,1995,17,6,0,0,31,16,1,11,18,14,0
288,Nabil Bentaleb,dz ALG,MF,MF,Lille,fr Ligue 1,30,1994,14.3,3,0,0,14,18,0,24,15,12,0
289,Rodrigo Bentancur,uy URU,MF,MF,Tottenham,eng Premier League,28,1997,20.9,7,0,0,19,8,1,7,36,36,0
290,Daniel Bentley,eng ENG,GK,GK,Wolves,eng Premier League,32,1993,3,0,0,0,0,2,0,0,0,0,0
291,Lucas Beraldo,br BRA,DFMF,DF,PSG,fr Ligue 1,21,2003,17.4,2,0,0,15,7,0,2,18,21,0
292,Domenico Berardi,it ITA,FW,FW,Sassuolo,it Serie A,30,1994,21.8,2,1,0,31,34,12,58,24,17,0
293,Yuri Berchiche,es ESP,DF,DF,Athletic Club,es La Liga,35,1990,30.1,5,0,0,26,34,3,64,34,29,0
294,Álex Berenguer,es ESP,MF,MF,Athletic Club,es La Liga,30,1995,23.9,4,0,0,28,38,6,199,13,17,1
295,Sander Berge,no NOR,MF,MF,Fulham,eng Premier League,27,1998,32.3,5,0,0,35,14,1,13,26,41,1
296,Lucas Bergström,fi FIN,GK,GK,Mallorca,es La Liga,22,2002,5,1,0,0,0,0,0,0,0,0,0
297,Lucas Bergvall,se SWE,MF,MF,Tottenham,eng Premier League,19,2006,10.7,2,0,0,24,7,3,19,3,14,0
298,Medon Berisha,al ALB,MF,MF,Lecce,it Serie A,21,2003,9.7,0,0,0,11,10,1,58,5,12,0
299,Anthony Bermont,fr FRA,FW,FW,Lens,fr Ligue 1,20,2005,1.2,0,0,0,2,0,0,11,3,1,0
300,Adrian Bernabe,es ESP,MF,MF,Parma,it Serie A,24,2001,27.4,0,0,0,15,61,1,81,17,23,0
301,Marc Bernal,es ESP,MF,MF,Barcelona,es La Liga,18,2007,8.8,4,0,0,15,11,0,1,12,19,0
302,Gabin Bernardeau,fr FRA,MF,MF,Nice,fr Ligue 1,19,2006,1.1,0,0,0,1,3,1,5,0,4,0
303,Federico Bernardeschi,it ITA,MFFW,MF,Bologna,it Serie A,31,1994,13.5,3,0,0,13,11,2,48,6,6,0
304,Bernardo,br BRA,DF,DF,Hoffenheim,de Bundesliga,30,1995,25.7,9,0,0,42,11,2,16,39,42,0
305,Lorenzo Bernasconi,it ITA,MF,MF,Atalanta,it Serie A,21,2003,17.5,3,0,0,8,5,3,113,14,16,0
306,Antoine Bernede,fr FRA,MF,MF,Hellas Verona,it Serie A,26,1999,25.6,2,0,0,55,20,1,25,16,39,0
307,Nicolò Bertola,it ITA,DFMF,DF,Udinese,it Serie A,22,2003,19.6,3,0,0,19,12,1,8,24,21,0
308,Jan-Niklas Beste,de GER,MF,MF,Freiburg,de Bundesliga,26,1999,18.9,5,0,0,17,36,5,106,17,24,0
309,Beto,gw GNB,FW,FW,Everton,eng Premier League,27,1998,17.4,3,0,0,32,12,9,2,1,5,0
310,Brando Bettazzi,it ITA,MF,MF,Pisa,it Serie A,17,2007,0.2,0,0,0,1,1,0,0,0,1,0
311,Sam Beukema,nl NED,DF,DF,Napoli,it Serie A,26,1998,18.7,2,0,0,19,5,1,6,14,17,0
312,Matteo Bianchetti,it ITA,DF,DF,Cremonese,it Serie A,32,1993,24.4,4,0,0,28,15,0,6,19,30,0
313,Mika Biereth,dk DEN,FW,FW,Monaco,fr Ligue 1,22,2003,11.9,0,0,0,16,14,9,9,0,7,0
314,Pedro Bigas,es ESP,DF,DF,Elche,es La Liga,34,1990,22.9,5,1,1,24,19,0,26,30,22,0
315,Justin Bijlow,nl NED,GK,GK,Genoa,it Serie A,27,1998,15.5,1,0,0,1,1,0,0,0,0,0
316,Jaka Bijol,si SVN,DF,DF,Leeds United,eng Premier League,26,1999,21,4,0,0,19,10,0,1,22,13,0
317,Cristiano Biraghi,it ITA,MFDF,MF,Torino,it Serie A,32,1992,5.7,0,0,0,9,6,0,45,3,7,0
318,Veljko Birmančević,rs SRB,FW,FW,Getafe,es La Liga,27,1998,1.6,0,0,0,3,3,3,2,2,0,0
319,Tom Bischof,de GER,DFMF,DF,Bayern Munich,de Bundesliga,20,2005,14.5,2,0,0,15,9,1,26,15,18,0
320,Yves Bissouma,ml MLI,MF,MF,Tottenham,eng Premier League,28,1996,6.7,4,0,0,8,6,0,1,8,11,0
321,Leonardo Bittencourt,de GER,MF,MF,Werder Bremen,de Bundesliga,31,1993,6.8,5,0,0,7,11,0,4,8,10,0
322,Emmanuel Biumla,fr FRA,DF,DF,Angers,fr Ligue 1,20,2005,4.3,0,0,0,8,6,0,1,2,5,0
323,Marco Bizot,nl NED,GK,GK,Aston Villa,eng Premier League,34,1991,6.5,2,0,0,1,1,0,0,0,0,0
324,Antonio Blanco,es ESP,MF,MF,Alavés,es La Liga,25,2000,34.6,9,0,0,71,43,2,30,51,49,0
325,Ludovic Blas,fr FRA,MFFW,MF,Rennes,fr Ligue 1,27,1997,17.2,1,0,0,24,27,5,93,15,10,0
326,Janis Blaswich,de GER,GK,GK,Leverkusen,de Bundesliga,34,1991,10.3,1,0,0,0,0,0,0,0,0,0
327,Daley Blind,nl NED,DF,DF,Girona,es La Liga,35,1990,29,1,0,0,19,20,0,13,38,34,0
328,Adam Boayar,ma MAR,MF,MF,Elche,es La Liga,19,2005,1.2,0,0,0,0,1,1,2,1,2,0
329,Oscar Bobb,no NOR,MFFW,MF,Manchester City,eng Premier League,22,2003,5.2,1,0,0,5,9,0,5,3,5,0
330,Oscar Bobb,no NOR,MF,MF,Fulham,eng Premier League,22,2003,6.3,0,0,0,4,8,0,9,6,7,0
331,Ben Bobzien,de GER,FWMF,FW,Mainz 05,de Bundesliga,22,2003,0.1,0,0,0,0,0,0,1,0,2,0
332,Arnaud Bodart,be BEL,GK,GK,Lille,fr Ligue 1,27,1998,2.5,0,0,0,1,0,0,0,0,0,0
333,Sacha Boey,fr FRA,DF,DF,Bayern Munich,de Bundesliga,24,2000,5.1,1,0,0,10,8,0,6,7,4,0
334,Jeremie Boga,ci CIV,MFFW,MF,Nice,fr Ligue 1,28,1997,7.2,0,0,0,2,11,0,12,3,5,0
335,Jeremie Boga,ci CIV,MFFW,MF,Juventus,it Serie A,28,1997,7.5,1,0,0,3,7,1,30,2,3,0
336,Lamare Bogarde,nl NED,MFDF,MF,Aston Villa,eng Premier League,21,2004,11.7,5,0,0,17,20,0,2,4,19,0
337,Jayden Bogle,eng ENG,MFDF,MF,Leeds United,eng Premier League,25,2000,31,6,0,0,39,29,10,67,30,43,0
338,Dmytro Bohdanov,ua UKR,MF,MF,Union Berlin,de Bundesliga,18,2007,0.1,0,0,0,0,0,0,0,0,0,0
339,Adama Boiro,es ESP,DF,DF,Athletic Club,es La Liga,23,2002,9.1,1,0,0,6,11,0,24,18,11,0
340,Morgan Bokelé Mputu,cm CMR,MF,MF,Metz,fr Ligue 1,21,2004,2.5,0,0,0,2,8,0,5,1,4,0
341,Hugo Bolin,se SWE,MFFW,MF,Gladbach,de Bundesliga,22,2003,6.1,0,0,0,2,12,1,17,1,2,0
342,Daniel Boloca,ro ROU,MF,MF,Sassuolo,it Serie A,26,1998,1.5,0,0,0,0,1,0,1,2,2,0
343,Moïse Bombito,ca CAN,DF,DF,Nice,fr Ligue 1,25,2000,1.6,1,0,0,3,1,0,0,2,1,0
344,Javier Boñar,es ESP,DF,DF,Atlético Madrid,es La Liga,20,2005,3.3,0,0,0,2,2,0,3,0,3,0
345,Federico Bonazzoli,it ITA,FW,FW,Cremonese,it Serie A,28,1997,27.9,4,0,0,26,80,4,26,12,16,0
346,Warren Bondo,fr FRA,MF,MF,Cremonese,it Serie A,21,2003,19.6,5,0,0,39,33,0,3,9,16,0
347,Giovanni Bonfanti,it ITA,DFMF,DF,Pisa,it Serie A,22,2003,5.5,1,0,0,10,3,0,12,7,6,0
348,Victor Boniface,ng NGA,FW,FW,Werder Bremen,de Bundesliga,24,2000,3.7,1,0,0,1,6,3,2,0,1,0
349,Rahim Bonkano,ne NIG,DF,DF,Oviedo,es La Liga,23,2002,19,2,0,0,10,8,9,68,29,19,0
350,Ange-Yoan Bonny,ci CIV,FW,FW,Inter,it Serie A,21,2003,12.7,1,0,0,17,24,9,6,1,9,0
351,Thiago Borbas,uy URU,FW,FW,Oviedo,es La Liga,23,2002,2,1,0,0,7,3,4,0,0,1,0
352,Sebastiaan Bornauw,be BEL,DF,DF,Leeds United,eng Premier League,26,1999,4.8,1,0,0,7,0,1,1,7,4,0
353,Gennaro Borrelli,it ITA,FW,FW,Cagliari,it Serie A,25,2000,14.2,4,0,0,43,49,5,2,3,6,0
354,Olivier Boscagli,fr FRA,DF,DF,Brighton,eng Premier League,27,1997,8.9,2,0,0,7,10,0,15,16,11,0
355,Sebastián Boselli,uy URU,DF,DF,Getafe,es La Liga,21,2003,4.2,4,0,0,6,0,0,8,0,13,0
356,Jean-Baptiste Bosey,fr FRA,FW,FW,Strasbourg,fr Ligue 1,17,2008,0,0,0,0,1,0,0,0,0,0,0
357,Sven Botman,nl NED,DF,DF,Newcastle,eng Premier League,25,2000,20.4,2,0,0,13,19,1,2,25,14,1
358,Ayyoub Bouaddi,ma MAR,MF,MF,Lille,fr Ligue 1,17,2007,25.8,7,1,0,37,24,0,20,27,40,0
359,Badredine Bouanani,dz ALG,MF,MF,Nice,fr Ligue 1,20,2004,1,0,0,0,0,2,0,5,1,0,0
360,Badredine Bouanani,dz ALG,MF,MF,Stuttgart,de Bundesliga,20,2004,5.1,1,0,0,1,6,1,26,4,3,0
361,Kaïl Boudache,fr FRA,MFFW,MF,Nice,fr Ligue 1,19,2006,5.9,1,0,0,5,4,0,8,6,9,0
362,Hicham Boudaoui,dz ALG,MF,MF,Nice,fr Ligue 1,25,1999,18.8,5,0,0,19,40,2,19,18,16,0
363,Sofiane Boufal,ma MAR,MFFW,MF,Le Havre,fr Ligue 1,31,1993,11.3,2,0,0,24,32,6,59,3,17,0
364,Justin Bourgault,fr FRA,FW,FW,Brest,fr Ligue 1,19,2005,0.2,0,0,0,0,0,0,0,1,0,0
365,Jarrod Bowen,eng ENG,MFFW,MF,West Ham,eng Premier League,28,1996,37.8,4,0,0,19,49,17,148,27,28,0
366,Kieron Bowie,sct SCO,FW,FW,Hellas Verona,it Serie A,22,2002,13.3,1,0,0,34,27,3,6,0,3,0
367,Lucas Boyé,ar ARG,FW,FW,Alavés,es La Liga,29,1996,21.8,4,1,1,58,39,10,10,7,25,0
368,Enzo Boyomo,cm CMR,DF,DF,Osasuna,es La Liga,23,2001,28.2,7,0,0,33,5,0,10,17,36,0
369,Rosen Bozhinov,bg BUL,DF,DF,Pisa,it Serie A,20,2005,6.8,3,1,1,12,1,2,3,12,5,0
370,Domagoj Bradarić,hr CRO,MF,MF,Hellas Verona,it Serie A,25,1999,21.8,2,0,0,8,10,2,108,9,20,0
371,Conor Bradley,nir NIR,DF,DF,Liverpool,eng Premier League,22,2003,10.3,5,0,0,18,20,1,23,12,15,0
372,Bilal Brahimi,dz ALG,FWMF,FW,Nice,fr Ligue 1,25,2000,0,0,0,0,0,0,0,2,0,0,0
373,Julian Brandt,de GER,MFFW,MF,Dortmund,de Bundesliga,29,1996,17.8,0,0,0,8,5,7,25,5,8,0
374,Jarrad Branthwaite,eng ENG,DF,DF,Everton,eng Premier League,23,2002,7.6,1,0,0,3,1,1,3,11,6,0
375,Riccardo Braschi,it ITA,FW,FW,Fiorentina,it Serie A,18,2006,1.2,0,0,0,0,0,1,1,0,0,0
376,Lilian Brassier,fr FRA,DF,DF,Rennes,fr Ligue 1,25,1999,25,2,0,0,27,21,0,23,38,13,0
377,Iker Bravo,es ESP,FW,FW,Udinese,it Serie A,20,2005,2.3,1,0,0,3,1,0,4,0,1,0
378,Josip Brekalo,hr CRO,MFFW,MF,Oviedo,es La Liga,27,1998,5.4,1,0,0,7,6,0,26,2,7,0
379,Gleison Bremer,br BRA,DF,DF,Juventus,it Serie A,28,1997,24.1,5,0,0,21,10,0,1,30,14,0
380,Marco Brescianini,it ITA,MF,MF,Fiorentina,it Serie A,25,2000,9.6,1,0,0,13,9,0,11,1,2,0
381,Marco Brescianini,it ITA,MF,MF,Atalanta,it Serie A,25,2000,2,1,0,0,4,2,0,6,2,8,0
382,Abel Bretones,es ESP,MFDF,MF,Osasuna,es La Liga,24,2000,18,5,1,0,16,19,1,34,16,12,0
383,Sascha Britschgi,ch SUI,MFDF,MF,Parma,it Serie A,18,2006,23.3,7,1,1,18,23,0,48,8,18,0
384,Brian Brobbey,nl NED,FW,FW,Sunderland,eng Premier League,23,2002,21.4,6,0,0,33,37,8,2,0,2,0
385,Marius Broholm,no NOR,MF,MF,Lille,fr Ligue 1,20,2004,3.1,0,0,0,4,8,0,14,2,6,0
386,Armando Broja,al ALB,FW,FW,Burnley,eng Premier League,23,2001,9.6,0,0,0,14,16,6,3,3,3,0
387,David Brooks,wls WAL,MF,MF,Bournemouth,eng Premier League,28,1997,13.4,7,0,0,11,13,2,59,4,13,0
388,Nathaniel Brown,de GER,MFDF,MF,Frankfurt,de Bundesliga,22,2003,29.5,3,0,0,27,33,1,45,25,57,0
389,Brugui,es ESP,MFFW,MF,Levante,es La Liga,28,1996,11.2,1,1,0,11,8,6,11,4,6,0
390,Paris Brunner,de GER,FW,FW,Monaco,fr Ligue 1,19,2006,1.5,1,0,0,8,1,1,1,1,2,0
391,Jacob Bruun Larsen,dk DEN,MFFW,MF,Burnley,eng Premier League,26,1998,11.4,0,0,0,1,0,4,42,6,3,0
392,Tajon Buchanan,ca CAN,MF,MF,Villarreal,es La Liga,26,1999,20.2,8,0,0,18,36,8,33,22,19,0
393,Ante Budimir,hr CRO,FW,FW,Osasuna,es La Liga,34,1991,32.6,3,0,0,52,36,22,4,6,16,0
394,Emi Buendía,ar ARG,MF,MF,Aston Villa,eng Premier League,28,1996,19.5,6,0,0,41,45,1,10,13,27,0
395,Hugo Bueno,es ESP,MFDF,MF,Wolves,eng Premier League,22,2002,26.3,3,0,0,17,24,3,166,33,35,0
396,Manu Bueno,es ESP,MF,MF,Sevilla,es La Liga,21,2004,3,2,0,0,4,3,0,2,0,1,0
397,Santiago Bueno,uy URU,DF,DF,Wolves,eng Premier League,26,1998,28.4,4,0,0,29,11,2,6,27,30,0
398,Louis Buffon,cz CZE,FW,FW,Pisa,it Serie A,17,2007,0.4,0,0,0,1,1,0,0,0,0,0
399,Adam Buksa,pl POL,FW,FW,Udinese,it Serie A,29,1996,10.2,3,0,0,24,15,3,1,3,8,0
400,Andrija Bulatović,me MNE,MF,MF,Lens,fr Ligue 1,18,2006,8.5,2,0,0,19,20,0,56,8,21,0
401,Marius Bülter,de GER,FWMF,FW,Köln,de Bundesliga,32,1993,17.7,3,0,0,17,25,6,62,8,5,0
402,Facundo Buonanotte,ar ARG,MF,MF,Leeds United,eng Premier League,20,2004,0.4,1,0,0,1,0,0,2,1,0,0
403,Facundo Buonanotte,ar ARG,MF,MF,Chelsea,eng Premier League,20,2004,0.5,0,0,0,0,0,0,0,0,0,0
404,Alessandro Buongiorno,it ITA,DF,DF,Napoli,it Serie A,26,1999,28,3,0,0,50,26,1,6,40,22,0
405,Livan Burcu,tr TUR,MFFW,MF,Union Berlin,de Bundesliga,20,2004,7.2,4,0,0,6,14,1,15,2,7,0
406,Jan Bürger,de GER,MFDF,MF,Wolfsburg,de Bundesliga,18,2007,2.7,0,0,0,4,5,0,6,0,3,0
407,Wouter Burger,nl NED,MF,MF,Hoffenheim,de Bundesliga,24,2001,27,7,1,0,57,12,1,89,19,42,0
408,Jonathan Burkardt,de GER,FW,FW,Frankfurt,de Bundesliga,25,2000,14.8,1,0,0,12,15,2,5,1,4,0
409,Oliver Burke,sct SCO,FWMF,FW,Union Berlin,de Bundesliga,28,1997,18.5,4,0,0,10,8,8,39,4,7,0
410,Vincent Burlet,be BEL,DF,DF,Lille,fr Ligue 1,19,2005,0.2,0,0,0,0,0,0,1,0,0,0
411,Dan Burn,eng ENG,DF,DF,Newcastle,eng Premier League,33,1992,24.4,11,1,1,36,13,3,14,20,26,0
412,Bradley Burrowes,eng ENG,MF,MF,Aston Villa,eng Premier League,17,2008,0.2,0,0,0,0,1,0,3,0,0,0
413,Marnon Busch,de GER,DFMF,DF,Heidenheim,de Bundesliga,30,1994,21.3,4,0,0,18,8,1,61,34,24,0
414,Aurélio Buta,pt POR,DF,DF,Frankfurt,de Bundesliga,28,1997,1.6,1,0,0,3,2,0,2,0,5,0
415,Jean Butez,fr FRA,GK,GK,Como,it Serie A,30,1995,38,3,0,0,0,9,0,0,0,2,0
416,Jun'ai Byfield,eng ENG,DF,DF,Tottenham,eng Premier League,16,2008,0,0,0,0,0,0,0,0,0,0,0
417,Sam Byram,eng ENG,DFMF,DF,Leeds United,eng Premier League,31,1993,0.1,0,0,0,1,0,1,0,0,1,0
418,William Bøving,dk DEN,MF,MF,Mainz 05,de Bundesliga,22,2003,2.5,1,0,0,2,2,0,8,0,2,0
419,Pau Cabanes,es ESP,FW,FW,Villarreal,es La Liga,20,2005,0.2,0,0,0,0,0,0,0,0,0,0
420,Rémy Cabella,fr FRA,MFFW,MF,Nantes,fr Ligue 1,35,1990,6.4,1,0,0,7,11,2,37,6,7,0
421,Jorge Cabello,es ESP,DF,DF,Levante,es La Liga,21,2004,4,1,0,0,3,3,0,0,0,3,0
422,Pape Cabral,fr FRA,MF,MF,Monaco,fr Ligue 1,18,2007,0.9,0,0,0,1,1,0,0,1,1,0
423,Leandro Cabrera,uy URU,DF,DF,Espanyol,es La Liga,34,1991,37,4,0,0,38,9,1,20,23,23,0
424,Anthony Caci,fr FRA,MF,MF,Mainz 05,de Bundesliga,28,1997,5.8,3,0,0,9,3,1,42,3,10,0
425,Noah Cadiou,gp GLP,MF,MF,Lorient,fr Ligue 1,26,1998,20.9,2,0,0,27,13,0,3,24,16,0
426,Mathieu Cafaro,fr FRA,FW,FW,Paris FC,fr Ligue 1,28,1997,1.7,0,0,0,2,4,2,7,0,0,0
427,Moisés Caicedo,ec ECU,MF,MF,Chelsea,eng Premier League,23,2001,31.1,11,1,0,54,55,0,8,59,47,0
428,Tom Cairney,sct SCO,MF,MF,Fulham,eng Premier League,34,1991,8.6,3,0,0,10,11,0,6,4,4,0
429,Arturo Calabresi,it ITA,DF,DF,Pisa,it Serie A,29,1996,16.8,8,0,0,33,25,1,17,19,13,0
430,Riccardo Calafiori,it ITA,DF,DF,Arsenal,eng Premier League,23,2002,18.9,5,0,0,26,10,4,21,13,19,0
431,Miguel Calatayud,es ESP,DF,DF,Mallorca,es La Liga,19,2006,0.5,0,0,0,2,0,0,1,0,0,0
432,Calebe,br BRA,MF,MF,Alavés,es La Liga,25,2000,8.4,2,0,0,18,19,0,16,9,14,0
433,Fernando Calero,es ESP,DF,DF,Espanyol,es La Liga,29,1995,23.9,5,0,0,15,9,0,2,31,18,0
434,Duje Ćaleta-Car,hr CRO,DF,DF,Real Sociedad,es La Liga,28,1996,23.9,6,1,0,30,8,1,1,29,14,1
435,Hakan Çalhanoğlu,tr TUR,MF,MF,Inter,it Serie A,31,1994,18.2,7,0,0,28,11,0,86,19,17,0
436,Dominic Calvert-Lewin,eng ENG,FW,FW,Leeds United,eng Premier League,28,1997,30.2,3,0,0,45,37,26,9,5,4,0
437,Dani Calvo,es ESP,DF,DF,Oviedo,es La Liga,31,1994,17.9,3,0,0,11,6,1,1,10,15,0
438,Abdoulaye Camara,fr FRA,MF,MF,Udinese,it Serie A,16,2008,0.1,0,0,0,0,0,0,2,0,0,0
439,Adama Camara,fr FRA,MFDF,MF,Paris FC,fr Ligue 1,28,1996,24,8,0,0,26,18,0,14,38,30,0
440,Amady Camara,ml MLI,FW,FW,Nantes,fr Ligue 1,20,2005,1.9,0,0,0,3,2,0,17,1,3,0
441,Dawda Camara,mr MTN,FW,FW,Girona,es La Liga,22,2002,0.8,0,0,0,2,0,0,0,1,0,0
442,Lamine Camara,sn SEN,MF,MF,Monaco,fr Ligue 1,21,2004,20.5,6,0,0,28,48,0,101,38,33,0
443,Mahdi Camara,fr FRA,MF,MF,Rennes,fr Ligue 1,27,1998,29.5,5,1,0,39,28,4,28,27,33,0
444,Ousmane Camara,ml MLI,DF,DF,Angers,fr Ligue 1,22,2003,30.2,4,0,0,22,7,1,3,34,29,0
445,Francesco Camarda,it ITA,FW,FW,Lecce,it Serie A,17,2008,7.6,1,0,0,12,4,2,1,0,1,0
446,Eduardo Camavinga,fr FRA,MF,MF,Real Madrid,es La Liga,22,2002,17,2,0,0,34,31,2,2,15,37,0
447,Nicolò Cambiaghi,it ITA,MFFW,MF,Bologna,it Serie A,24,2000,16.9,3,1,0,32,71,5,63,9,20,0
448,Andrea Cambiaso,it ITA,MFDF,MF,Juventus,it Serie A,25,2000,30.8,3,1,0,29,21,2,123,20,39,2
449,Axel Camblan,fr FRA,FW,FW,Brest,fr Ligue 1,21,2003,0.1,0,0,0,0,0,0,0,0,0,0
450,Sergio Camello,es ESP,FWMF,FW,Rayo Vallecano,es La Liga,24,2001,9.1,3,1,0,8,14,2,3,4,8,0
451,Cole Campbell,us USA,FW,FW,Hoffenheim,de Bundesliga,19,2006,0.9,0,0,0,0,1,0,4,0,0,0
452,Cole Campbell,us USA,FW,FW,Dortmund,de Bundesliga,19,2006,0.2,0,0,0,0,0,0,1,0,0,0
453,Emre Can,de GER,DF,DF,Dortmund,de Bundesliga,31,1994,6.9,3,0,0,10,10,0,2,13,8,0
454,Matteo Cancellieri,it ITA,FW,FW,Lazio,it Serie A,23,2002,19.2,6,0,0,39,67,3,21,24,28,0
455,João Cancelo,pt POR,DF,DF,Barcelona,es La Liga,31,1994,10.6,1,0,0,11,14,4,31,11,19,0
456,Fali Candé,gw GNB,DF,DF,Sassuolo,it Serie A,27,1998,5.7,2,0,0,9,6,0,4,2,9,0
457,Simone Canestrelli,it ITA,DF,DF,Pisa,it Serie A,24,2000,35.6,4,0,0,42,22,1,12,33,25,0
458,Jaydee Canvot,fr FRA,MFDF,MF,Toulouse,fr Ligue 1,19,2006,2,1,0,0,1,0,0,0,0,1,0
459,Jaydee Canvot,fr FRA,DF,DF,Crystal Palace,eng Premier League,19,2006,14.8,3,0,0,12,7,0,5,12,22,0
460,Nicolás Capaldo,ar ARG,DFMF,DF,Hamburger SV,de Bundesliga,26,1998,22.2,10,0,0,31,46,2,21,35,46,0
461,Pierrick Capelle,fr FRA,MF,MF,Angers,fr Ligue 1,38,1987,7.2,2,0,0,15,11,0,12,7,13,0
462,Elia Caprile,it ITA,GK,GK,Cagliari,it Serie A,23,2001,38,2,0,0,0,8,0,0,0,0,0
463,Maxence Caqueret,fr FRA,MF,MF,Como,it Serie A,25,2000,16.5,3,0,0,26,23,2,36,14,23,0
464,Antonio Caracciolo,it ITA,DF,DF,Pisa,it Serie A,35,1990,34.1,10,0,0,41,11,2,3,57,44,1
465,Filippo Carbone,it ITA,MF,MF,Genoa,it Serie A,18,2006,0.1,0,0,0,0,1,0,0,0,3,0
466,Franco Carboni,it ITA,MF,MF,Parma,it Serie A,22,2003,1.3,0,0,0,3,0,0,3,2,1,0
467,Valentin Carboni,ar ARG,MF,MF,Genoa,it Serie A,20,2005,4,2,0,0,11,5,0,7,2,8,0
468,Dani Cárdenas,es ESP,GK,GK,Rayo Vallecano,es La Liga,28,1997,4,0,0,0,0,0,0,0,0,1,0
469,Alessandro Cardinali,it ITA,FW,FW,Parma,it Serie A,19,2006,0.5,0,0,0,0,0,0,1,0,0,0
470,Rio Cardines,tt TRI,MF,MF,Crystal Palace,eng Premier League,19,2006,1,0,0,0,0,1,0,3,0,1,0
471,Sergi Cardona,es ESP,DF,DF,Villarreal,es La Liga,26,1999,21.9,4,0,0,28,23,1,75,37,31,0
472,Fábio Cardoso,pt POR,DF,DF,Sevilla,es La Liga,31,1994,3.3,0,0,0,9,1,0,0,4,3,0
473,Johnny Cardoso,us USA,MF,MF,Atlético Madrid,es La Liga,23,2001,9.9,5,0,0,23,14,0,3,16,21,0
474,Maycon Cardozo,br BRA,MF,MF,Bayern Munich,de Bundesliga,16,2008,0.4,0,0,0,0,2,0,1,0,0,0
475,Igor Carioca,br BRA,DF,DF,Lorient,fr Ligue 1,28,1996,13.5,1,0,0,9,18,1,21,13,19,0
476,Patrik Carlgren,se SWE,GK,GK,Nantes,fr Ligue 1,33,1992,2,0,0,0,0,1,0,0,0,0,0
477,Diego Carlos,br BRA,DF,DF,Como,it Serie A,32,1993,21.7,8,0,0,39,7,2,2,22,18,0
478,Kevin Carlos,es ESP,FW,FW,Nice,fr Ligue 1,24,2001,9.8,3,0,0,29,16,5,3,1,1,0
479,David Carmo,ao ANG,DF,DF,Oviedo,es La Liga,26,1999,19.8,8,1,1,20,4,0,2,21,18,0
480,Carmona,es ESP,DFMF,DF,Sevilla,es La Liga,23,2002,28.5,13,0,0,49,44,3,48,45,40,0
481,Marco Carnesecchi,it ITA,GK,GK,Atalanta,it Serie A,25,2000,37,0,0,0,1,6,0,1,0,0,0
482,Sergio Carreira,es ESP,MF,MF,Celta Vigo,es La Liga,24,2000,29.9,2,0,0,20,36,2,32,27,18,0
483,Gorka Carrera,es ESP,FW,FW,Real Sociedad,es La Liga,20,2005,0.7,1,0,0,2,2,0,0,1,0,0
484,Álvaro Carreras,es ESP,DF,DF,Real Madrid,es La Liga,22,2003,25.9,5,1,0,22,33,5,30,38,18,0
485,Dani Carvajal,es ESP,DF,DF,Real Madrid,es La Liga,33,1992,10.9,0,0,0,7,9,0,11,6,12,0
486,Fabio Carvalho,pt POR,MF,MF,Brentford,eng Premier League,22,2002,1.1,0,0,0,0,0,0,5,0,2,0
487,Cesare Casadei,it ITA,MF,MF,Torino,it Serie A,22,2003,22.2,5,0,0,52,16,2,4,9,16,0
488,Marc Casado,es ESP,MF,MF,Barcelona,es La Liga,21,2003,11,1,0,0,25,20,0,1,7,9,0
489,Nicolò Casale,it ITA,DF,DF,Bologna,it Serie A,27,1998,7.5,0,0,0,15,5,0,2,7,2,0
490,Casemiro,br BRA,MF,MF,Manchester Utd,eng Premier League,33,1992,28.6,11,1,1,46,36,5,19,30,45,0
491,Matty Cash,pl POL,DF,DF,Aston Villa,eng Premier League,27,1997,33.5,9,0,0,42,30,4,131,24,32,0
492,Josué Casimir,ht HAI,MFFW,MF,Auxerre,fr Ligue 1,23,2001,16.9,6,1,1,34,32,3,54,11,17,0
493,Cristian Cásseres Jr.,ve VEN,MF,MF,Toulouse,fr Ligue 1,25,2000,27.7,6,0,0,39,42,1,98,37,42,0
494,Timothy Castagne,be BEL,DFMF,DF,Fulham,eng Premier League,29,1995,20.5,4,0,0,18,11,1,48,28,24,0
495,Lluc Castell,es ESP,FW,FW,Espanyol,es La Liga,18,2006,0.2,0,0,0,1,1,0,0,0,0,0
496,Valentín Castellanos,ar ARG,FW,FW,Lazio,it Serie A,26,1998,7.7,2,0,0,9,18,5,6,3,3,0
497,Valentín Castellanos,ar ARG,FW,FW,West Ham,eng Premier League,26,1998,15.4,6,0,0,32,16,9,9,6,9,0
498,Castrin,es ESP,DF,DF,Sevilla,es La Liga,22,2003,14.2,4,0,0,13,13,1,1,22,15,0
499,Jonny Castro,es ESP,DF,DF,Alavés,es La Liga,31,1994,33.3,7,0,0,37,30,1,23,40,41,0
500,Santiago Castro,ar ARG,FW,FW,Bologna,it Serie A,20,2004,26.2,3,0,0,35,50,12,4,1,8,0
501,Alessio Castro-Montes,be BEL,MFDF,MF,Köln,de Bundesliga,28,1997,7.5,2,0,0,13,10,2,57,5,17,0
502,Jens Castrop,kr KOR,MF,MF,Gladbach,de Bundesliga,22,2003,17.6,2,2,0,31,26,3,21,17,27,0
503,Danilo Cataldi,it ITA,MF,MF,Lazio,it Serie A,30,1994,22.1,6,0,0,22,12,0,48,21,22,0
504,Catena,es ESP,DF,DF,Osasuna,es La Liga,30,1994,34.1,11,1,0,46,14,3,1,32,29,0
505,Nicolò Cavuoti,it ITA,MF,MF,Cagliari,it Serie A,22,2003,0.5,0,0,0,1,1,0,0,0,0,0
506,Santi Cazorla,es ESP,MF,MF,Oviedo,es La Liga,40,1984,10.4,2,1,0,6,19,0,71,4,10,0
507,Dani Ceballos,es ESP,MF,MF,Real Madrid,es La Liga,28,1996,5.4,1,0,0,6,15,0,3,7,10,0
508,Federico Ceccherini,it ITA,DF,DF,Cremonese,it Serie A,33,1992,5.3,1,1,0,10,9,0,3,7,2,0
509,Abdoulie Ceesay,gm GAM,FW,FW,St Pauli,de Bundesliga,21,2004,3.7,4,0,0,14,6,2,2,0,2,0
510,Nidal Čelik,ba BIH,DF,DF,Lens,fr Ligue 1,19,2006,6.8,2,0,0,13,1,0,1,9,10,0
511,Zeki Çelik,tr TUR,MFDF,MF,Roma,it Serie A,28,1997,30.3,2,1,0,35,18,3,75,24,40,0
512,Fabien Centonze,fr FRA,MFDF,MF,Nantes,fr Ligue 1,29,1996,8.2,4,0,0,13,8,1,30,20,18,0
513,Lucas Cepeda,cl CHI,MF,MF,Elche,es La Liga,22,2002,4.5,1,0,0,7,10,1,17,1,6,0
514,Václav Černý,cz CZE,FWMF,FW,Wolfsburg,de Bundesliga,27,1997,0.5,0,0,0,0,2,0,2,0,0,0
515,Jorge Cestero,es ESP,MF,MF,Real Madrid,es La Liga,19,2006,0.1,0,0,0,0,0,0,0,0,0,0
516,Julian Chabot,de GER,DF,DF,Stuttgart,de Bundesliga,27,1998,25.5,3,0,0,35,40,0,1,40,20,1
517,El Chadaille Bitshiabu,fr FRA,DF,DF,RB Leipzig,de Bundesliga,20,2005,7.3,0,0,0,4,0,0,0,6,6,0
518,Fares Chaïbi,dz ALG,MF,MF,Frankfurt,de Bundesliga,22,2002,19.9,2,0,0,14,21,5,91,13,21,0
519,Ilyas Chaira,ma MAR,MFFW,MF,Oviedo,es La Liga,24,2001,27.2,2,1,0,53,41,18,74,4,34,0
520,Trevoh Chalobah,eng ENG,DF,DF,Chelsea,eng Premier League,26,1999,30.9,3,1,0,20,18,2,5,37,22,0
521,Fallou Cham,gm GAM,MF,MF,Hellas Verona,it Serie A,19,2006,2.5,0,0,0,7,5,1,10,4,9,0
522,Timothy Chandler,us USA,DFMF,DF,Frankfurt,de Bundesliga,35,1990,0.1,0,0,0,0,0,0,1,0,0,0
523,Brendan Chardonnet,fr FRA,DF,DF,Brest,fr Ligue 1,30,1994,28.3,6,0,0,28,20,0,7,34,18,0
524,Pep Chavarría,es ESP,DF,DF,Rayo Vallecano,es La Liga,27,1998,29.8,6,1,1,33,35,3,95,32,31,0
525,Arthur Chaves,br BRA,DF,DF,Hoffenheim,de Bundesliga,24,2001,2.7,1,0,0,5,3,0,2,3,5,0
526,Arthur Chaves,br BRA,DF,DF,Augsburg,de Bundesliga,24,2001,9.2,1,0,0,8,8,0,1,8,13,1
527,Felipe Chávez,pe PER,MF,MF,Bayern Munich,de Bundesliga,18,2007,0.2,0,0,0,0,0,0,1,0,0,0
528,Felipe Chávez,pe PER,MF,MF,Köln,de Bundesliga,18,2007,1.1,0,0,0,1,1,0,1,2,2,0
529,Walid Cheddira,ma MAR,FW,FW,Sassuolo,it Serie A,27,1998,2.5,1,0,0,7,9,1,4,0,0,0
530,Walid Cheddira,ma MAR,FW,FW,Lecce,it Serie A,27,1998,11.1,2,0,0,20,25,10,4,1,3,0
531,Chema,es ESP,MF,MF,Stuttgart,de Bundesliga,20,2005,14.6,5,0,0,20,8,1,0,31,16,0
532,Samir Chergui,dz ALG,DF,DF,Paris FC,fr Ligue 1,26,1999,12.8,1,0,0,14,4,1,6,13,12,0
533,Sidiki Cherif,fr FRA,FWMF,FW,Angers,fr Ligue 1,18,2006,12.9,3,0,0,15,16,11,6,6,3,0
534,Rayan Cherki,fr FRA,MF,MF,Manchester City,eng Premier League,21,2003,19.8,1,0,0,18,34,1,80,7,16,0
535,Lucas Chevalier,fr FRA,GK,GK,PSG,fr Ligue 1,23,2001,17,0,0,0,0,1,0,0,0,0,0
536,Fabio Chiarodia,it ITA,DF,DF,Gladbach,de Bundesliga,20,2005,7.5,1,0,0,8,1,0,0,13,9,0
537,Federico Chiesa,it ITA,MF,MF,Liverpool,eng Premier League,27,1997,3.8,3,0,0,11,7,2,17,4,5,0
538,Ben Chilwell,eng ENG,DFMF,DF,Strasbourg,fr Ligue 1,28,1996,17.8,4,0,0,14,22,4,30,22,17,0
539,Tawanda Chirewa,zw ZIM,MF,MF,Wolves,eng Premier League,21,2003,0.3,0,0,0,3,1,0,0,0,0,0
540,Joris Chotard,fr FRA,MF,MF,Brest,fr Ligue 1,23,2001,30.8,2,0,0,28,12,0,51,48,34,0
541,Andreas Christensen,dk DEN,DF,DF,Barcelona,es La Liga,29,1996,4.5,2,0,0,6,3,0,0,2,3,0
542,Oliver Christensen,dk DEN,GK,GK,Fiorentina,it Serie A,26,1999,1,0,0,0,0,1,0,0,0,0,0
543,Ryan Christie,sct SCO,MF,MF,Bournemouth,eng Premier League,30,1995,11,3,1,0,16,22,1,17,11,20,0
544,Carney Chukwuemeka,at AUT,MFFW,MF,Dortmund,de Bundesliga,21,2003,10.2,2,0,0,11,15,0,1,6,15,0
545,Samuel Chukwueze,ng NGA,FWMF,FW,Milan,it Serie A,26,1999,0.3,0,0,0,0,3,0,3,0,0,0
546,Samuel Chukwueze,ng NGA,MF,MF,Fulham,eng Premier League,26,1999,12,0,0,0,5,12,3,43,6,4,0
547,Víctor Chust,es ESP,DF,DF,Elche,es La Liga,25,2000,24.1,8,1,1,38,10,1,36,20,35,0
548,Alessandro Circati,au AUS,DF,DF,Parma,it Serie A,21,2003,29.6,6,0,0,30,18,0,5,27,25,0
549,Dennis Cirkin,lv LVA,DF,DF,Sunderland,eng Premier League,23,2002,3.6,2,0,0,4,2,0,3,5,5,0
550,Pathé Ciss,sn SEN,MFDF,MF,Rayo Vallecano,es La Liga,31,1994,22.2,9,2,0,30,13,2,1,35,35,0
551,Amadou Cissé,gn GUI,DF,DF,Strasbourg,fr Ligue 1,19,2006,1,0,0,0,3,0,0,0,0,2,0
552,Djaoui Cissé,fr FRA,MF,MF,Rennes,fr Ligue 1,21,2004,10.9,3,0,0,18,10,0,27,5,22,0
553,Mamoudou Cissokho,fr FRA,FW,FW,Auxerre,fr Ligue 1,17,2007,0,0,0,0,0,1,0,0,0,0,0
554,Alexis Claude-Maurice,fr FRA,MFFW,MF,Augsburg,de Bundesliga,27,1998,23.3,3,0,0,23,42,1,65,8,26,0
555,Jonathan Clauss,fr FRA,MFDF,MF,Nice,fr Ligue 1,32,1992,28.1,0,0,0,22,17,1,223,47,38,0
556,Nathaniel Clyne,eng ENG,MFDF,MF,Crystal Palace,eng Premier League,34,1991,6.6,1,0,0,4,2,0,15,7,9,0
557,Matteo Cocchi,it ITA,DF,DF,Inter,it Serie A,18,2007,0.2,0,0,0,0,0,0,0,0,0,0
558,Saúl Coco,gq EQG,DF,DF,Torino,it Serie A,26,1999,34.3,3,0,0,46,34,0,5,41,34,0
559,Séamus Coleman,ie IRL,DF,DF,Everton,eng Premier League,36,1988,0.2,0,0,0,0,1,0,3,0,0,0
560,Maxime Colin,fr FRA,DF,DF,Metz,fr Ligue 1,33,1991,18.8,1,0,0,10,7,0,12,24,30,0
561,Nathan Collins,ie IRL,DF,DF,Brentford,eng Premier League,24,2001,33.1,7,0,0,20,17,2,1,36,13,1
562,Nnamdi Collins,de GER,DF,DF,Frankfurt,de Bundesliga,21,2004,16.7,4,0,0,22,19,0,4,24,38,0
563,Michele Collocolo,it ITA,MF,MF,Cremonese,it Serie A,25,1999,4,1,0,0,2,2,0,5,1,3,0
564,Santiago Colombatto,ar ARG,MF,MF,Oviedo,es La Liga,28,1997,22.9,6,0,0,44,41,1,67,14,22,0
565,Lorenzo Colombo,it ITA,FW,FW,Genoa,it Serie A,23,2002,25.8,2,0,0,41,55,3,16,1,12,0
566,Levi Colwill,eng ENG,DF,DF,Chelsea,eng Premier League,22,2003,2.5,0,0,0,1,2,0,1,5,2,0
567,Eray Cömert,ch SUI,DF,DF,Valencia,es La Liga,27,1998,14.9,3,1,0,9,13,1,1,21,14,0
568,Santi Comesaña,es ESP,MF,MF,Villarreal,es La Liga,28,1996,26.7,5,1,0,43,28,1,12,31,25,0
569,Pietro Comuzzo,it ITA,DF,DF,Fiorentina,it Serie A,20,2005,18.8,2,0,0,24,4,0,1,24,16,1
570,Francisco Conceição,pt POR,MFFW,MF,Juventus,it Serie A,22,2002,23.1,3,0,0,32,40,3,92,7,26,0
571,Christian Conteh,de GER,MFFW,MF,Heidenheim,de Bundesliga,25,1999,4.5,0,0,0,4,3,1,10,1,1,0
572,Sirlord Conteh,de GER,MFFW,MF,Heidenheim,de Bundesliga,29,1996,6.9,1,0,0,7,10,8,17,4,7,0
573,Nikita Contini,it ITA,GK,GK,Napoli,it Serie A,29,1996,0.1,0,0,0,0,0,0,0,0,0,0
574,Lewis Cook,eng ENG,MFDF,MF,Bournemouth,eng Premier League,28,1997,9.7,1,1,0,8,5,0,44,21,17,0
575,Copete,es ESP,DF,DF,Valencia,es La Liga,25,1999,19.5,5,0,0,20,11,2,4,25,15,1
576,Diego Coppola,it ITA,DF,DF,Paris FC,fr Ligue 1,21,2003,13,1,0,0,6,3,0,0,7,9,1
577,Diego Coppola,it ITA,DF,DF,Brighton,eng Premier League,21,2003,2.2,2,0,0,4,0,0,0,1,2,0
578,Francesco Coppola,it ITA,DF,DF,Pisa,it Serie A,20,2005,5.1,3,0,0,7,8,0,2,5,5,0
579,Francis Coquelin,fr FRA,MF,MF,Nantes,fr Ligue 1,34,1991,7.3,2,0,0,15,7,0,1,5,13,0
580,Derek Cornelius,ca CAN,DFFW,DF,Marseille,fr Ligue 1,27,1997,0.6,0,0,0,0,2,0,0,1,0,0
581,Maxwel Cornet,ci CIV,MF,MF,Genoa,it Serie A,28,1996,1.3,0,0,0,6,1,1,13,0,4,0
582,Iván Corralejo,es ESP,MF,MF,Real Betis,es La Liga,18,2007,0.2,0,0,0,1,1,0,0,0,0,0
583,Félix Correia,pt POR,MF,MF,Lille,fr Ligue 1,24,2001,22.8,2,0,0,14,28,3,84,21,13,0
584,Thierry Correia,pt POR,DFMF,DF,Valencia,es La Liga,26,1999,15.5,5,0,0,28,25,4,42,18,22,0
585,Alvaro Cortes,es ESP,DF,DF,Barcelona,es La Liga,20,2005,1,0,0,0,0,1,0,0,1,1,0
586,Paco Cortés,es ESP,MFFW,MF,Levante,es La Liga,17,2007,5.2,2,0,0,6,6,1,20,2,1,0
587,Edoardo Corvi,it ITA,GK,GK,Parma,it Serie A,24,2001,17,1,0,0,0,5,0,0,0,0,0
588,Coba da Costa,es ESP,MF,MF,Getafe,es La Liga,23,2002,3.9,1,0,0,7,6,2,23,0,6,0
589,Danny da Costa,de GER,DFMF,DF,Mainz 05,de Bundesliga,32,1993,29.9,3,0,0,22,24,1,48,29,27,1
590,Logan Costa,cv CPV,DF,DF,Villarreal,es La Liga,24,2001,0.3,0,0,0,1,0,0,0,0,0,0
591,Samu Costa,pt POR,MF,MF,Mallorca,es La Liga,24,2000,30,11,0,0,64,68,6,30,26,37,0
592,David Costas,es ESP,DF,DF,Oviedo,es La Liga,30,1995,23,3,0,0,16,10,3,1,27,22,0
593,Grégoire Coudert,fr FRA,GK,GK,Brest,fr Ligue 1,26,1999,24.4,2,0,0,1,8,0,0,0,0,0
594,Vladimír Coufal,cz CZE,DFMF,DF,Hoffenheim,de Bundesliga,32,1992,33.5,4,0,0,32,42,1,209,39,35,0
595,Abdoul Coulibaly,de GER,DF,DF,Werder Bremen,de Bundesliga,18,2007,23.6,5,1,1,18,9,1,13,24,14,1
596,Djibril Coulibaly,fr FRA,MF,MF,Nice,fr Ligue 1,16,2008,0.1,0,0,0,1,0,0,0,0,0,0
597,Lassana Coulibaly,ml MLI,MF,MF,Lecce,it Serie A,29,1996,29.9,4,0,0,34,52,1,18,9,28,0
598,Lasso Coulibaly,ci CIV,MF,MF,Auxerre,fr Ligue 1,22,2002,3.6,1,0,0,10,11,2,18,6,5,0
599,Mamadou Coulibaly,fr FRA,MF,MF,Monaco,fr Ligue 1,21,2004,15.3,7,1,0,31,16,3,15,21,21,0
600,Soumaïla Coulibaly,fr FRA,DF,DF,Brest,fr Ligue 1,21,2003,14.9,3,0,0,26,20,1,1,13,12,1
601,Woyo Coulibaly,ml MLI,DF,DF,Sassuolo,it Serie A,26,1999,11.7,2,0,0,15,12,0,10,10,14,0
602,Marius Courcoul,fr FRA,MF,MF,Angers,fr Ligue 1,18,2007,4.2,0,0,0,6,3,0,0,3,9,0
603,Thibaut Courtois,be BEL,GK,GK,Real Madrid,es La Liga,33,1992,32,1,0,0,1,2,0,0,0,1,0
604,Yan Couto,br BRA,MF,MF,Dortmund,de Bundesliga,23,2002,11.1,4,0,0,17,13,2,54,9,15,0
605,Patrice Čović,hr CRO,MF,MF,Werder Bremen,de Bundesliga,18,2007,3.9,1,0,0,6,2,0,7,4,6,0
606,Nicolas Cozza,fr FRA,DF,DF,Nantes,fr Ligue 1,26,1999,25.6,2,0,0,23,31,0,22,21,27,0
607,Ben Cremaschi,us USA,MF,MF,Parma,it Serie A,20,2005,1.5,0,0,0,2,0,0,6,0,1,0
608,Charlie Cresswell,eng ENG,DF,DF,Toulouse,fr Ligue 1,22,2002,28.1,8,0,0,31,15,4,2,30,14,0
609,Bryan Cristante,it ITA,MF,MF,Roma,it Serie A,30,1995,34.4,6,0,0,63,9,0,19,28,43,0
610,Juan Cruz Armada,es ESP,DF,DF,Osasuna,es La Liga,33,1992,7.2,2,0,0,4,2,0,5,4,3,0
611,Juan Cuadrado,co COL,MF,MF,Pisa,it Serie A,37,1988,5.6,3,0,0,9,16,0,45,5,10,0
612,Pau Cubarsí,es ESP,DF,DF,Barcelona,es La Liga,18,2007,30,3,0,0,25,9,0,0,30,28,0
613,Miguel Cubo,es ESP,FW,FW,Atlético Madrid,es La Liga,17,2008,0.6,0,0,0,1,3,0,0,0,2,0
614,Cucho,co COL,FW,FW,Real Betis,es La Liga,26,1999,28.7,5,0,0,22,38,17,23,11,16,0
615,Marc Cucurella,es ESP,DF,DF,Chelsea,eng Premier League,27,1998,30.1,8,1,0,45,29,5,41,28,40,0
616,Jorge Cuenca,es ESP,DF,DF,Fulham,eng Premier League,25,1999,10.4,6,0,0,10,1,1,2,15,10,0
617,Montrell Culbreath,de GER,MFDF,MF,Leverkusen,de Bundesliga,17,2007,8.2,0,0,0,5,11,0,24,8,16,0
618,Josh Cullen,ie IRL,MF,MF,Burnley,eng Premier League,29,1996,16.8,2,0,0,16,18,0,12,24,19,1
619,Pablo Cuñat,es ESP,GK,GK,Levante,es La Liga,23,2002,2,0,0,0,0,0,0,0,0,0,0
620,Jair Cunha,br BRA,DF,DF,Nottingham,eng Premier League,20,2005,5.7,0,0,0,0,6,0,2,5,5,0
621,Matheus Cunha,br BRA,MFFW,MF,Manchester Utd,eng Premier League,26,1999,27.7,4,0,0,28,54,2,49,21,23,0
622,Patrick Cutrone,it ITA,FW,FW,Parma,it Serie A,27,1998,9.9,0,0,0,7,16,8,12,3,1,0
623,Lucas Da Cunha,fr FRA,MF,MF,Como,it Serie A,24,2001,30.4,4,0,0,34,19,1,99,18,33,0
624,Adam Daghim,dk DEN,MFFW,MF,Wolfsburg,de Bundesliga,19,2005,15.2,3,0,0,18,23,4,20,11,20,0
625,Finn Dahmen,de GER,GK,GK,Augsburg,de Bundesliga,27,1998,34,1,0,0,0,9,0,0,0,0,0
626,Mahmoud Dahoud,de GER,MFFW,MF,Frankfurt,de Bundesliga,29,1996,8,0,0,0,16,2,0,8,10,8,0
627,David Daiber,pt POR,FW,FW,Bayern Munich,de Bundesliga,18,2007,0.3,0,0,0,2,0,0,0,0,0,0
628,Ameen Al-Dakhil,be BEL,DF,DF,Stuttgart,de Bundesliga,23,2002,4.2,1,0,0,1,0,0,0,5,3,0
629,Thijs Dallinga,nl NED,FW,FW,Bologna,it Serie A,24,2000,9,2,0,0,20,9,4,5,1,4,0
630,Diogo Dalot,pt POR,DFMF,DF,Manchester Utd,eng Premier League,26,1999,29,5,0,0,25,14,4,57,26,30,0
631,Muhammed Damar,de GER,MFFW,MF,Hoffenheim,de Bundesliga,21,2004,3.1,0,0,0,4,2,1,33,1,3,0
632,Damián,es ESP,MF,MF,Getafe,es La Liga,22,2003,1.7,0,0,0,4,0,0,0,3,4,0
633,Mikkel Damsgaard,dk DEN,MF,MF,Brentford,eng Premier League,25,2000,22.8,0,0,0,18,23,4,95,24,34,0
634,Arnaut Danjuma,nl NED,MFFW,MF,Valencia,es La Liga,28,1997,18.1,0,0,0,21,22,5,49,2,10,0
635,Kévin Danois,fr FRA,MF,MF,Auxerre,fr Ligue 1,21,2004,31.4,3,0,0,33,26,3,130,38,48,0
636,Kevin Danso,at AUT,DF,DF,Tottenham,eng Premier League,26,1998,16.6,8,0,0,21,13,0,7,25,13,0
637,Dante,br BRA,DF,DF,Nice,fr Ligue 1,41,1983,9.4,1,0,0,9,4,1,0,11,5,0
638,Bence Dárdai,hu HUN,MF,MF,Wolfsburg,de Bundesliga,19,2006,0.4,0,0,0,1,0,0,0,1,1,0
639,Aiman Dardari,lu LUX,MF,MF,Augsburg,de Bundesliga,20,2005,0.4,1,0,0,1,1,0,0,0,0,0
640,Sergi Darder,es ESP,MF,MF,Mallorca,es La Liga,31,1993,29.8,3,0,0,21,29,2,165,23,13,0
641,Karl Darlow,wls WAL,GK,GK,Leeds United,eng Premier League,34,1990,22,1,0,0,0,7,0,0,0,0,0
642,Matteo Darmian,it ITA,MFDF,MF,Inter,it Serie A,35,1989,2.8,0,0,0,4,2,1,5,1,3,0
643,Josh Dasilva,eng ENG,MF,MF,Brentford,eng Premier League,26,1998,0,0,0,0,0,0,0,0,0,0,0
644,David Datro Fofana,ci CIV,FW,FW,Strasbourg,fr Ligue 1,22,2002,1.9,0,0,0,3,1,3,0,1,1,0
645,Juan David Cabal,co COL,MF,MF,Juventus,it Serie A,24,2001,3.3,1,0,0,4,1,2,4,4,5,0
646,Jonathan David,ca CAN,FW,FW,Juventus,it Serie A,25,2000,19.8,0,0,0,30,26,11,8,6,10,0
647,Alphonso Davies,ca CAN,DF,DF,Bayern Munich,de Bundesliga,24,2000,5.8,1,0,0,2,5,0,6,3,6,0
648,Ben Davies,wls WAL,DF,DF,Tottenham,eng Premier League,32,1993,1.5,1,0,0,2,0,0,3,1,4,0
649,Davinchi,es ESP,DF,DF,Getafe,es La Liga,17,2007,7.8,2,0,0,27,2,0,20,7,17,0
650,Keinan Davis,eng ENG,FW,FW,Udinese,it Serie A,27,1998,22.9,5,0,0,41,47,10,5,1,5,0
651,Kevin De Bruyne,be BEL,MF,MF,Napoli,it Serie A,34,1991,12.9,1,0,0,8,6,4,58,5,8,0
652,Mathys De Carvalho,fr FRA,MF,MF,Lyon,fr Ligue 1,20,2005,3.3,1,0,0,2,5,0,2,4,6,0
653,Maxim De Cuyper,be BEL,DFMF,DF,Brighton,eng Premier League,24,2000,15.7,2,0,0,18,21,1,77,11,10,0
654,Charles De Ketelaere,be BEL,MFFW,MF,Atalanta,it Serie A,24,2001,24.2,4,0,0,23,36,3,46,5,15,0
655,Jeffrey De Lange,nl NED,GK,GK,Marseille,fr Ligue 1,27,1998,5,0,0,0,0,0,0,0,0,0,0
656,Manuel De Luca,it ITA,FW,FW,Cremonese,it Serie A,27,1998,0.2,0,0,0,1,1,0,0,0,0,0
657,Théo De Percin,mq MTQ,GK,GK,Auxerre,fr Ligue 1,24,2001,6.6,0,0,0,0,1,0,0,0,0,0
658,Lorenzo De Silvestri,it ITA,DF,DF,Bologna,it Serie A,37,1988,5.5,2,0,0,9,3,0,7,7,1,0
659,Thibault De Smet,be BEL,DF,DF,Paris FC,fr Ligue 1,27,1998,12.7,6,2,2,11,13,1,26,10,11,0
660,Koni De Winter,be BEL,DF,DF,Milan,it Serie A,23,2002,20,1,0,0,27,8,1,5,13,19,0
661,Alessandro Deiola,it ITA,MFDF,MF,Cagliari,it Serie A,29,1995,15.9,3,0,0,22,11,7,2,13,20,0
662,Romain Del Castillo,fr FRA,MFFW,MF,Brest,fr Ligue 1,29,1996,29.2,2,1,0,28,43,5,198,28,36,0
663,Thomas Delaine,fr FRA,MFDF,MF,Le Havre,fr Ligue 1,33,1992,2.2,1,0,0,2,1,0,18,3,0,0
664,Liam Delap,eng ENG,FW,FW,Chelsea,eng Premier League,22,2003,12.3,4,0,0,25,19,5,6,1,3,0
665,Fisayo Dele-Bashiru,ng NGA,MF,MF,Lazio,it Serie A,24,2001,13.2,0,0,0,8,3,2,10,4,15,0
666,Enrico Delprato,it ITA,DFMF,DF,Parma,it Serie A,25,1999,32.8,5,0,0,16,10,6,19,24,21,0
667,Olivier Deman,be BEL,DFMF,DF,Werder Bremen,de Bundesliga,25,2000,13.9,3,0,0,19,12,3,63,10,26,0
668,Pape Demba Diop,sn SEN,MF,MF,Toulouse,fr Ligue 1,21,2003,13.1,2,0,0,15,17,0,14,29,20,0
669,Ali Dembélé,fr FRA,DF,DF,Torino,it Serie A,21,2004,0.2,0,0,0,0,0,0,0,0,0,0
670,Ousmane Dembélé,fr FRA,FW,FW,PSG,fr Ligue 1,28,1997,11.8,0,0,0,3,4,8,49,0,3,0
671,Jessy Deminguet,fr FRA,MF,MF,Metz,fr Ligue 1,27,1998,22.2,4,0,0,28,32,0,19,22,21,0
672,Ermedin Demirović,ba BIH,FW,FW,Stuttgart,de Bundesliga,27,1998,16.6,5,0,0,37,26,8,1,2,10,0
673,Rav van den Berg,nl NED,DF,DF,Köln,de Bundesliga,21,2004,12.6,0,1,0,10,3,1,1,14,8,0
674,Sepp van den Berg,nl NED,DF,DF,Brentford,eng Premier League,23,2001,30.7,2,0,0,15,11,0,0,26,9,0
675,Branco van den Boomen,nl NED,MF,MF,Angers,fr Ligue 1,30,1995,13.8,3,0,0,19,9,0,69,7,15,0
676,Leander Dendoncker,be BEL,MF,MF,Oviedo,es La Liga,30,1995,14.8,2,0,0,12,3,1,5,11,25,0
677,Daniel Denoon,ch SUI,DF,DF,Pisa,it Serie A,21,2004,1.4,1,0,0,4,3,0,0,1,2,0
678,Nelson Deossa,co COL,MF,MF,Real Betis,es La Liga,25,2000,8.3,3,0,0,17,24,1,7,6,8,0
679,Jesse Derry,eng ENG,MF,MF,Chelsea,eng Premier League,18,2007,0.5,0,0,0,0,1,0,2,0,1,0
680,Rémy Descamps,fr FRA,GK,GK,Lyon,fr Ligue 1,29,1996,5,0,0,0,0,0,0,0,0,0,1
681,Bahmed Deuff,mr MTN,MF,MF,Nantes,fr Ligue 1,19,2006,2.8,1,0,0,6,3,0,1,2,3,0
682,Justin Devenny,nir NIR,MFFW,MF,Crystal Palace,eng Premier League,21,2003,8.8,0,0,0,11,10,1,17,1,11,0
683,Tidiane Devernois,fr FRA,MF,MF,Auxerre,fr Ligue 1,17,2007,0.1,0,0,0,0,0,0,3,0,0,0
684,Kiernan Dewsbury-Hall,eng ENG,MF,MF,Everton,eng Premier League,26,1998,29.2,6,0,0,32,48,2,112,14,26,0
685,Raffaele Di Gennaro,it ITA,GK,GK,Inter,it Serie A,31,1993,0.1,0,0,0,0,0,0,0,0,0,0
686,Michele Di Gregorio,it ITA,GK,GK,Juventus,it Serie A,28,1997,29.5,1,0,0,0,5,0,0,0,0,0
687,Giovanni Di Lorenzo,it ITA,DFMF,DF,Napoli,it Serie A,31,1993,25.3,1,0,0,33,23,1,38,9,26,0
688,Alessandro Di Pardo,it ITA,DFMF,DF,Cagliari,it Serie A,26,1999,0.6,0,0,0,0,1,0,0,0,1,0
689,Boulaye Dia,sn SEN,FWMF,FW,Lazio,it Serie A,28,1996,13.9,1,0,0,19,14,4,0,3,7,0
690,Ibrahim Diabaté,ci CIV,FW,FW,Alavés,es La Liga,25,1999,6.4,1,0,0,6,5,3,0,2,1,0
691,Bambo Diaby,sn SEN,DF,DF,Elche,es La Liga,27,1997,1.1,1,0,0,3,3,0,0,1,0,0
692,Mouctar Diakhaby,gn GUI,DF,DF,Valencia,es La Liga,28,1996,6,3,0,0,7,3,1,0,9,6,0
693,Bafodé Diakité,fr FRA,DF,DF,Bournemouth,eng Premier League,24,2001,14.2,1,0,0,8,4,2,1,10,15,0
694,Amad Diallo,ci CIV,MF,MF,Manchester Utd,eng Premier League,23,2002,26,2,0,0,24,38,12,46,15,23,0
695,Habib Diallo,sn SEN,FW,FW,Metz,fr Ligue 1,30,1995,21.2,0,0,0,27,29,11,4,2,5,0
696,Zoumana Diallo,fr FRA,FW,FW,Nice,fr Ligue 1,20,2005,0.1,0,0,0,2,1,0,0,0,0,0
697,Grady Diangana,cd COD,MFFW,MF,Elche,es La Liga,27,1998,10.3,3,0,0,15,19,5,12,4,6,0
698,Assane Diao,sn SEN,MF,MF,Como,it Serie A,19,2005,11.9,2,0,0,15,39,3,27,4,5,0
699,Soriba Diaoune,fr FRA,MF,MF,Lille,fr Ligue 1,17,2007,2.1,0,0,0,5,3,0,5,1,2,0
700,Habib Diarra,sn SEN,MF,MF,Sunderland,eng Premier League,21,2004,15.6,6,0,0,19,27,3,32,4,7,0
701,Moussa Diarra,ml MLI,DF,DF,Alavés,es La Liga,24,2000,2.4,1,0,0,4,1,0,1,1,2,0
702,Rúben Dias,pt POR,DF,DF,Manchester City,eng Premier League,28,1997,23.8,3,0,0,15,9,0,9,23,6,0
703,Alassane Diatta,sn SEN,MF,MF,Villarreal,es La Liga,20,2005,0.3,0,0,0,0,0,0,0,0,0,0
704,Bane Diatta,fr FRA,MF,MF,Angers,fr Ligue 1,17,2008,0.1,0,0,0,0,0,0,0,0,1,0
705,Krépin Diatta,sn SEN,MFDF,MF,Monaco,fr Ligue 1,26,1999,11.3,2,0,0,8,10,4,39,15,16,0
706,Mory Diaw,sn SEN,GK,GK,Le Havre,fr Ligue 1,32,1993,29.5,1,0,0,0,6,0,0,2,0,0
707,Brahim Díaz,ma MAR,FWMF,FW,Real Madrid,es La Liga,25,1999,14,2,0,0,19,37,3,20,2,10,0
708,Daniel Díaz,es ESP,FW,FW,Real Sociedad,es La Liga,19,2006,0.2,0,0,0,0,0,0,1,0,0,0
709,Julio Diaz,es ESP,DF,DF,Atlético Madrid,es La Liga,20,2005,3.4,2,0,0,4,3,1,6,4,3,0
710,Junior Diaz,ci CIV,DF,DF,Brest,fr Ligue 1,22,2003,17.4,4,0,0,8,11,0,1,25,18,0
711,Luis Díaz,co COL,MF,MF,Bayern Munich,de Bundesliga,28,1997,27.2,7,1,1,35,38,26,45,17,13,0
712,Pedro Díaz,es ESP,MF,MF,Rayo Vallecano,es La Liga,27,1998,20.8,2,0,0,20,13,0,38,9,25,0
713,Tyler Dibling,eng ENG,MF,MF,Everton,eng Premier League,19,2006,4,2,0,0,11,11,0,7,6,3,0
714,Nouha Dicko,ml MLI,FWMF,FW,Paris FC,fr Ligue 1,33,1992,0.8,0,0,0,4,4,2,2,0,0,0
715,Yaya Diémé,sn SEN,FW,FW,Strasbourg,fr Ligue 1,17,2007,1.7,2,0,0,4,1,1,1,0,0,0
716,Bamba Dieng,sn SEN,FW,FW,Lorient,fr Ligue 1,25,2000,13.5,2,0,0,15,13,9,2,2,2,0
717,Eric Dier,eng ENG,DF,DF,Monaco,fr Ligue 1,31,1994,7.6,0,0,0,9,4,0,2,10,2,0
718,Lucas Digne,fr FRA,DF,DF,Aston Villa,eng Premier League,32,1993,20.6,3,0,0,14,12,3,108,13,26,0
719,Kevin Diks,id IDN,DF,DF,Gladbach,de Bundesliga,28,1996,27.4,6,0,0,15,22,1,5,24,30,0
720,Federico Dimarco,it ITA,MF,MF,Inter,it Serie A,27,1997,30,3,0,0,41,23,5,295,30,31,0
721,Stole Dimitrievski,mk MKD,GK,GK,Valencia,es La Liga,31,1993,20,1,0,0,0,4,0,0,1,0,0
722,Junior Dina Ebimbe,cm CMR,MF,MF,Brest,fr Ligue 1,24,2000,12.9,3,0,0,22,15,3,4,6,16,0
723,Eren Dinkçi,de GER,MFFW,MF,Heidenheim,de Bundesliga,23,2001,12.6,3,0,0,9,4,0,22,5,13,0
724,Eren Dinkçi,de GER,MF,MF,Freiburg,de Bundesliga,23,2001,2.8,1,0,0,2,1,0,10,4,4,0
725,Sinaly Diomande,ci CIV,DF,DF,Auxerre,fr Ligue 1,24,2001,23.7,4,1,1,31,26,2,0,33,17,0
726,Yan Diomandé,ci CIV,FWMF,FW,RB Leipzig,de Bundesliga,18,2006,27.5,2,0,0,19,34,7,45,16,19,0
727,Issa Diop,ma MAR,DF,DF,Fulham,eng Premier League,28,1997,9.1,2,0,0,9,3,0,1,6,2,0
728,Sérigné Diop,sn SEN,FW,FW,Brest,fr Ligue 1,20,2005,0.1,0,0,0,0,0,0,1,0,0,0
729,Sofiane Diop,ma MAR,MFFW,MF,Nice,fr Ligue 1,25,2000,23.7,5,0,0,22,46,7,37,18,9,0
730,Andy Diouf,fr FRA,MF,MF,Inter,it Serie A,22,2003,5.5,1,0,0,5,3,1,6,1,6,0
731,Andy Diouf,fr FRA,MF,MF,Lens,fr Ligue 1,22,2003,1,0,0,0,0,1,0,0,0,0,0
732,El Hadji Malick Diouf,sn SEN,DFMF,DF,West Ham,eng Premier League,20,2004,30.1,6,0,0,28,25,2,109,32,19,0
733,Yehvann Diouf,sn SEN,GK,GK,Nice,fr Ligue 1,25,1999,26,1,0,0,0,4,0,0,2,0,0
734,Assane Dioussé,sn SEN,MF,MF,Auxerre,fr Ligue 1,27,1997,2.4,3,0,0,7,3,0,6,6,1,0
735,Axel Disasi,fr FRA,DF,DF,West Ham,eng Premier League,27,1998,13.9,1,0,0,5,4,1,0,12,10,1
736,Matías Dituro,ar ARG,GK,GK,Elche,es La Liga,38,1987,22,1,0,0,0,7,0,0,1,0,0
737,Djené,tg TOG,DFMF,DF,Getafe,es La Liga,33,1991,28.6,10,2,0,35,26,0,11,38,24,0
738,Harouna Djibrin,cm CMR,MF,MF,Angers,fr Ligue 1,18,2006,3.7,2,0,0,9,8,0,8,5,4,0
739,Berat Djimsiti,al ALB,DF,DF,Atalanta,it Serie A,32,1993,28.1,4,0,0,17,8,0,2,42,30,0
740,Marko Dmitrović,rs SRB,GK,GK,Espanyol,es La Liga,33,1992,37,0,0,0,0,5,0,0,0,2,0
741,Henrick Do Marcolino,fr FRA,FW,FW,Rennes,fr Ligue 1,19,2006,0,0,0,0,0,0,0,0,2,1,0
742,Ritsu Doan,jp JPN,MF,MF,Frankfurt,de Bundesliga,27,1998,26.3,5,0,0,26,35,3,111,17,23,0
743,Dodô,br BRA,DFMF,DF,Fiorentina,it Serie A,26,1998,34.8,7,0,0,22,53,2,153,31,18,0
744,Danilho Doekhi,nl NED,DF,DF,Union Berlin,de Bundesliga,27,1998,34,4,0,0,28,15,1,6,42,31,0
745,Matt Doherty,ie IRL,DFMF,DF,Wolves,eng Premier League,33,1992,8.7,4,0,0,16,6,0,8,7,8,0
746,Josh Doig,sct SCO,DF,DF,Sassuolo,it Serie A,23,2002,21.3,5,0,0,16,19,0,39,22,20,0
747,Jeremy Doku,be BEL,MFFW,MF,Manchester City,eng Premier League,23,2002,19.8,0,0,0,23,61,3,62,12,16,0
748,Tyrhys Dolan,eng ENG,MF,MF,Espanyol,es La Liga,23,2001,26.8,7,1,1,37,46,5,105,15,35,0
749,Marc Domenech,es ESP,MF,MF,Mallorca,es La Liga,19,2006,2.4,0,0,0,3,3,0,7,0,2,0
750,Benjamín Domínguez,ar ARG,MF,MF,Bologna,it Serie A,21,2003,6.1,1,0,0,6,18,3,7,2,2,0
751,Carlos Dominguez,es ESP,DF,DF,Celta Vigo,es La Liga,24,2001,6.8,1,0,0,6,1,0,1,5,8,0
752,Nicolás Domínguez,ar ARG,MF,MF,Nottingham,eng Premier League,27,1998,13.1,3,0,0,16,11,0,14,6,30,0
753,Jean-Luc Dompé,fr FRA,FWMF,FW,Hamburger SV,de Bundesliga,29,1995,12.6,0,0,0,2,9,4,82,0,5,0
754,John Donald,es ESP,DFMF,DF,Elche,es La Liga,24,2000,7.4,3,0,0,17,6,0,0,8,12,0
755,Gianluigi Donnarumma,it ITA,GK,GK,Manchester City,eng Premier League,26,1999,34,8,0,0,0,4,0,0,1,0,0
756,Romelle Donovan,eng ENG,FW,FW,Brentford,eng Premier League,18,2006,0.5,0,0,0,2,3,0,2,0,0,0
757,Patrick Dorgu,dk DEN,MF,MF,Manchester Utd,eng Premier League,20,2004,16.1,5,0,0,23,47,7,57,16,30,0
758,Niklas Dorsch,de GER,MF,MF,Heidenheim,de Bundesliga,27,1998,25.1,2,0,0,30,27,1,33,19,31,0
759,Alberto Dossena,it ITA,DF,DF,Cagliari,it Serie A,26,1998,9.5,5,0,0,11,8,2,0,9,13,0
760,Lohann Doucet,bf BFA,MF,MF,Paris FC,fr Ligue 1,22,2002,1.3,2,0,0,4,1,0,0,0,0,0
761,Fodé Doucouré,ml MLI,MFFW,MF,Le Havre,fr Ligue 1,24,2001,13.8,2,0,0,14,4,2,78,9,26,0
762,Mamedi Doucouré,fr FRA,DF,DF,Genoa,it Serie A,18,2007,0.1,0,0,0,0,0,0,0,0,0,0
763,Sékou Doucoure,fr FRA,DF,DF,Nantes,fr Ligue 1,20,2005,0.5,0,0,0,1,0,0,0,3,0,0
764,Désiré Doué,fr FRA,FWMF,FW,PSG,fr Ligue 1,20,2005,15,0,0,0,24,28,0,56,12,20,0
765,Guéla Doué,ci CIV,DFMF,DF,Strasbourg,fr Ligue 1,22,2002,22.9,3,0,0,42,24,0,52,27,38,0
766,Ismaël Doukouré,fr FRA,DFMF,DF,Strasbourg,fr Ligue 1,22,2003,23,4,2,0,21,17,0,3,24,11,2
767,Kamory Doumbia,ml MLI,MF,MF,Brest,fr Ligue 1,22,2003,19.4,6,0,0,29,21,2,20,20,30,0
768,Anastasios Douvikas,gr GRE,FW,FW,Como,it Serie A,25,1999,25.3,0,0,0,36,42,7,4,4,10,0
769,Artem Dovbyk,ua UKR,FW,FW,Roma,it Serie A,28,1997,4.4,0,0,0,11,6,4,1,0,3,0
770,Max Dowman,eng ENG,MF,MF,Arsenal,eng Premier League,15,2009,1.7,0,0,0,2,7,0,6,1,2,0
771,Damion Downs,us USA,FW,FW,Hamburger SV,de Bundesliga,21,2004,6,0,0,0,8,1,2,0,0,2,0
772,Radu Drăgușin,ro ROU,DF,DF,Tottenham,eng Premier League,23,2002,5.7,0,0,0,9,1,0,3,16,3,0
773,Joél Drakes-Thomas,eng ENG,MF,MF,Crystal Palace,eng Premier League,16,2009,0.1,0,0,0,1,0,0,0,0,1,0
774,Domingos Duarte,pt POR,DF,DF,Getafe,es La Liga,30,1995,32.5,11,0,0,32,24,3,0,33,18,1
775,Martin Dúbravka,sk SVK,GK,GK,Burnley,eng Premier League,36,1989,35,1,0,0,0,8,0,0,0,1,0
776,Denzel Dumfries,nl NED,MF,MF,Inter,it Serie A,29,1996,14.7,2,0,0,20,13,2,34,7,9,0
777,Lewis Dunk,eng ENG,DF,DF,Brighton,eng Premier League,33,1991,31.5,10,0,0,14,12,1,5,30,22,0
778,Maxime Dupé,fr FRA,GK,GK,Nice,fr Ligue 1,32,1993,8,0,0,0,0,1,0,0,0,0,0
779,Pablo Durán,es ESP,FWMF,FW,Celta Vigo,es La Liga,24,2001,15.8,1,0,0,15,12,19,15,7,11,0
780,Hugo Duro,es ESP,FW,FW,Valencia,es La Liga,25,1999,22,4,0,0,22,38,6,1,3,9,0
781,Rafiu Durosinmi,ng NGA,FW,FW,Pisa,it Serie A,22,2003,4.8,1,1,0,15,2,3,0,1,0,0
782,Paulo Dybala,ar ARG,MFFW,MF,Roma,it Serie A,31,1993,15,0,0,0,11,40,3,98,5,6,0
783,Edin Džeko,ba BIH,FW,FW,Fiorentina,it Serie A,39,1986,2.7,1,0,0,2,5,0,1,1,1,0
784,Adam Dźwigała,pl POL,DF,DF,St Pauli,de Bundesliga,29,1995,14.3,5,0,0,20,6,0,2,25,27,0
785,Aron Dønnum,no NOR,MF,MF,Toulouse,fr Ligue 1,27,1998,26.9,10,1,1,42,38,0,140,29,29,0
786,George Earthy,eng ENG,MF,MF,West Ham,eng Premier League,20,2004,0.1,0,0,0,0,0,0,0,0,0,0
787,Younes Ebnoutalib,de GER,FW,FW,Frankfurt,de Bundesliga,21,2003,1.5,0,0,0,2,2,0,0,1,0,0
788,Simon Ebonog,cm CMR,MF,MF,Le Havre,fr Ligue 1,20,2004,19.5,8,0,0,29,34,0,16,24,21,0
789,Enzo Ebosse,cm CMR,DF,DF,Hellas Verona,it Serie A,26,1999,2.4,1,0,0,5,1,0,0,0,1,0
790,Enzo Ebosse,cm CMR,DF,DF,Torino,it Serie A,26,1999,12.4,3,0,0,16,9,0,7,10,6,0
791,Claudio Echeverri,ar ARG,FWMF,FW,Girona,es La Liga,19,2006,6.9,4,0,0,8,14,1,15,1,6,0
792,Claudio Echeverri,ar ARG,MF,MF,Leverkusen,de Bundesliga,19,2006,1.5,0,0,0,0,2,0,6,1,1,0
793,Noah Edjouma,fr FRA,FW,FW,Toulouse,fr Ligue 1,19,2005,2.8,0,0,0,4,4,0,12,3,3,0
794,Noah Edjouma,fr FRA,MF,MF,Lille,fr Ligue 1,19,2005,1,0,0,0,1,2,1,6,0,4,0
795,Andrias Edmundsson,fo FRO,DF,DF,Hellas Verona,it Serie A,24,2000,14.7,3,0,0,13,7,0,4,28,20,1
796,Odsonne Édouard,fr FRA,FW,FW,Crystal Palace,eng Premier League,27,1998,0,0,0,0,0,1,0,0,0,1,0
797,Odsonne Édouard,fr FRA,FW,FW,Lens,fr Ligue 1,27,1998,20,2,0,0,21,17,12,1,4,4,0
798,Tom Edozie,eng ENG,MF,MF,Wolves,eng Premier League,19,2006,0.2,0,0,0,0,0,0,0,0,0,0
799,Yannick Eduardo,cz CZE,FW,FW,Hoffenheim,de Bundesliga,19,2006,0,0,0,0,0,0,0,0,0,0,0
800,Marcus Edwards,eng ENG,MFFW,MF,Burnley,eng Premier League,26,1998,11.9,0,0,0,7,18,1,19,3,6,0
801,CJ Egan-Riley,eng ENG,DFMF,DF,Marseille,fr Ligue 1,22,2003,6.9,1,1,0,5,5,0,1,2,7,0
802,Maximilian Eggestein,de GER,MF,MF,Freiburg,de Bundesliga,28,1996,34,4,0,0,18,20,1,14,31,34,0
803,Kingsley Ehizibue,nl NED,MFDF,MF,Udinese,it Serie A,30,1995,20.1,5,0,0,34,24,2,32,13,31,0
804,Ovie Ejaria,eng ENG,MF,MF,Oviedo,es La Liga,27,1997,2.2,1,0,0,3,5,1,1,3,2,0
805,Chidera Ejuke,ng NGA,MFFW,MF,Sevilla,es La Liga,27,1998,10.4,0,0,0,5,16,2,27,7,13,0
806,Hjalmar Ekdal,se SWE,DF,DF,Burnley,eng Premier League,26,1998,17.1,0,0,0,5,7,2,1,12,17,0
807,Jeff Ekhator,it ITA,FWMF,FW,Genoa,it Serie A,18,2006,10.6,3,0,0,20,19,10,9,2,8,0
808,Hugo Ekitike,fr FRA,FW,FW,Liverpool,eng Premier League,23,2002,20,0,0,0,35,12,10,7,4,7,0
809,Jurgen Ekkelenkamp,nl NED,MF,MF,Udinese,it Serie A,25,2000,24.3,1,0,0,22,19,3,32,18,27,0
810,Jacques Ekomie,ga GAB,DFMF,DF,Angers,fr Ligue 1,21,2003,24.9,3,0,0,30,31,6,65,31,32,0
811,Caleb Ekuban,gh GHA,FWMF,FW,Genoa,it Serie A,31,1994,11,0,0,0,16,29,6,5,5,1,0
812,Anthony Elanga,se SWE,FWMF,FW,Newcastle,eng Premier League,23,2002,14.7,0,0,0,8,25,2,83,3,11,0
813,Daniel Elfadli,ly LBY,DF,DF,Hamburger SV,de Bundesliga,28,1997,13.9,6,1,1,20,15,0,0,20,14,0
814,Unai Elgezabal,es ESP,DFMF,DF,Levante,es La Liga,32,1993,10.6,2,0,0,11,6,0,0,4,4,1
815,Melker Ellborg,se SWE,GK,GK,Sunderland,eng Premier League,22,2003,3,0,0,0,0,1,0,0,0,0,0
816,Mikael Ellertsson,is ISL,MF,MF,Genoa,it Serie A,23,2002,30.7,1,1,0,28,42,1,32,14,26,0
817,Harvey Elliott,eng ENG,FWMF,FW,Liverpool,eng Premier League,22,2003,0,0,0,0,0,0,0,0,0,0,0
818,Harvey Elliott,eng ENG,MF,MF,Aston Villa,eng Premier League,22,2003,1.2,0,0,0,0,2,0,3,0,0,0
819,Elif Elmas,mk MKD,MFFW,MF,Napoli,it Serie A,25,1999,19.8,3,0,0,18,13,2,41,7,13,0
820,Nesta Elphege,fr FRA,FW,FW,Parma,it Serie A,24,2001,3.4,0,0,0,3,0,3,0,0,0,0
821,Aritz Elustondo,es ESP,DF,DF,Real Sociedad,es La Liga,31,1994,8,0,0,0,17,11,0,6,10,8,0
822,Nico Elvedi,ch SUI,DF,DF,Gladbach,de Bundesliga,28,1996,33,5,0,0,18,16,1,1,40,32,0
823,Breel Embolo,ch SUI,FW,FW,Rennes,fr Ligue 1,28,1997,20.8,3,0,0,48,58,14,7,4,14,0
824,Emanuel Emegha,nl NED,FW,FW,Strasbourg,fr Ligue 1,22,2003,4.9,3,0,0,12,9,4,0,0,0,0
825,Emersonn,br BRA,FW,FW,Toulouse,fr Ligue 1,21,2004,16.7,5,1,0,40,10,5,8,7,8,0
826,Julio Enciso,py PAR,MFFW,MF,Strasbourg,fr Ligue 1,21,2004,20.9,2,0,0,20,31,5,61,7,10,0
827,Wataru Endo,jp JPN,DF,DF,Liverpool,eng Premier League,32,1993,1.9,1,0,0,2,3,0,3,0,3,0
828,Endrick,br BRA,FW,FW,Real Madrid,es La Liga,19,2006,0.1,0,1,0,0,1,0,0,0,0,0
829,Endrick,br BRA,FWMF,FW,Lyon,fr Ligue 1,19,2006,13.5,4,1,0,21,21,4,52,2,9,0
830,Yannik Engelhardt,de GER,MF,MF,Gladbach,de Bundesliga,24,2001,27.6,7,0,0,41,34,0,6,36,23,0
831,Christian Eriksen,dk DEN,MF,MF,Wolfsburg,de Bundesliga,33,1992,26.8,4,0,0,13,5,3,131,18,20,0
832,Aarón Escandell,es ESP,GK,GK,Oviedo,es La Liga,29,1995,36,3,0,0,1,8,0,0,0,0,0
833,Xavi Espart,es ESP,DF,DF,Barcelona,es La Liga,18,2007,1.8,0,0,0,0,4,0,2,5,1,0
834,Carlos Espí,es ESP,FW,FW,Levante,es La Liga,20,2005,14.9,3,0,0,31,25,10,1,9,7,0
835,Alfonso Espino,uy URU,DFMF,DF,Rayo Vallecano,es La Liga,33,1992,16.5,3,0,0,24,30,10,49,15,33,0
836,Francesco Esposito,it ITA,FW,FW,Inter,it Serie A,20,2005,17.5,1,0,0,29,50,2,4,5,5,0
837,Sebastiano Esposito,it ITA,FWMF,FW,Cagliari,it Serie A,23,2002,29.7,6,0,0,46,56,5,139,21,35,0
838,Romain Esse,eng ENG,MF,MF,Crystal Palace,eng Premier League,20,2005,0.5,0,0,0,2,2,0,2,0,1,0
839,Samuel Essende,cd COD,MFFW,MF,Augsburg,de Bundesliga,27,1998,4.6,2,0,0,17,14,5,3,1,2,0
840,Dario Essugo,pt POR,MF,MF,Chelsea,eng Premier League,20,2005,0.3,2,0,0,3,1,0,0,0,3,0
841,Marco Esteban,es ESP,DF,DF,Oviedo,es La Liga,19,2006,0.5,0,0,0,0,0,0,0,0,0,0
842,Maxime Estève,fr FRA,DF,DF,Burnley,eng Premier League,23,2002,32.6,1,0,0,13,12,0,6,37,27,2
843,Tomás Esteves,pt POR,DFMF,DF,Pisa,it Serie A,23,2002,0.2,0,0,0,0,0,0,0,0,0,0
844,Nahuel Estévez,ar ARG,MF,MF,Parma,it Serie A,29,1995,11.7,2,0,0,11,13,0,43,5,10,0
845,Pervis Estupiñán,ec ECU,MF,MF,Milan,it Serie A,27,1998,11.5,5,1,0,17,8,5,20,11,9,0
846,Karl Etta Eyong,cm CMR,FW,FW,Villarreal,es La Liga,21,2003,2.8,0,0,0,3,4,1,0,0,2,0
847,Karl Etta Eyong,cm CMR,FW,FW,Levante,es La Liga,21,2003,15.7,3,0,0,29,30,6,13,6,11,0
848,Evanilson,br BRA,FW,FW,Bournemouth,eng Premier League,25,1999,30.5,2,0,0,26,37,28,3,6,5,0
849,Edu Expósito,es ESP,MF,MF,Espanyol,es La Liga,28,1996,28,9,0,0,28,42,2,254,24,29,0
850,Eberechi Eze,eng ENG,MFFW,MF,Arsenal,eng Premier League,27,1998,20.1,1,0,0,14,38,1,8,11,13,0
851,Eberechi Eze,eng ENG,MF,MF,Crystal Palace,eng Premier League,27,1998,0.9,0,0,0,2,1,0,4,0,1,0
852,Abde Ezzalzouli,ma MAR,MFFW,MF,Real Betis,es La Liga,23,2001,25,3,0,0,28,71,4,55,15,32,0
853,Giovanni Fabbian,it ITA,MF,MF,Bologna,it Serie A,22,2003,7.8,0,0,0,13,18,2,2,5,4,0
854,Giovanni Fabbian,it ITA,MF,MF,Fiorentina,it Serie A,22,2003,5.2,2,0,0,6,9,0,4,1,2,0
855,Alieu Fadera,gm GAM,FW,FW,Sassuolo,it Serie A,23,2001,11,5,0,0,36,36,8,24,5,23,0
856,Wout Faes,be BEL,DF,DF,Monaco,fr Ligue 1,27,1998,12.7,3,0,0,14,3,0,1,14,12,0
857,Nicolò Fagioli,it ITA,MF,MF,Fiorentina,it Serie A,24,2001,28.4,5,0,0,23,45,0,84,18,31,0
858,Romain Faivre,fr FRA,MFFW,MF,Auxerre,fr Ligue 1,27,1998,6.5,0,0,0,5,10,2,14,6,4,0
859,Omar Falah,es ESP,DF,DF,Oviedo,es La Liga,21,2003,0.2,0,0,0,0,0,0,0,0,0,0
860,Wladimiro Falcone,it ITA,GK,GK,Lecce,it Serie A,30,1995,38,2,0,0,0,8,0,0,0,2,0
861,Ansu Fati,es ESP,MFFW,MF,Monaco,fr Ligue 1,22,2002,12.1,1,0,0,9,6,3,8,2,9,0
862,Abdoulaye Faye,sn SEN,DF,DF,Lorient,fr Ligue 1,20,2004,16,8,0,0,25,15,0,4,28,24,1
863,Jacopo Fazzini,it ITA,MFFW,MF,Fiorentina,it Serie A,22,2003,6.5,2,0,0,12,15,0,16,5,10,0
864,Aleix Febas,es ESP,MF,MF,Elche,es La Liga,29,1996,35.1,10,0,0,34,118,1,22,27,46,0
865,Mattia Felici,it ITA,MF,MF,Cagliari,it Serie A,24,2001,4.6,3,0,0,10,6,0,23,5,6,0
866,Luiz Felipe,it ITA,DF,DF,Rayo Vallecano,es La Liga,28,1997,5.2,1,0,0,5,1,0,0,7,8,0
867,Pedro Felipe,br BRA,DF,DF,Sassuolo,it Serie A,21,2004,1.4,0,0,0,2,1,0,0,2,1,0
868,Frank Feller,de GER,GK,GK,Heidenheim,de Bundesliga,21,2004,3,0,0,0,0,2,0,0,0,1,0
869,Robin Fellhauer,de GER,MF,MF,Augsburg,de Bundesliga,27,1998,31.1,2,0,0,25,33,6,92,22,43,0
870,Kiko Femenía,es ESP,DFMF,DF,Getafe,es La Liga,34,1991,22.3,6,0,0,21,11,5,43,36,24,0
871,Evan Ferguson,ie IRL,FW,FW,Roma,it Serie A,20,2004,8.6,1,0,0,11,9,3,2,1,4,0
872,Lewis Ferguson,sct SCO,MF,MF,Bologna,it Serie A,25,1999,17.8,7,1,1,34,26,3,25,12,16,0
873,Bruno Fernandes,pt POR,MF,MF,Manchester Utd,eng Premier League,30,1994,34,5,0,0,24,35,4,181,21,35,0
874,Mateus Fernandes,pt POR,MF,MF,West Ham,eng Premier League,21,2004,33.5,7,0,0,49,49,0,51,36,67,0
875,Aitor Fernández,es ESP,GK,GK,Osasuna,es La Liga,34,1991,1.5,3,0,0,0,0,0,0,0,0,0
876,Dro Fernández,es ESP,MF,MF,Barcelona,es La Liga,17,2008,1,0,0,0,1,1,1,0,0,0,0
877,Dro Fernández,es ESP,MF,MF,PSG,fr Ligue 1,17,2008,7.6,0,0,0,8,12,0,4,9,5,0
878,Enzo Fernández,ar ARG,MF,MF,Chelsea,eng Premier League,24,2001,34.6,10,0,0,36,45,1,89,20,24,0
879,Ezequiél Fernández,ar ARG,MF,MF,Leverkusen,de Bundesliga,23,2002,10.9,4,1,1,14,24,1,4,14,17,0
880,Manu Fernández,es ESP,DF,DF,Celta Vigo,es La Liga,24,2001,8.4,2,0,0,8,7,0,0,7,9,0
881,Pelayo Fernandez,es ESP,DF,DF,Rayo Vallecano,es La Liga,22,2003,0.5,0,0,0,1,0,0,0,0,0,0
882,Roberto Férnandez,es ESP,FW,FW,Espanyol,es La Liga,23,2002,26.5,3,0,0,40,47,9,9,6,5,0
883,Thiago Fernández,ar ARG,MFFW,MF,Oviedo,es La Liga,21,2004,9.1,4,0,0,7,11,2,27,5,7,0
884,Toni Fernández,es ESP,FW,FW,Barcelona,es La Liga,17,2008,0.5,0,0,0,0,0,0,0,0,0,0
885,Matias Fernandez-Pardo,be BEL,FWMF,FW,Lille,fr Ligue 1,20,2005,26.3,5,0,0,15,40,16,57,8,14,0
886,Álvaro Fidalgo,mx MEX,MF,MF,Real Betis,es La Liga,28,1997,6,0,0,0,2,6,1,6,4,5,0
887,Seydou Fini,it ITA,FW,FW,Genoa,it Serie A,19,2006,0.4,0,0,0,1,0,2,1,0,0,0
888,Max Finkgräfe,de GER,DF,DF,RB Leipzig,de Bundesliga,21,2004,5.6,2,0,0,3,4,0,37,8,12,0
889,Junior Firpo,do DOM,DF,DF,Real Betis,es La Liga,28,1996,9.2,2,0,0,11,8,1,19,10,14,0
890,Jonathan Fischer,dk DEN,GK,GK,Metz,fr Ligue 1,23,2001,26.2,0,0,0,0,4,0,0,0,0,0
891,Kilian Fischer,de GER,DF,DF,Wolfsburg,de Bundesliga,24,2000,8.9,0,0,0,10,4,0,16,12,13,1
892,Mark Flekken,nl NED,GK,GK,Leverkusen,de Bundesliga,32,1993,23.7,2,0,0,0,3,0,0,0,0,0
893,Zian Flemming,nl NED,FW,FW,Burnley,eng Premier League,26,1998,19.7,5,0,0,51,26,3,6,6,10,0
894,Jack Fletcher,eng ENG,MF,MF,Manchester Utd,eng Premier League,18,2007,1.2,0,0,0,2,1,0,0,1,1,0
895,Tyler Fletcher,sct SCO,MF,MF,Manchester Utd,eng Premier League,18,2007,0.2,0,0,0,0,0,0,0,0,0,0
896,Romano Floriani,it ITA,MF,MF,Cremonese,it Serie A,22,2003,13,2,0,0,21,5,2,29,6,14,0
897,Phil Foden,eng ENG,MF,MF,Manchester City,eng Premier League,25,2000,23.2,4,0,0,18,31,3,119,10,16,0
898,Malick Fofana,be BEL,MFFW,MF,Lyon,fr Ligue 1,20,2005,8.3,1,0,0,11,22,3,29,3,5,0
899,Rayan Fofana,fr FRA,FWMF,FW,Lens,fr Ligue 1,19,2006,8.9,0,0,0,15,34,7,6,1,4,0
900,Sadik Fofana,tg TOG,MF,MF,Lecce,it Serie A,22,2003,0.9,0,0,0,3,1,0,0,0,2,0
901,Seko Fofana,ci CIV,MF,MF,Rennes,fr Ligue 1,30,1995,7.3,0,0,0,3,13,0,7,3,2,0
902,Wesley Fofana,fr FRA,DF,DF,Chelsea,eng Premier League,24,2000,19.1,9,2,2,27,17,1,2,38,11,0
903,Youssouf Fofana,fr FRA,MF,MF,Milan,it Serie A,26,1999,24.5,4,0,0,21,16,0,10,19,19,0
904,Jonas Föhrenbach,de GER,DFMF,DF,Heidenheim,de Bundesliga,29,1996,25.8,3,0,0,16,18,1,78,33,27,0
905,Francesco Folino,it ITA,DF,DF,Cremonese,it Serie A,23,2002,8,1,0,0,11,9,0,1,2,4,0
906,Michael Folorunsho,it ITA,MFFW,MF,Cagliari,it Serie A,27,1998,22.2,3,0,0,35,49,13,22,10,10,0
907,Nicolas Fonseca,uy URU,MF,MF,Oviedo,es La Liga,26,1998,11.3,6,0,0,27,12,0,4,17,25,0
908,Álex Forés,es ESP,FW,FW,Oviedo,es La Liga,24,2001,4,0,0,0,3,6,1,2,1,1,0
909,Pablo Fornals,es ESP,MF,MF,Real Betis,es La Liga,29,1996,31.6,2,0,0,32,26,13,140,34,26,0
910,Héctor Fort,es ESP,DFMF,DF,Elche,es La Liga,18,2006,5.4,0,0,0,5,1,2,8,5,3,0
911,Niccolò Fortini,it ITA,MF,MF,Fiorentina,it Serie A,19,2006,6,0,0,0,5,18,0,29,4,9,0
912,Fortuño,es ESP,GK,GK,Espanyol,es La Liga,23,2001,1,0,0,0,0,0,0,0,0,0,0
913,Lyle Foster,za RSA,FWMF,FW,Burnley,eng Premier League,24,2000,15.2,4,0,0,22,13,11,6,4,12,0
914,Dimitri Foulquier,fr FRA,DF,DF,Valencia,es La Liga,32,1993,12.8,1,0,0,16,7,0,11,8,9,0
915,Juan Foyth,ar ARG,DF,DF,Villarreal,es La Liga,27,1998,10.4,2,0,0,8,1,0,0,15,13,0
916,Alejandro Francés,es ESP,DF,DF,Girona,es La Liga,22,2002,12.4,2,1,0,15,23,1,24,16,15,0
917,Christian Frangella,it ITA,MF,MF,Sassuolo,it Serie A,18,2006,0,0,0,0,0,0,1,1,1,0,0
918,Przemysław Frankowski,pl POL,MFDF,MF,Rennes,fr Ligue 1,30,1995,13.4,5,0,0,13,10,1,82,9,25,0
919,Davide Frattesi,it ITA,MF,MF,Inter,it Serie A,25,1999,6.3,0,0,0,9,11,2,2,3,7,0
920,Oscar Fraulo,dk DEN,MF,MF,Gladbach,de Bundesliga,21,2003,0.5,0,0,0,3,0,0,0,1,0,0
921,Tyler Fredricson,eng ENG,DF,DF,Manchester Utd,eng Premier League,20,2005,0,0,0,0,0,0,0,0,0,0,0
922,Alex Freeman,us USA,DF,DF,Villarreal,es La Liga,20,2004,3.8,0,0,0,2,3,0,1,5,8,0
923,Morten Frendrup,dk DEN,MF,MF,Genoa,it Serie A,24,2001,34.2,5,0,0,41,39,0,5,41,71,0
924,Martin Frese,dk DEN,MFDF,MF,Hellas Verona,it Serie A,27,1998,26.8,8,0,0,46,20,4,74,30,54,1
925,Remo Freuler,ch SUI,MF,MF,Bologna,it Serie A,33,1992,24.6,5,0,0,19,24,1,18,22,31,1
926,Marco Friedl,at AUT,DF,DF,Werder Bremen,de Bundesliga,27,1998,28.3,9,1,0,17,16,1,15,35,24,0
927,Marvin Friedrich,de GER,DF,DF,Gladbach,de Bundesliga,29,1995,1.7,0,0,0,2,2,0,0,1,3,0
928,Jeremie Frimpong,nl NED,DFMF,DF,Liverpool,eng Premier League,24,2000,11.6,1,0,0,8,21,4,51,6,9,0
929,Jorge de Frutos,es ESP,FWMF,FW,Rayo Vallecano,es La Liga,28,1997,27.4,3,0,0,34,39,18,47,11,16,0
930,Chris Führich,de GER,MF,MF,Stuttgart,de Bundesliga,27,1998,18.9,2,0,0,6,7,5,86,3,9,0
931,Joel Fujita,jp JPN,MF,MF,St Pauli,de Bundesliga,23,2002,29.6,6,0,0,37,19,3,28,34,36,0
932,Niclas Füllkrug,de GER,FW,FW,West Ham,eng Premier League,32,1993,4.5,0,0,0,11,1,2,0,2,1,0
933,Niclas Füllkrug,de GER,FW,FW,Milan,it Serie A,32,1993,7.3,0,0,0,8,8,14,1,3,2,0
934,Alessio Furlanetto,it ITA,GK,GK,Lazio,it Serie A,23,2002,2,0,0,0,0,0,0,0,0,0,0
935,Kaye Furo,be BEL,FW,FW,Brentford,eng Premier League,18,2007,0,0,0,0,1,0,0,0,0,0,0
936,Matteo Gabbia,it ITA,DF,DF,Milan,it Serie A,25,1999,28.1,4,0,0,25,6,0,1,13,14,0
937,Tiago Gabriel,pt POR,DF,DF,Lecce,it Serie A,20,2004,35.8,7,0,0,29,40,1,2,46,40,1
938,Gianluca Gaetano,it ITA,MFFW,MF,Cagliari,it Serie A,25,2000,21.2,4,0,0,26,29,0,38,23,15,0
939,Roberto Gagliardini,it ITA,MF,MF,Hellas Verona,it Serie A,31,1994,25.2,9,0,0,45,35,0,16,56,40,0
940,Cody Gakpo,nl NED,MFFW,MF,Liverpool,eng Premier League,26,1999,30.4,3,0,0,42,44,30,86,12,15,0
941,Javi Galán,es ESP,DF,DF,Osasuna,es La Liga,30,1994,18.6,3,0,0,30,37,0,86,27,30,0
942,Javi Galán,es ESP,DF,DF,Atlético Madrid,es La Liga,30,1994,1.5,0,0,0,2,3,2,5,1,2,0
943,Iñigo Ruiz de Galarreta,es ESP,MF,MF,Athletic Club,es La Liga,31,1993,24.5,10,0,0,54,41,0,62,24,32,0
944,Conor Gallagher,eng ENG,MF,MF,Tottenham,eng Premier League,25,2000,13.2,2,0,0,25,23,1,23,18,14,0
945,Conor Gallagher,eng ENG,MF,MF,Atlético Madrid,es La Liga,25,2000,7.5,2,0,0,18,9,2,11,11,12,0
946,Antonino Gallo,it ITA,DF,DF,Lecce,it Serie A,25,2000,34,3,0,0,7,13,0,134,15,37,0
947,Ignatius Ganago,cm CMR,FW,FW,Nantes,fr Ligue 1,26,1999,9.3,1,0,0,11,13,3,9,2,3,0
948,Omri Gandelman,il ISR,MFFW,MF,Lecce,it Serie A,25,2000,10.8,0,0,0,13,3,1,4,4,6,0
949,Ismaëlo Ganiou,fr FRA,DF,DF,Lens,fr Ligue 1,20,2005,22.4,4,1,1,25,22,0,17,29,27,0
950,Ben Gannon-Doak,sct SCO,MF,MF,Bournemouth,eng Premier League,19,2005,1.3,0,0,0,3,1,0,4,1,2,0
951,Facundo Garcés,my MAS,DF,DF,Alavés,es La Liga,25,1999,8.8,3,0,0,13,3,2,1,7,8,0
952,Aleix García,es ESP,MF,MF,Leverkusen,de Bundesliga,28,1997,29.6,6,0,0,8,19,2,123,22,20,0
953,Álvaro García,es ESP,MFFW,MF,Rayo Vallecano,es La Liga,32,1992,23.3,3,0,0,19,12,15,91,14,15,0
954,Andrés García,es ESP,DF,DF,Aston Villa,eng Premier League,22,2003,1,0,0,0,1,0,0,4,0,4,0
955,Eder García,es ESP,FW,FW,Athletic Club,es La Liga,21,2004,0.4,1,0,0,2,0,0,0,0,0,0
956,Eric García,es ESP,DFMF,DF,Barcelona,es La Liga,24,2001,30.2,6,0,0,33,24,1,14,50,44,0
957,Fran Garcia,es ESP,DFMF,DF,Real Madrid,es La Liga,25,1999,10.3,2,1,1,7,14,1,28,6,12,0
958,Gonzalo García,es ESP,FW,FW,Real Madrid,es La Liga,21,2004,10.7,2,0,0,9,6,0,3,2,7,0
959,Hugo García,es ESP,MF,MF,Celta Vigo,es La Liga,18,2006,0.1,0,0,0,0,0,0,0,0,0,0
960,Joan García,es ESP,GK,GK,Barcelona,es La Liga,24,2001,30,1,0,0,0,4,0,0,1,4,0
961,Pablo Garcia,es ESP,MF,MF,Real Betis,es La Liga,19,2006,4.3,1,0,0,5,9,3,3,3,5,0
962,Rubén García,es ESP,MFFW,MF,Osasuna,es La Liga,32,1993,24.8,6,0,0,36,27,1,154,17,31,0
963,Ulisses Garcia,ch SUI,MFDF,MF,Marseille,fr Ligue 1,29,1996,2.3,1,1,0,4,2,0,1,0,2,0
964,Ulisses Garcia,ch SUI,DF,DF,Sassuolo,it Serie A,29,1996,10.5,3,0,0,11,2,1,34,8,10,0
965,Víctor García,es ESP,MFFW,MF,Levante,es La Liga,27,1997,11.6,1,0,0,13,11,3,65,7,15,0
966,Alejandro Garnacho,ar ARG,MF,MF,Chelsea,eng Premier League,21,2004,14.1,2,0,0,9,23,2,61,4,13,0
967,James Garner,eng ENG,MFDF,MF,Everton,eng Premier League,24,2001,37.9,12,0,0,39,42,0,205,57,72,0
968,Erawan Garnier,th THA,DF,DF,Lens,fr Ligue 1,19,2006,0.1,0,0,0,0,0,0,2,0,1,0
969,Federico Gatti,it ITA,DF,DF,Juventus,it Serie A,27,1998,12.1,3,0,0,17,6,0,2,12,10,0
970,Federico Gattoni,ar ARG,DF,DF,Sevilla,es La Liga,26,1999,0.1,0,0,0,0,0,0,0,0,0,0
971,Gavi,es ESP,MF,MF,Barcelona,es La Liga,20,2004,6.4,3,0,0,11,14,0,2,3,8,0
972,Jusuf Gazibegović,ba BIH,DF,DF,Köln,de Bundesliga,25,2000,0.3,0,0,0,0,0,0,1,0,0,0
973,Paulo Gazzaniga,ar ARG,GK,GK,Girona,es La Liga,33,1992,34.5,4,1,0,1,5,0,0,0,1,0
974,Jean-Philippe Gbamin,ci CIV,DFMF,DF,Metz,fr Ligue 1,29,1995,27.6,2,1,0,25,8,0,5,27,27,0
975,Yann Gboho,fr FRA,MFFW,MF,Toulouse,fr Ligue 1,24,2001,28.9,1,1,0,16,69,5,33,13,19,0
976,David de Gea,es ESP,GK,GK,Fiorentina,it Serie A,34,1990,37,0,0,0,0,6,0,0,0,0,0
977,Lutsharel Geertruida,nl NED,DFMF,DF,Sunderland,eng Premier League,25,2000,18.8,2,0,0,15,7,1,9,20,22,0
978,Valentin Gendrey,fr FRA,DF,DF,Hoffenheim,de Bundesliga,25,2000,0.7,0,0,0,2,1,0,2,1,0,0
979,Tyrique George,eng ENG,FW,FW,Chelsea,eng Premier League,19,2006,1.6,2,0,0,6,1,2,1,0,2,0
980,Tyrique George,eng ENG,MF,MF,Everton,eng Premier League,19,2006,2.4,0,0,0,3,1,2,10,2,3,0
981,Yannick Gerhardt,de GER,MF,MF,Wolfsburg,de Bundesliga,31,1994,11.9,1,0,0,20,14,0,8,10,8,0
982,Willem Geubbels,fr FRA,FW,FW,Paris FC,fr Ligue 1,23,2001,11.3,0,0,0,19,3,10,9,6,2,0
983,Ismaël Gharbi,tn TUN,MF,MF,Augsburg,de Bundesliga,21,2004,1,0,0,0,2,8,0,4,0,1,0
984,Mourad El Ghezouani,ma MAR,FW,FW,Elche,es La Liga,27,1998,0.6,0,0,0,1,1,0,0,0,3,0
985,Rachid Ghezzal,dz ALG,MFFW,MF,Lyon,fr Ligue 1,33,1992,2.5,0,0,0,9,2,1,15,1,4,0
986,Daniele Ghilardi,it ITA,DF,DF,Roma,it Serie A,22,2003,12.2,1,0,0,23,17,0,3,22,15,0
987,Andrea Ghion,it ITA,MF,MF,Sassuolo,it Serie A,25,2000,0.1,0,0,0,0,0,0,1,0,1,0
988,Dimitris Giannoulis,gr GRE,MF,MF,Augsburg,de Bundesliga,29,1995,21,8,0,0,16,20,4,99,21,20,0
989,Morgan Gibbs-White,eng ENG,MF,MF,Nottingham,eng Premier League,25,2000,34.4,1,0,0,26,41,5,42,12,16,0
990,Bryan Gil,es ESP,MFFW,MF,Girona,es La Liga,24,2001,17.5,6,0,0,20,37,6,52,9,18,0
991,Mario Gila,es ESP,DF,DF,Lazio,it Serie A,24,2000,27.5,4,1,0,19,25,0,1,26,34,0
992,Billy Gilmour,sct SCO,MF,MF,Napoli,it Serie A,24,2001,8.9,1,0,0,9,7,0,6,11,8,0
993,Benedikt Gimber,de GER,DF,DF,Heidenheim,de Bundesliga,28,1997,16,6,0,0,27,31,0,5,15,21,0
994,Santiago Giménez,mx MEX,FW,FW,Milan,it Serie A,24,2001,9.9,2,0,0,10,15,7,1,1,5,0
995,Gvidas Gineitis,lt LTU,MF,MF,Torino,it Serie A,21,2004,19.5,5,0,0,43,32,1,64,23,28,0
996,Matthias Ginter,de GER,DF,DF,Freiburg,de Bundesliga,31,1994,31.5,3,0,0,16,19,2,15,22,14,0
997,Giovane,br BRA,FWMF,FW,Hellas Verona,it Serie A,21,2003,17,2,0,0,21,15,8,56,5,9,0
998,Giovane,br BRA,MFFW,MF,Napoli,it Serie A,21,2003,3.8,0,0,0,3,9,7,11,1,0,0
999,Olivier Giroud,fr FRA,FW,FW,Lille,fr Ligue 1,38,1986,17.9,2,0,0,27,31,8,2,4,8,0
1000,Jamie Gittens,eng ENG,MF,MF,Chelsea,eng Premier League,20,2004,5.5,0,0,0,6,8,2,13,2,4,0
1001,Robert Glatzel,de GER,FW,FW,Hamburger SV,de Bundesliga,31,1994,6.8,0,0,0,9,13,2,1,0,1,0
1002,Serge Gnabry,de GER,MF,MF,Bayern Munich,de Bundesliga,30,1995,13.5,1,0,0,9,6,6,21,4,10,0
1003,Wilfried Gnonto,it ITA,FW,FW,Leeds United,eng Premier League,21,2003,6,3,0,0,7,11,0,20,3,13,0
1004,Giorgi Gocholeishvili,ge GEO,MF,MF,Hamburger SV,de Bundesliga,24,2001,10.4,3,1,1,13,19,3,20,7,14,0
1005,Martial Godo,ci CIV,MF,MF,Strasbourg,fr Ligue 1,22,2003,17.6,2,0,0,15,32,11,31,15,13,0
1006,Maxima Goffi,fr FRA,DF,DF,Lille,fr Ligue 1,17,2008,0.4,0,0,0,1,0,0,1,0,1,0
1007,Saba Goglichidze,ge GEO,DF,DF,Udinese,it Serie A,21,2004,4.7,2,0,0,5,4,0,2,8,8,0
1008,Edoardo Goldaniga,it ITA,DF,DF,Como,it Serie A,31,1993,0.2,0,0,0,0,0,0,0,0,0,0
1009,Aleksandr Golovin,ru RUS,MF,MF,Monaco,fr Ligue 1,29,1996,18.3,4,1,1,29,18,2,37,21,18,0
1010,André Gomes,pt POR,MF,MF,Lille,fr Ligue 1,32,1993,0.1,0,0,0,2,0,0,0,0,0,0
1011,Angel Gomes,eng ENG,MF,MF,Marseille,fr Ligue 1,24,2000,9.9,4,0,0,19,12,0,7,4,5,0
1012,Angel Gomes,eng ENG,MFFW,MF,Wolves,eng Premier League,24,2000,5.1,1,0,0,7,9,0,12,1,5,0
1013,João Gomes,br BRA,MF,MF,Wolves,eng Premier League,24,2001,31.4,10,0,0,69,49,1,31,36,68,0
1014,Rodrigo Gomes,pt POR,MFFW,MF,Wolves,eng Premier League,22,2003,10.7,0,0,0,6,8,3,24,11,18,0
1015,Toti Gomes,pt POR,DF,DF,Wolves,eng Premier League,26,1999,15.8,2,1,0,11,11,0,11,13,11,0
1016,Diego Gómez,py PAR,MFFW,MF,Brighton,eng Premier League,22,2003,23.6,9,0,0,49,11,1,23,19,49,0
1017,Joe Gomez,eng ENG,DF,DF,Liverpool,eng Premier League,28,1997,6.7,4,0,0,14,0,0,16,8,7,0
1018,Moi Gómez,es ESP,MF,MF,Osasuna,es La Liga,31,1994,13.3,3,0,0,20,22,0,36,11,9,0
1019,Sergio Gómez,es ESP,DF,DF,Real Sociedad,es La Liga,24,2000,30,5,1,0,45,15,4,153,32,53,0
1020,Unai Gómez,es ESP,MF,MF,Athletic Club,es La Liga,22,2003,10.4,1,0,0,12,6,4,23,3,8,0
1021,Valentín Gómez,ar ARG,DF,DF,Real Betis,es La Liga,22,2003,20.9,5,0,0,26,11,1,12,23,25,0
1022,Georges Gomis,sn SEN,DF,DF,Le Havre,fr Ligue 1,17,2008,0,0,0,0,0,0,0,0,0,0,0
1023,Tidiam Gomis,fr FRA,FW,FW,RB Leipzig,de Bundesliga,18,2006,3.9,1,0,0,4,3,3,6,0,2,0
1024,Rafael Gonçalves,pt POR,MFDF,MF,Strasbourg,fr Ligue 1,20,2005,6.5,0,0,0,7,2,0,4,4,10,0
1025,Hugo González,es ESP,FW,FW,Celta Vigo,es La Liga,22,2003,0.1,0,0,0,0,0,0,1,0,1,0
1026,Nicolás González,es ESP,MF,MF,Manchester City,eng Premier League,23,2002,17.4,6,0,0,30,18,0,3,24,30,0
1027,Nicolás González,ar ARG,MFDF,MF,Atlético Madrid,es La Liga,27,1998,16.1,4,1,0,28,25,2,27,11,16,0
1028,Nicolás González,ar ARG,FWMF,FW,Juventus,it Serie A,27,1998,0.2,0,0,0,0,3,0,0,0,0,0
1029,Urko González,es ESP,MF,MF,Espanyol,es La Liga,24,2001,29.1,7,0,0,42,42,1,12,29,33,0
1030,Urko González,es ESP,DFMF,DF,Real Sociedad,es La Liga,24,2001,0.1,0,0,0,0,0,0,0,0,0,0
1031,Anthony Gordon,eng ENG,FW,FW,Newcastle,eng Premier League,24,2001,19.9,3,1,0,13,40,5,69,3,13,0
1032,Leon Goretzka,de GER,MF,MF,Bayern Munich,de Bundesliga,30,1995,21.6,4,0,0,15,16,2,7,26,19,0
1033,Mathieu Gorgelin,fr FRA,GK,GK,Lens,fr Ligue 1,34,1990,1,0,0,0,0,0,0,0,0,0,0
1034,Andoni Gorosabel,es ESP,DF,DF,Athletic Club,es La Liga,28,1996,15.1,3,0,0,13,12,0,55,18,24,0
1035,Jon Gorrotxategi,es ESP,MF,MF,Real Sociedad,es La Liga,23,2002,24.6,7,0,0,33,27,0,5,31,29,1
1036,Olaf Gorter,nl NED,MF,MF,Lecce,it Serie A,20,2005,0.3,0,0,0,1,0,0,0,0,1,0
1037,Alimami Gory,ml MLI,MFDF,MF,Paris FC,fr Ligue 1,28,1996,10.9,3,0,0,12,15,8,10,8,11,0
1038,Robin Gosens,de GER,DFMF,DF,Fiorentina,it Serie A,31,1994,20.9,2,0,0,24,25,3,41,23,18,0
1039,Mikel Goti,es ESP,MF,MF,Real Sociedad,es La Liga,23,2002,0.8,0,0,0,6,0,0,3,0,1,0
1040,Mario Götze,de GER,MF,MF,Frankfurt,de Bundesliga,33,1992,9.8,1,0,0,9,12,1,22,4,8,0
1041,Amine Gouiri,dz ALG,FWMF,FW,Marseille,fr Ligue 1,25,2000,14.7,1,0,0,17,16,4,37,3,9,0
1042,Lucas Gourna-Douath,fr FRA,MF,MF,Le Havre,fr Ligue 1,21,2003,14.1,5,0,0,24,35,2,5,15,12,0
1043,Tiago Gouveia,pt POR,MF,MF,Nice,fr Ligue 1,24,2001,5.9,3,0,0,6,9,0,4,9,3,0
1044,Jeffrey Gouweleeuw,nl NED,DF,DF,Augsburg,de Bundesliga,34,1991,9.4,3,0,0,7,3,1,5,13,10,0
1045,Kamil Grabara,pl POL,GK,GK,Wolfsburg,de Bundesliga,26,1999,34,1,0,0,0,2,0,0,1,1,0
1046,Jonathan Gradit,fr FRA,DF,DF,Lens,fr Ligue 1,32,1992,9,2,1,0,15,9,0,3,16,12,0
1047,Alberto Grassi,it ITA,MF,MF,Cremonese,it Serie A,30,1995,19.5,4,1,0,17,30,0,3,35,11,0
1048,Ryan Gravenberch,nl NED,MF,MF,Liverpool,eng Premier League,23,2002,33.2,5,0,0,38,42,0,8,44,35,0
1049,Archie Gray,eng ENG,MFDF,MF,Tottenham,eng Premier League,19,2006,16.4,5,0,0,12,2,0,12,17,8,0
1050,Jack Grealish,eng ENG,MF,MF,Everton,eng Premier League,29,1995,18.1,5,1,1,13,58,0,39,11,15,0
1051,Mason Greenwood,eng ENG,MF,MF,Marseille,fr Ligue 1,23,2001,27.4,4,0,0,22,34,1,112,4,13,0
1052,Michael Gregoritsch,at AUT,FW,FW,Augsburg,de Bundesliga,31,1994,10.1,2,0,0,5,18,4,6,5,4,0
1053,Dominik Greif,sk SVK,GK,GK,Lyon,fr Ligue 1,28,1997,29,1,0,0,0,6,0,0,0,0,0
1054,Antoine Griezmann,fr FRA,FW,FW,Atlético Madrid,es La Liga,34,1991,16.5,1,0,0,4,10,15,80,8,9,0
1055,Vincenzo Grifo,it ITA,MF,MF,Freiburg,de Bundesliga,32,1993,19,0,0,0,10,12,2,111,16,5,0
1056,Álex Grimaldo,es ESP,MF,MF,Leverkusen,de Bundesliga,29,1995,28,5,0,0,11,29,8,174,18,25,0
1057,Pascal Groß,de GER,MF,MF,Dortmund,de Bundesliga,34,1991,6.8,0,0,0,10,4,0,23,5,6,0
1058,Pascal Groß,de GER,MF,MF,Brighton,eng Premier League,34,1991,18.2,2,0,0,17,12,4,119,11,17,0
1059,Jacopo Grossi,it ITA,MF,MF,Genoa,it Serie A,18,2006,0.2,0,0,0,0,0,0,3,0,0,0
1060,Brajan Gruda,de GER,MFFW,MF,RB Leipzig,de Bundesliga,21,2004,8.4,1,0,0,10,12,1,25,0,8,0
1061,Brajan Gruda,de GER,MF,MF,Brighton,eng Premier League,21,2004,8,2,0,0,11,14,2,14,2,5,0
1062,Ilia Gruev,bg BUL,MF,MF,Leeds United,eng Premier League,25,2000,14.7,3,0,0,16,9,0,16,14,13,0
1063,Marco Grüll,at AUT,MFFW,MF,Werder Bremen,de Bundesliga,27,1998,22.3,5,0,0,33,28,2,69,14,20,0
1064,Albert Grønbaek,dk DEN,MF,MF,Hamburger SV,de Bundesliga,24,2001,5.5,0,0,0,2,6,0,6,11,10,0
1065,Albert Grønbaek,dk DEN,MF,MF,Genoa,it Serie A,24,2001,1.1,1,0,0,1,1,0,1,0,2,0
1066,Nemanja Gudelj,rs SRB,DFMF,DF,Sevilla,es La Liga,33,1991,26.1,9,0,0,40,11,0,7,23,23,0
1067,Gabriel Gudmundsson,se SWE,DFMF,DF,Leeds United,eng Premier League,26,1999,29.2,6,1,1,31,56,3,88,28,47,1
1068,Gonçalo Guedes,pt POR,MF,MF,Real Sociedad,es La Liga,28,1996,20.3,3,0,0,18,33,13,70,4,16,0
1069,Marc Guéhi,eng ENG,DF,DF,Crystal Palace,eng Premier League,25,2000,20,4,0,0,14,18,0,10,24,19,0
1070,Marc Guéhi,eng ENG,DF,DF,Manchester City,eng Premier League,25,2000,15,2,0,0,11,20,0,7,25,12,0
1071,Mattéo Guendouzi,fr FRA,MF,MF,Lazio,it Serie A,26,1999,15.9,5,1,0,17,21,0,20,11,8,0
1072,Javier Guerra,es ESP,MFFW,MF,Valencia,es La Liga,22,2003,22.9,3,0,0,27,20,2,46,23,15,0
1073,Raphaël Guerreiro,pt POR,MF,MF,Bayern Munich,de Bundesliga,31,1993,8.7,0,0,0,3,2,1,5,1,7,0
1074,Daniel Guerrero,es ESP,MF,MF,Real Betis,es La Liga,20,2005,0,0,0,0,0,1,0,0,0,0,0
1075,Ismaël Guerti,fr FRA,FW,FW,Metz,fr Ligue 1,21,2004,0.3,0,0,0,0,0,0,1,1,1,0
1076,Evann Guessand,ci CIV,MF,MF,Crystal Palace,eng Premier League,24,2001,3.7,0,0,0,4,8,1,1,2,2,0
1077,Evann Guessand,ci CIV,MF,MF,Aston Villa,eng Premier League,24,2001,6.5,0,0,0,11,12,0,10,3,9,0
1078,Ander Guevara,es ESP,MF,MF,Alavés,es La Liga,28,1997,7.3,4,1,1,11,5,0,6,9,8,0
1079,Idrissa Gueye,sn SEN,MF,MF,Everton,eng Premier League,35,1989,23.3,1,1,0,21,31,0,19,29,21,0
1080,Idrissa Guèye,sn SEN,FW,FW,Udinese,it Serie A,18,2006,4.7,2,0,0,15,9,3,4,3,4,0
1081,Idrissa Guèye,sn SEN,FW,FW,Metz,fr Ligue 1,18,2006,1.5,0,0,0,3,2,0,0,0,2,0
1082,Pape Gueye,sn SEN,MF,MF,Villarreal,es La Liga,26,1999,23.7,8,0,0,35,54,2,14,35,22,0
1083,Morgan Guilavogui,gn GUI,MF,MF,Lens,fr Ligue 1,27,1998,5.5,3,1,0,15,12,4,4,3,10,0
1084,Frederic Guilbert,fr FRA,DFMF,DF,Nantes,fr Ligue 1,30,1994,6.7,1,0,0,7,13,0,17,19,12,0
1085,Luis Guilherme,br BRA,FW,FW,West Ham,eng Premier League,19,2006,1.4,0,0,0,0,0,0,0,0,1,0
1086,Bruno Guimarães,br BRA,MF,MF,Newcastle,eng Premier League,27,1997,27.3,6,0,0,45,75,2,82,16,41,0
1087,Daouda Guindo,ml MLI,DF,DF,Brest,fr Ligue 1,22,2002,18.7,4,1,0,26,15,4,38,30,30,0
1088,Bahereba Guirassy,fr FRA,FWMF,FW,Nantes,fr Ligue 1,18,2006,9.1,2,0,0,15,9,3,24,5,13,0
1089,Serhou Guirassy,gn GUI,FW,FW,Dortmund,de Bundesliga,29,1996,26,3,0,0,37,36,7,4,0,1,0
1090,Marc Guiu,es ESP,FW,FW,Sunderland,eng Premier League,19,2006,0.2,0,0,0,0,0,0,0,0,0,0
1091,Marc Guiu,es ESP,FW,FW,Chelsea,eng Premier League,19,2006,2.9,1,0,0,9,2,2,0,0,0,0
1092,Péter Gulácsi,hu HUN,GK,GK,RB Leipzig,de Bundesliga,35,1990,22.3,1,0,0,0,0,0,0,0,0,0
1093,Arda Güler,tr TUR,MF,MF,Real Madrid,es La Liga,20,2005,22.4,1,0,0,21,32,3,129,8,28,0
1094,Gerard Gumbau,es ESP,MF,MF,Rayo Vallecano,es La Liga,30,1994,13.1,4,0,0,38,5,0,52,11,16,0
1095,Angus Gunn,sct SCO,GK,GK,Nottingham,eng Premier League,29,1996,0.5,0,0,0,0,0,0,0,0,0,0
1096,Christian Günter,de GER,DF,DF,Freiburg,de Bundesliga,32,1993,17.2,3,0,0,10,6,5,73,10,12,0
1097,Jon Guridi,es ESP,MFFW,MF,Alavés,es La Liga,30,1995,13.8,1,0,0,15,8,2,12,10,19,0
1098,Gorka Guruzeta,es ESP,FW,FW,Athletic Club,es La Liga,28,1996,26.3,6,1,1,49,30,11,7,11,6,0
1099,Malo Gusto,fr FRA,DFMF,DF,Chelsea,eng Premier League,22,2003,25.1,5,1,1,20,20,1,58,30,23,1
1100,Linus Güther,de GER,MF,MF,Union Berlin,de Bundesliga,15,2010,0.1,1,0,0,1,0,0,0,0,0,0
1101,Miguel Gutiérrez,es ESP,MFDF,MF,Napoli,it Serie A,24,2001,16.5,0,0,0,19,28,1,48,7,22,0
1102,Albert Guðmundsson,is ISL,FWMF,FW,Fiorentina,it Serie A,28,1997,25,4,1,0,34,30,6,54,3,4,0
1103,Joško Gvardiol,hr CRO,DF,DF,Manchester City,eng Premier League,23,2002,15.2,2,0,0,16,7,0,2,16,13,0
1104,Viktor Gyökeres,se SWE,FW,FW,Arsenal,eng Premier League,27,1998,24.7,5,0,0,35,31,4,8,1,5,0
1105,Erling Haaland,no NOR,FW,FW,Manchester City,eng Premier League,25,2000,32.8,2,0,0,24,25,5,3,4,7,0
1106,Janik Haberer,de GER,MF,MF,Union Berlin,de Bundesliga,31,1994,18.3,8,0,0,24,21,1,67,10,19,0
1107,Robin Hack,de GER,MF,MF,Gladbach,de Bundesliga,26,1998,3.6,1,0,0,4,3,1,14,1,2,0
1108,Amadou Haidara,ml MLI,MF,MF,Lens,fr Ligue 1,27,1998,2.9,0,0,0,4,2,0,0,2,0,0
1109,Albian Hajdari,xk KVX,DF,DF,Hoffenheim,de Bundesliga,22,2003,27,10,0,0,43,23,0,19,42,38,0
1110,Achraf Hakimi,ma MAR,DF,DF,PSG,fr Ligue 1,26,1998,15.3,3,1,0,9,17,4,43,11,13,0
1111,Lewis Hall,eng ENG,DF,DF,Newcastle,eng Premier League,20,2004,24.2,4,0,0,17,40,0,102,29,31,0
1112,Adil Hamdani,fr FRA,MF,MF,Lyon,fr Ligue 1,16,2009,0.3,0,0,0,1,0,0,4,0,0,0
1113,Pierre-Yves Hamel,fr FRA,FW,FW,Paris FC,fr Ligue 1,31,1994,0.9,0,0,0,2,0,0,0,1,0,0
1114,Hilan Hamzaoui,fr FRA,DF,DF,Marseille,fr Ligue 1,19,2006,0,0,0,0,0,0,0,0,0,0,0
1115,Andreas Hanche-Olsen,no NOR,DF,DF,Mainz 05,de Bundesliga,28,1997,9.5,3,0,0,13,6,2,0,13,5,1
1116,Dávid Hancko,sk SVK,DF,DF,Atlético Madrid,es La Liga,27,1997,27,2,0,0,15,4,2,29,19,27,0
1117,Florent Hanin,dz ALG,DFMF,DF,Angers,fr Ligue 1,35,1990,9.6,0,0,0,8,8,0,26,13,8,0
1118,Isak Hansen-Aarøen,no NOR,MF,MF,Werder Bremen,de Bundesliga,20,2004,0,0,0,0,0,0,0,0,0,2,0
1119,Taichi Hara,jp JPN,FW,FW,St Pauli,de Bundesliga,26,1999,0.3,0,0,0,0,0,0,0,0,0,0
1120,Hákon Haraldsson,is ISL,MF,MF,Lille,fr Ligue 1,22,2003,27.3,6,0,0,28,43,0,75,12,15,0
1121,Conrad Harder,dk DEN,FW,FW,RB Leipzig,de Bundesliga,20,2005,10.4,3,0,0,21,18,4,13,7,6,0
1122,Jack Harrison,eng ENG,FWMF,FW,Fiorentina,it Serie A,28,1996,10.9,1,0,0,9,7,0,56,2,6,0
1123,Jack Harrison,eng ENG,FW,FW,Leeds United,eng Premier League,28,1996,3,0,0,0,1,4,0,17,4,2,0
1124,Abdou Harroui,nl NED,MF,MF,Hellas Verona,it Serie A,27,1998,10.1,3,0,0,22,1,2,28,1,17,0
1125,Quilindschy Hartman,nl NED,DF,DF,Burnley,eng Premier League,23,2001,20.3,1,0,0,13,3,1,74,32,31,0
1126,Haissem Hassan,eg EGY,MFFW,MF,Oviedo,es La Liga,23,2002,21.6,1,0,0,12,25,3,113,6,26,0
1127,Hans Hateboer,nl NED,DFMF,DF,Rennes,fr Ligue 1,31,1994,0.2,0,0,0,2,0,0,0,0,0,0
1128,Hans Hateboer,nl NED,DFMF,DF,Lyon,fr Ligue 1,31,1994,8.2,0,1,0,8,3,1,22,10,10,0
1129,Jorrel Hato,nl NED,DF,DF,Chelsea,eng Premier League,19,2006,12.8,7,0,0,15,2,0,7,17,19,0
1130,Kjetil Haug,no NOR,GK,GK,Toulouse,fr Ligue 1,27,1998,0.3,0,0,0,0,0,0,0,0,0,0
1131,Kai Havertz,de GER,FWMF,FW,Arsenal,eng Premier League,26,1999,6.5,1,0,0,8,8,3,6,1,5,0
1132,Ayden Heaven,eng ENG,DF,DF,Manchester Utd,eng Premier League,18,2006,10.3,2,0,0,7,9,0,1,1,13,1
1133,Jan Paul van Hecke,nl NED,DF,DF,Brighton,eng Premier League,25,2000,35.7,9,0,0,27,43,4,23,45,31,1
1134,Hwang Hee-chan,kr KOR,FWMF,FW,Wolves,eng Premier League,29,1996,16.1,5,0,0,28,18,9,19,12,4,0
1135,Torbjørn Heggem,no NOR,DF,DF,Bologna,it Serie A,26,1999,23.5,0,1,0,31,12,0,1,25,19,0
1136,Gauthier Hein,fr FRA,MFFW,MF,Metz,fr Ligue 1,28,1996,26.1,3,1,1,15,17,4,147,9,10,0
1137,Dominique Heintz,de GER,DF,DF,Köln,de Bundesliga,31,1993,4.2,0,0,0,2,4,0,1,5,1,0
1138,Eivind Helland,no NOR,DF,DF,Bologna,it Serie A,20,2005,5.4,2,0,0,5,1,0,0,7,5,0
1139,George Hemmings,eng ENG,MF,MF,Aston Villa,eng Premier League,18,2007,0.3,0,0,0,1,0,0,0,0,0,0
1140,Dean Henderson,eng ENG,GK,GK,Crystal Palace,eng Premier League,28,1997,37,5,0,0,2,5,0,0,1,0,0
1141,Jordan Henderson,eng ENG,MF,MF,Brentford,eng Premier League,35,1990,21.3,6,0,0,13,7,1,48,16,14,0
1142,Ramon Hendriks,nl NED,DF,DF,Stuttgart,de Bundesliga,24,2001,22.5,3,0,0,17,25,0,20,22,15,0
1143,Benjamin Henrichs,de GER,DF,DF,RB Leipzig,de Bundesliga,28,1997,3.4,0,0,0,3,1,0,0,4,6,0
1144,Caio Henrique,br BRA,DFMF,DF,Monaco,fr Ligue 1,28,1997,17.1,2,0,0,13,17,1,90,12,11,0
1145,Luis Henrique,br BRA,MF,MF,Inter,it Serie A,23,2001,18,1,0,0,5,0,1,39,7,16,0
1146,Rico Henry,jm JAM,DF,DF,Brentford,eng Premier League,28,1997,14.8,2,0,0,15,17,2,26,7,11,0
1147,Pharell Hensel,de GER,MF,MF,Wolfsburg,de Bundesliga,18,2007,0.8,0,0,0,0,1,0,0,0,1,0
1148,Mads Hermansen,dk DEN,GK,GK,West Ham,eng Premier League,25,2000,18,0,0,0,0,2,0,0,0,0,0
1149,Mario Hermoso,es ESP,DF,DF,Roma,it Serie A,30,1995,23.2,9,0,0,40,19,0,10,30,20,0
1150,Lucas Hernández,fr FRA,DF,DF,PSG,fr Ligue 1,29,1996,19.4,4,0,0,22,19,0,16,21,14,0
1151,Hernani,br BRA,MF,MF,Parma,it Serie A,31,1994,0.8,0,0,0,2,3,1,2,1,0,0
1152,Jorge Herrando,es ESP,DF,DF,Osasuna,es La Liga,24,2001,17.8,3,0,0,24,9,0,2,22,15,0
1153,Sergio Herrera,es ESP,GK,GK,Osasuna,es La Liga,32,1993,36.5,3,1,0,3,5,0,0,0,0,0
1154,Yangel Herrera,ve VEN,MF,MF,Girona,es La Liga,27,1998,1.2,0,0,0,1,3,0,2,1,1,0
1155,Yangel Herrera,ve VEN,MF,MF,Real Sociedad,es La Liga,27,1998,5.8,2,0,0,13,18,2,0,1,6,0
1156,Charles Herrmann,de GER,FW,FW,Gladbach,de Bundesliga,19,2006,0.1,0,0,0,1,0,0,1,1,0,0
1157,Daniel Heuer Fernandes,pt POR,GK,GK,Hamburger SV,de Bundesliga,32,1992,33,3,0,0,0,4,0,0,0,0,0
1158,Aaron Hickey,sct SCO,DFMF,DF,Brentford,eng Premier League,23,2002,7.7,1,0,0,7,9,0,4,8,7,0
1159,Santiago Hidalgo,ar ARG,MFFW,MF,Toulouse,fr Ligue 1,20,2005,14.5,4,0,0,41,30,8,12,8,20,0
1160,Isak Hien,se SWE,DF,DF,Atalanta,it Serie A,26,1999,21.9,5,0,0,36,21,0,0,29,34,1
1161,Asier Hierro,es ESP,FW,FW,Athletic Club,es La Liga,20,2005,0.4,0,0,0,0,0,0,0,0,0,0
1162,Omar El Hilali,ma MAR,DF,DF,Espanyol,es La Liga,21,2003,31.4,9,0,0,44,24,3,57,39,55,0
1163,James Hill,eng ENG,DF,DF,Bournemouth,eng Premier League,23,2002,23.4,5,0,0,17,13,2,11,37,20,2
1164,Rémi Himbert,fr FRA,FW,FW,Lyon,fr Ligue 1,17,2008,1.5,0,0,0,2,4,0,2,0,3,0
1165,Piero Hincapié,ec ECU,DF,DF,Arsenal,eng Premier League,23,2002,19.9,2,0,0,18,14,1,33,26,26,1
1166,Piero Hincapié,ec ECU,DF,DF,Leverkusen,de Bundesliga,23,2002,1,0,0,0,2,0,0,0,2,0,0
1167,Jack Hinshelwood,eng ENG,MF,MF,Brighton,eng Premier League,20,2005,19.3,0,0,0,32,12,2,7,6,13,1
1168,Adam Hložek,cz CZE,FWMF,FW,Hoffenheim,de Bundesliga,23,2002,0.5,0,0,0,0,1,0,0,0,0,0
1169,Ki-Jana Hoever,nl NED,MFDF,MF,Wolves,eng Premier League,23,2002,4.7,0,0,0,3,3,1,22,5,11,0
1170,Nicolas Höfler,de GER,MF,MF,Freiburg,de Bundesliga,35,1990,3.2,0,0,0,6,3,0,0,2,6,0
1171,Jonas Hofmann,de GER,MF,MF,Leverkusen,de Bundesliga,33,1992,11.3,3,0,0,4,9,2,37,2,10,0
1172,Malthe Hojholt,dk DEN,MF,MF,Pisa,it Serie A,24,2001,9.4,2,0,0,13,5,0,4,9,8,0
1173,Lucas Höler,de GER,FWMF,FW,Freiburg,de Bundesliga,31,1994,22.6,4,0,0,30,30,12,8,11,12,0
1174,Benedict Hollerbach,de GER,FWMF,FW,Mainz 05,de Bundesliga,24,2001,9.7,0,0,0,18,12,5,20,1,8,0
1175,Emil Holm,se SWE,DF,DF,Bologna,it Serie A,25,2000,7.3,3,1,1,11,14,0,23,7,13,0
1176,Emil Holm,se SWE,MF,MF,Juventus,it Serie A,25,2000,2.6,0,0,0,0,5,0,6,3,5,0
1177,Franck Honorat,fr FRA,MFFW,MF,Gladbach,de Bundesliga,28,1996,22,0,0,0,12,6,10,134,5,13,0
1178,Mathias Honsak,at AUT,MFFW,MF,Heidenheim,de Bundesliga,28,1996,13.9,1,0,0,11,15,9,25,17,12,0
1179,Ali Houary,ma MAR,MF,MF,Elche,es La Liga,19,2005,1.4,0,0,0,7,2,0,0,1,2,0
1180,Andreas Hountondji,bj BEN,FW,FW,St Pauli,de Bundesliga,23,2002,11.9,2,0,0,9,6,7,20,0,0,0
1181,Harry Howell,eng ENG,MF,MF,Brighton,eng Premier League,17,2008,1,0,0,0,0,0,1,4,0,0,0
1182,Lukáš Hrádecký,fi FIN,GK,GK,Monaco,fr Ligue 1,35,1989,16,1,0,0,0,0,0,0,0,1,0
1183,Robin Hranáč,cz CZE,DF,DF,Hoffenheim,de Bundesliga,25,2000,25,5,0,0,26,10,0,6,20,15,0
1184,Timo Hübers,de GER,DF,DF,Köln,de Bundesliga,29,1996,7.5,0,0,0,8,10,0,1,10,9,0
1185,Callum Hudson-Odoi,eng ENG,MF,MF,Nottingham,eng Premier League,24,2000,20.5,0,0,0,12,12,2,91,8,7,0
1186,Will Hughes,eng ENG,MF,MF,Crystal Palace,eng Premier League,30,1995,17.5,7,0,0,24,25,0,45,15,16,0
1187,Dean Huijsen,es ESP,DF,DF,Real Madrid,es La Liga,20,2005,22.6,7,1,0,21,13,1,1,18,18,0
1188,Trai Hume,nir NIR,DFMF,DF,Sunderland,eng Premier League,23,2002,33.7,9,0,0,30,38,3,88,25,46,1
1189,Bashir Humphreys,eng ENG,DFMF,DF,Burnley,eng Premier League,22,2003,17.5,6,0,0,14,10,2,17,11,17,0
1190,Denis Huseinbasic,ba BIH,MF,MF,Köln,de Bundesliga,24,2001,8.1,1,0,0,8,8,0,1,5,9,0
1191,Omari Hutchinson,eng ENG,MF,MF,Nottingham,eng Premier League,21,2003,18.8,1,0,0,23,24,8,133,11,11,0
1192,Kwon Hyeokkyu,kr KOR,MF,MF,Nantes,fr Ligue 1,24,2001,8.4,2,0,0,11,10,0,1,6,6,0
1193,Elseid Hysaj,al ALB,DF,DF,Lazio,it Serie A,31,1994,1.9,0,0,0,0,1,0,2,2,0,0
1194,Hong Hyunseok,kr KOR,MF,MF,Nantes,fr Ligue 1,26,1999,3.2,0,0,0,0,1,1,14,2,7,0
1195,Lucas Høgsberg,dk DEN,DF,DF,Strasbourg,fr Ligue 1,19,2006,19.9,4,1,1,16,13,1,0,13,9,0
1196,Pierre Højbjerg,dk DEN,MF,MF,Marseille,fr Ligue 1,29,1995,30.1,4,0,0,38,46,0,10,26,24,0
1197,Oscar Højlund,dk DEN,MF,MF,Frankfurt,de Bundesliga,20,2005,12.1,4,1,1,27,5,1,2,7,17,0
1198,Rasmus Højlund,dk DEN,FW,FW,Napoli,it Serie A,22,2003,30.6,1,0,0,37,53,20,3,0,1,0
1199,Edoardo Iannoni,it ITA,MF,MF,Sassuolo,it Serie A,24,2001,2.9,3,0,0,11,0,1,2,3,3,0
1200,Pablo Ibáñez,es ESP,MF,MF,Alavés,es La Liga,26,1998,24.8,7,0,0,38,66,3,38,21,37,0
1201,Arijon Ibrahimović,de GER,MFFW,MF,Heidenheim,de Bundesliga,19,2005,24.1,2,0,0,13,27,5,127,23,18,0
1202,Riyad Idrissi,it ITA,MFDF,MF,Cagliari,it Serie A,20,2005,8.7,3,0,0,9,6,1,23,9,15,0
1203,Stanis Idumbo,be BEL,MF,MF,Sevilla,es La Liga,20,2005,0.5,0,0,0,0,0,0,0,0,0,0
1204,Stanis Idumbo,be BEL,MF,MF,Monaco,fr Ligue 1,20,2005,1.9,0,0,0,3,2,0,1,0,3,0
1205,Jay Idzes,id IDN,DF,DF,Sassuolo,it Serie A,25,2000,34,2,0,0,33,14,1,1,38,15,0
1206,Hamza Igamane,ma MAR,FW,FW,Lille,fr Ligue 1,22,2002,4.8,2,0,0,6,3,5,5,2,4,0
1207,Iglesias,es ESP,DF,DF,Getafe,es La Liga,27,1998,35.4,4,0,0,63,70,1,108,28,72,1
1208,Borja Iglesias,es ESP,FW,FW,Celta Vigo,es La Liga,32,1993,21.1,7,0,0,38,30,22,3,0,5,0
1209,Igor,br BRA,DF,DF,West Ham,eng Premier League,27,1998,1.2,0,0,0,1,0,0,0,1,0,0
1210,Jonathan Ikone,fr FRA,MFFW,MF,Paris FC,fr Ligue 1,27,1998,12.2,2,0,0,13,18,3,7,5,15,0
1211,George Ilenikhena,ng NGA,FW,FW,Monaco,fr Ligue 1,18,2006,4.3,0,0,0,2,6,8,0,0,0,0
1212,Andrej Ilic,rs SRB,FW,FW,Union Berlin,de Bundesliga,25,2000,25.1,5,0,0,38,32,16,18,2,3,0
1213,Ivan Ilić,rs SRB,MF,MF,Torino,it Serie A,24,2001,4.6,2,0,0,9,4,0,2,5,5,0
1214,Luka Ilić,rs SRB,MFFW,MF,Oviedo,es La Liga,26,1999,8.2,4,1,1,16,7,2,7,7,5,0
1215,Samuel Iling-Junior,eng ENG,MF,MF,Pisa,it Serie A,21,2003,1.2,0,0,0,1,0,0,5,0,2,0
1216,Emirhan İlkhan,tr TUR,MF,MF,Torino,it Serie A,21,2004,11.1,2,1,0,11,18,0,7,13,19,0
1217,Ciro Immobile,it ITA,FW,FW,Paris FC,fr Ligue 1,35,1990,7.8,2,0,0,8,6,8,3,1,0,0
1218,Ciro Immobile,it ITA,FW,FW,Bologna,it Serie A,35,1990,2.1,1,0,0,8,3,5,3,0,0,0
1219,Samuele Inácio,it ITA,MF,MF,Dortmund,de Bundesliga,17,2008,4.3,2,0,0,7,10,0,11,2,2,0
1220,Cyriaque Irié,bf BFA,MF,MF,Freiburg,de Bundesliga,20,2005,3.9,3,0,0,11,8,5,3,3,6,0
1221,Tim Iroegbunam,eng ENG,MF,MF,Everton,eng Premier League,22,2003,16.5,9,0,0,29,20,0,3,22,44,0
1222,Jackson Irvine,au AUS,MF,MF,St Pauli,de Bundesliga,32,1993,18,2,1,1,20,12,2,13,28,17,0
1223,Andy Irving,sct SCO,MF,MF,West Ham,eng Premier League,25,2000,1.8,0,0,0,1,0,0,12,1,4,0
1224,Isaac,br BRA,FW,FW,Hellas Verona,it Serie A,21,2004,0.4,0,0,0,1,2,0,1,0,0,0
1225,Alexander Isak,se SWE,FW,FW,Liverpool,eng Premier League,25,1999,7.8,0,0,0,5,1,0,2,0,6,0
1226,Gustav Isaksen,dk DEN,FW,FW,Lazio,it Serie A,24,2001,17.7,0,0,0,18,57,1,32,7,8,0
1227,Isco,es ESP,MF,MF,Real Betis,es La Liga,33,1992,2.6,0,0,0,4,9,0,9,2,2,0
1228,Wilson Isidor,ht HAI,FW,FW,Sunderland,eng Premier League,24,2000,12.9,1,0,0,14,7,10,0,2,8,0
1229,Ardian Ismajli,al ALB,DF,DF,Torino,it Serie A,28,1996,21.2,5,0,0,21,18,1,8,36,14,0
1230,Franco Israel,uy URU,GK,GK,Torino,it Serie A,25,2000,9,1,0,0,0,3,0,0,0,0,0
1231,Hiroki Ito,jp JPN,DF,DF,Bayern Munich,de Bundesliga,26,1999,10.2,0,0,0,10,3,0,7,13,3,0
1232,Alex Iwobi,ng NGA,MF,MF,Fulham,eng Premier League,29,1996,26.9,3,0,0,8,10,1,88,15,18,0
1233,Urko Izeta,es ESP,FW,FW,Athletic Club,es La Liga,25,1999,2.1,2,0,0,5,1,0,2,0,0,0
1234,Jairo Izquierdo,es ESP,DFFW,DF,Elche,es La Liga,31,1993,0.3,0,0,0,0,0,0,3,0,0,0
1235,Nicolas Jackson,sn SEN,FW,FW,Bayern Munich,de Bundesliga,24,2001,11.2,2,1,0,15,10,8,7,4,4,0
1236,Jérémy Jacquet,fr FRA,DF,DF,Rennes,fr Ligue 1,20,2005,18.6,6,1,1,20,17,1,0,22,17,0
1237,Lee Jae-sung,kr KOR,MFFW,MF,Mainz 05,de Bundesliga,32,1992,24.3,4,0,0,19,22,9,31,25,21,0
1238,Kristijan Jakić,hr CRO,MFDF,MF,Augsburg,de Bundesliga,28,1997,18.4,5,0,0,17,17,2,4,17,25,0
1239,Karl Jakob Hein,ee EST,GK,GK,Werder Bremen,de Bundesliga,23,2002,2,0,0,0,0,0,0,0,0,0,0
1240,Daniel James,wls WAL,FWMF,FW,Leeds United,eng Premier League,27,1997,6.2,0,0,0,1,8,1,50,1,5,0
1241,Reece James,eng ENG,DFMF,DF,Chelsea,eng Premier League,25,1999,21.8,4,0,0,26,22,1,126,32,33,0
1242,Vitaly Janelt,de GER,MF,MF,Brentford,eng Premier League,27,1998,16,8,0,0,20,13,0,61,27,17,0
1243,Mathis Jangeal,fr FRA,FW,FW,PSG,fr Ligue 1,17,2008,0.1,0,0,0,1,0,0,0,0,0,0
1244,Isak Jansson,se SWE,FWMF,FW,Nice,fr Ligue 1,23,2002,7.2,3,0,0,10,8,0,16,5,8,0
1245,Adnan Januzaj,be BEL,MFFW,MF,Sevilla,es La Liga,30,1995,3.6,1,0,0,8,10,1,30,1,4,0
1246,Luca Jaquez,ch SUI,DF,DF,Stuttgart,de Bundesliga,22,2003,10,1,0,0,4,2,0,1,11,7,0
1247,Ardon Jashari,ch SUI,MF,MF,Milan,it Serie A,23,2002,7.8,0,0,0,11,8,0,11,5,11,0
1248,Bakery Jatta,gm GAM,MF,MF,Hamburger SV,de Bundesliga,27,1998,10.1,1,0,0,13,5,2,19,8,11,0
1249,Mikel Jauregizar,es ESP,MF,MF,Athletic Club,es La Liga,21,2003,31.5,6,1,1,49,34,0,72,48,45,0
1250,Gaby Jean,fr FRA,DF,DF,Lecce,it Serie A,25,2000,2.2,1,0,0,1,2,0,0,1,3,0
1251,Finn Jeltsch,de GER,DF,DF,Stuttgart,de Bundesliga,19,2006,16.8,3,0,0,13,16,3,3,19,14,0
1252,Mathias Jensen,dk DEN,MF,MF,Brentford,eng Premier League,29,1996,25,3,0,0,20,15,2,124,21,23,0
1253,Oliver Jensen,dk DEN,MF,MF,Parma,it Serie A,23,2002,20.4,2,0,0,13,20,2,14,17,8,0
1254,Moritz Jenz,de GER,DF,DF,Wolfsburg,de Bundesliga,26,1999,19.9,8,1,1,31,7,0,1,12,22,1
1255,Gabriel Jesus,br BRA,FW,FW,Arsenal,eng Premier League,28,1997,4.8,3,0,0,9,1,7,0,2,0,0
1256,Igor Jesus,br BRA,FW,FW,Nottingham,eng Premier League,24,2001,25.5,2,0,0,42,40,11,10,2,16,0
1257,Juan Jesus,br BRA,DF,DF,Napoli,it Serie A,34,1991,18.6,10,1,1,39,2,0,1,26,22,0
1258,Álex Jiménez,es ESP,DFMF,DF,Bournemouth,eng Premier League,20,2005,25.7,10,0,0,35,20,0,51,27,45,0
1259,Álex Jiménez,es ESP,DF,DF,Milan,it Serie A,20,2005,0.5,1,0,0,0,1,0,1,0,0,0
1260,David Jiménez,es ESP,DF,DF,Real Madrid,es La Liga,21,2004,0.8,0,0,0,0,0,0,3,0,1,0
1261,Raúl Jiménez,mx MEX,FW,FW,Fulham,eng Premier League,34,1991,24.3,5,0,0,46,34,20,7,7,20,0
1262,Jamaldeen Jimoh,eng ENG,MF,MF,Aston Villa,eng Premier League,18,2006,0.1,0,0,0,0,1,0,0,0,0,0
1263,João Pedro,br BRA,FWMF,FW,Chelsea,eng Premier League,23,2001,29.6,5,0,0,38,55,16,18,6,17,0
1264,Joelinton,br BRA,MF,MF,Newcastle,eng Premier League,28,1996,21.7,10,0,0,46,27,1,11,28,23,0
1265,Jofre,es ESP,MF,MF,Espanyol,es La Liga,24,2001,10.3,1,0,0,13,27,2,35,6,6,0
1266,Þórir Jóhann Helgason,is ISL,MF,MF,Lecce,it Serie A,24,2000,1.6,0,0,0,0,0,0,6,3,0,0
1267,Ísak Jóhannesson,is ISL,MF,MF,Köln,de Bundesliga,22,2003,20.1,6,0,0,14,5,2,65,8,15,0
1268,John,br BRA,GK,GK,Nottingham,eng Premier League,29,1996,4.9,1,0,0,0,0,0,0,0,0,0
1269,Dennis Johnsen,no NOR,MFFW,MF,Cremonese,it Serie A,27,1998,4.3,0,0,0,2,4,1,12,0,2,0
1270,Brennan Johnson,wls WAL,MFFW,MF,Tottenham,eng Premier League,24,2001,6.8,2,0,0,2,4,8,23,2,9,0
1271,Brennan Johnson,wls WAL,MFFW,MF,Crystal Palace,eng Premier League,24,2001,12.4,4,0,0,18,11,6,45,2,7,0
1272,Karl-Johan Johnsson,se SWE,GK,GK,Strasbourg,fr Ligue 1,35,1990,1,0,0,0,0,0,0,0,0,0,0
1273,Sam Johnstone,eng ENG,GK,GK,Wolves,eng Premier League,32,1993,12,0,0,0,0,0,0,0,0,1,1
1274,Curtis Jones,eng ENG,MFDF,MF,Liverpool,eng Premier League,24,2001,21.5,2,0,0,17,29,0,16,18,23,0
1275,Ricky-Jade Jones,eng ENG,FW,FW,St Pauli,de Bundesliga,24,2001,3.9,1,0,0,8,7,6,8,2,2,0
1276,Frenkie de Jong,nl NED,MF,MF,Barcelona,es La Liga,28,1997,18.2,4,1,1,10,26,2,5,17,19,0
1277,Joan Jordán,es ESP,MF,MF,Sevilla,es La Liga,31,1994,0.3,1,1,0,4,0,0,0,0,0,0
1278,Josan,es ESP,MFDF,MF,Elche,es La Liga,35,1989,6.3,2,0,0,5,6,1,72,6,8,0
1279,Mateo Joseph,es ESP,MFFW,MF,Mallorca,es La Liga,21,2003,18.9,2,0,0,19,31,4,14,13,19,0
1280,Lazar Jovanović,rs SRB,FW,FW,Stuttgart,de Bundesliga,18,2006,0.4,0,0,0,1,1,0,0,0,0,0
1281,Juanmi,es ESP,FWMF,FW,Getafe,es La Liga,32,1993,2,0,0,0,2,1,3,0,0,0,0
1282,Abdulai Juma Bah,sl SLE,DF,DF,Nice,fr Ligue 1,19,2006,21.8,7,0,0,27,7,3,0,30,18,0
1283,Anthony Jung,de GER,DF,DF,Freiburg,de Bundesliga,33,1991,5.8,2,0,0,4,3,0,0,10,1,0
1284,Eli Junior Kroupi,fr FRA,MFFW,MF,Bournemouth,eng Premier League,19,2006,18.6,5,0,0,27,12,6,10,9,6,0
1285,Luiz Lúcio Reis Júnior,br BRA,GK,GK,Villarreal,es La Liga,24,2001,28,3,0,0,2,4,0,0,1,0,0
1286,Hamed Junior Traorè,ci CIV,MF,MF,Bournemouth,eng Premier League,25,2000,0.2,0,0,0,0,0,0,1,0,0,0
1287,Hamed Junior Traorè,ci CIV,MF,MF,Marseille,fr Ligue 1,25,2000,6.9,1,0,0,8,11,2,33,5,7,0
1288,Vinicius Júnior,br BRA,FWMF,FW,Real Madrid,es La Liga,25,2000,31.3,8,0,0,38,81,13,63,2,15,0
1289,Josip Juranović,hr CRO,MF,MF,Union Berlin,de Bundesliga,29,1995,3.7,1,0,0,0,3,0,40,0,4,0
1290,James Justin,eng ENG,DFMF,DF,Leeds United,eng Premier League,27,1998,21.1,4,0,0,13,31,2,38,26,38,0
1291,Ferran Jutglà,es ESP,FW,FW,Celta Vigo,es La Liga,26,1999,18.4,4,0,0,24,30,10,19,8,3,0
1292,Filip Jørgensen,dk DEN,GK,GK,Chelsea,eng Premier League,23,2002,4.2,0,0,0,0,0,0,0,1,0,0
1293,Martijn Kaars,nl NED,FW,FW,St Pauli,de Bundesliga,26,1999,15,2,0,0,8,6,4,15,0,5,0
1294,Mohamed Kaba,gn GUI,MF,MF,Nantes,fr Ligue 1,23,2001,10.2,2,0,0,13,27,0,2,14,15,0
1295,Mohamed Kaba,gn GUI,MF,MF,Lecce,it Serie A,23,2001,7,1,0,0,12,21,0,8,4,7,0
1296,Ozan Kabak,tr TUR,DF,DF,Hoffenheim,de Bundesliga,25,2000,19.5,5,0,0,26,8,0,2,26,17,0
1297,Almugera Kabar,de GER,DF,DF,Dortmund,de Bundesliga,19,2006,0.2,0,0,0,0,0,0,2,0,1,0
1298,Christian Kabasele,be BEL,DF,DF,Udinese,it Serie A,34,1991,25,5,1,0,33,25,1,0,33,13,0
1299,Anton Kade,de GER,MFFW,MF,Augsburg,de Bundesliga,21,2004,19.4,3,0,0,20,18,10,22,13,14,0
1300,Ferdi Kadioglu,tr TUR,DFMF,DF,Brighton,eng Premier League,25,1999,34.8,6,0,0,22,36,7,109,25,39,0
1301,Florian Kainz,at AUT,MF,MF,Köln,de Bundesliga,32,1992,3.1,1,0,0,5,4,0,21,3,2,0
1302,Saša Kalajdžić,at AUT,FWMF,FW,Wolves,eng Premier League,28,1997,0.2,0,0,0,0,0,0,0,1,0,0
1303,Arnaud Kalimuendo,fr FRA,FW,FW,Nottingham,eng Premier League,23,2002,1.1,0,0,0,2,0,1,2,0,1,0
1304,Arnaud Kalimuendo,fr FRA,FWMF,FW,Frankfurt,de Bundesliga,23,2002,15.7,4,0,0,9,18,6,15,3,4,0
1305,Pierre Kalulu,fr FRA,DFMF,DF,Juventus,it Serie A,25,2000,36.5,4,1,1,34,16,0,94,24,35,0
1306,Justin-Noël Kalumba,fr FRA,FW,FW,Mallorca,es La Liga,20,2004,0.9,0,0,0,2,4,0,2,0,1,0
1307,Justin-Noël Kalumba,fr FRA,FWMF,FW,Angers,fr Ligue 1,20,2004,2.5,0,0,0,3,3,0,15,1,3,0
1308,Daichi Kamada,jp JPN,MF,MF,Crystal Palace,eng Premier League,28,1996,21.1,3,0,0,30,28,1,42,14,35,0
1309,Warren Kamanzi,no NOR,MF,MF,Toulouse,fr Ligue 1,24,2000,9.7,1,0,0,8,8,1,12,7,11,0
1310,Abu Kamara,eng ENG,MF,MF,Getafe,es La Liga,22,2003,2.8,1,0,0,2,4,2,9,3,2,0
1311,Bingourou Kamara,sn SEN,GK,GK,Lorient,fr Ligue 1,28,1996,3,0,0,0,0,1,0,0,0,0,0
1312,Boubacar Kamara,fr FRA,MF,MF,Aston Villa,eng Premier League,25,1999,15.7,5,0,0,16,30,0,2,15,16,0
1313,Glen Kamara,fi FIN,MF,MF,Rennes,fr Ligue 1,29,1995,0.7,0,0,0,0,2,0,0,0,0,0
1314,Hassane Kamara,ci CIV,MFDF,MF,Udinese,it Serie A,31,1994,20.7,5,0,0,16,11,0,81,25,20,0
1315,Noham Kamara,fr FRA,DF,DF,Lyon,fr Ligue 1,18,2007,0.1,0,0,0,0,0,0,0,0,0,0
1316,Willy Kambwala,fr FRA,DF,DF,Villarreal,es La Liga,20,2004,1,0,0,0,0,0,0,0,0,0,0
1317,Jakub Kamiński,pl POL,MFFW,MF,Köln,de Bundesliga,23,2002,33.5,4,0,0,14,28,7,115,25,27,0
1318,Nouhoum Kamissoko,ml MLI,MF,MF,Marseille,fr Ligue 1,20,2004,0.3,0,0,0,0,0,0,0,0,1,0
1319,Kevin Kampl,si SVN,MF,MF,RB Leipzig,de Bundesliga,34,1990,0,0,0,0,0,0,0,0,0,0,0
1320,Harry Kane,eng ENG,FWMF,FW,Bayern Munich,de Bundesliga,32,1993,26.4,1,0,0,25,32,20,12,8,13,0
1321,Lee Kang-in,kr KOR,MFFW,MF,PSG,fr Ligue 1,24,2001,16.9,3,0,0,18,19,3,113,1,9,0
1322,Steeve Kango,fr FRA,DF,DF,Lyon,fr Ligue 1,18,2006,0.9,0,0,0,1,1,0,7,0,1,0
1323,Ibrahim Kanté,fr FRA,MF,MF,Brest,fr Ligue 1,18,2007,0.1,0,0,0,0,0,0,0,0,0,0
1324,Mohamadou Kanté,fr FRA,MF,MF,West Ham,eng Premier League,19,2005,0.8,2,0,0,4,1,0,0,0,4,0
1325,Adam Karabec,cz CZE,MFFW,MF,Lyon,fr Ligue 1,22,2003,10.2,3,0,0,14,20,3,80,1,3,0
1326,Atakan Karazor,tr TUR,MF,MF,Stuttgart,de Bundesliga,28,1996,20.9,5,1,0,20,34,1,7,15,27,0
1327,Dermane Karim,tg TOG,MF,MF,Lorient,fr Ligue 1,21,2003,15.2,3,0,0,21,39,0,17,10,17,0
1328,Lennart Karl,de GER,MF,MF,Bayern Munich,de Bundesliga,17,2008,14.2,1,0,0,5,11,4,29,11,15,0
1329,Jesper Karlström,se SWE,MF,MF,Udinese,it Serie A,30,1995,35,6,0,0,42,30,1,15,37,34,0
1330,Jon Karrikaburu,es ESP,FW,FW,Real Sociedad,es La Liga,22,2002,1.5,0,0,0,3,4,2,1,0,2,0
1331,Grigoris Kastanos,cy CYP,MF,MF,Hellas Verona,it Serie A,27,1998,0.5,0,0,0,3,1,0,2,3,3,0
1332,Silas Katompa,cd COD,FW,FW,Mainz 05,de Bundesliga,26,1998,3.7,1,0,0,4,5,2,11,0,0,0
1333,Panos Katseris,gr GRE,MFDF,MF,Lorient,fr Ligue 1,24,2001,8.3,3,0,0,13,14,2,43,11,9,0
1334,Mikkel Kaufmann,dk DEN,FW,FW,Heidenheim,de Bundesliga,24,2001,6,2,0,0,14,13,1,1,1,2,0
1335,Sota Kawasaki,jp JPN,MFDF,MF,Mainz 05,de Bundesliga,24,2001,3.4,1,0,0,6,2,0,3,3,5,0
1336,Michael Kayode,it ITA,DF,DF,Brentford,eng Premier League,21,2004,36.2,8,0,0,26,50,1,56,39,47,1
1337,Moise Kean,it ITA,FW,FW,Fiorentina,it Serie A,25,2000,22.6,4,0,0,29,44,30,7,7,4,0
1338,Michael Keane,eng ENG,DF,DF,Everton,eng Premier League,32,1993,28.8,1,1,0,16,6,0,1,37,24,0
1339,Ilan Kebbal,dz ALG,MFFW,MF,Paris FC,fr Ligue 1,27,1998,24.7,7,0,0,15,61,3,110,7,15,0
1340,Yassine Kechta,ma MAR,MF,MF,Le Havre,fr Ligue 1,23,2002,14.8,3,0,0,35,16,3,26,18,18,0
1341,Thilo Kehrer,de GER,DF,DF,Monaco,fr Ligue 1,28,1996,26.1,8,2,1,27,29,2,5,31,39,0
1342,Mandela Keita,be BEL,MF,MF,Parma,it Serie A,23,2002,33.1,1,0,0,30,57,0,2,43,48,1
1343,Yannik Keitel,de GER,MFDF,MF,Augsburg,de Bundesliga,25,2000,2.8,2,0,0,3,2,0,0,2,4,0
1344,Caoimhín Kelleher,ie IRL,GK,GK,Brentford,eng Premier League,26,1998,37,1,0,0,3,6,0,0,1,0,0
1345,Thomas Keller,de GER,DF,DF,Heidenheim,de Bundesliga,25,1999,2.1,1,0,0,3,2,0,1,0,1,0
1346,Lloyd Kelly,eng ENG,DF,DF,Juventus,it Serie A,26,1998,33.3,4,0,0,43,20,4,12,14,33,0
1347,Aljoscha Kemlein,de GER,MF,MF,Union Berlin,de Bundesliga,20,2004,21.8,4,0,0,22,11,0,9,18,25,0
1348,Marc-Oliver Kempf,de GER,DF,DF,Como,it Serie A,30,1995,25.8,3,0,0,26,19,0,0,13,12,0
1349,Luca Kerber,de GER,MF,MF,Heidenheim,de Bundesliga,23,2002,7.6,3,0,0,12,6,1,4,3,11,0
1350,Milos Kerkez,hu HUN,DF,DF,Liverpool,eng Premier League,21,2003,25.1,4,0,0,22,30,4,79,15,26,0
1351,Kevin,br BRA,MF,MF,Fulham,eng Premier League,22,2003,11.6,1,0,0,14,17,3,43,9,10,0
1352,Reda Khadra,de GER,FW,FW,Le Havre,fr Ligue 1,24,2001,2.5,0,0,0,4,1,0,20,0,4,0
1353,Bilal El Khannouss,ma MAR,MFFW,MF,Stuttgart,de Bundesliga,21,2004,18.1,6,0,0,19,9,1,65,10,21,0
1354,Rani Khedira,tn TUN,MF,MF,Union Berlin,de Bundesliga,31,1994,31.4,7,0,0,52,18,2,26,37,35,0
1355,Abdukodir Khusanov,uz UZB,DF,DF,Manchester City,eng Premier League,21,2004,15.9,2,0,0,14,6,0,3,29,20,0
1356,Cassiano Kiala,de GER,DF,DF,Bayern Munich,de Bundesliga,16,2009,0,0,0,0,0,0,0,0,0,0,0
1357,Kialonda,ao ANG,DF,DF,Lecce,it Serie A,27,1997,20.3,6,1,0,13,22,2,1,19,9,0
1358,Kiké,es ESP,FW,FW,Espanyol,es La Liga,35,1989,19.3,3,0,0,33,44,26,17,4,8,0
1359,Semih Kılıçsoy,tr TUR,FW,FW,Cagliari,it Serie A,19,2005,10.8,1,0,0,14,15,2,1,1,4,0
1360,Max Kilman,eng ENG,DF,DF,West Ham,eng Premier League,28,1997,17.3,4,0,0,16,2,0,2,6,8,0
1361,Joshua Kimmich,de GER,MF,MF,Bayern Munich,de Bundesliga,30,1995,25.3,4,0,0,8,21,0,126,24,26,0
1362,Joshua King,eng ENG,MF,MF,Fulham,eng Premier League,18,2007,14.5,4,0,0,13,30,3,12,3,12,0
1363,Antonín Kinský,cz CZE,GK,GK,Tottenham,eng Premier League,22,2003,7,1,0,0,0,1,0,0,0,0,0
1364,Carl Klaus,de GER,GK,GK,Union Berlin,de Bundesliga,31,1994,3.7,0,0,0,0,0,0,0,0,0,0
1365,Tim Kleindienst,de GER,FW,FW,Gladbach,de Bundesliga,29,1995,0.1,0,0,0,1,0,1,0,1,1,0
1366,Lukas Klostermann,de GER,DF,DF,RB Leipzig,de Bundesliga,29,1996,1.1,0,0,0,0,0,0,0,1,0,0
1367,Justin Kluivert,nl NED,MF,MF,Bournemouth,eng Premier League,26,1999,10.6,5,0,0,18,10,1,40,4,7,0
1368,Ruben Kluivert,nl NED,DF,DF,Lyon,fr Ligue 1,24,2001,8.6,4,0,0,10,4,0,1,8,10,0
1369,Ansgar Knauff,de GER,MFFW,MF,Frankfurt,de Bundesliga,23,2002,14.7,3,0,0,26,12,7,39,9,10,0
1370,Joe Knight,eng ENG,MF,MF,Brighton,eng Premier League,19,2005,0,0,0,0,0,0,0,0,0,0,0
1371,Gregor Kobel,ch SUI,GK,GK,Dortmund,de Bundesliga,27,1997,34,3,0,0,0,5,0,0,0,0,0
1372,Robin Koch,de GER,DF,DF,Frankfurt,de Bundesliga,29,1996,31.5,3,1,1,31,13,0,2,47,27,0
1373,Christian Kofane,cm CMR,FW,FW,Leverkusen,de Bundesliga,19,2006,13.8,3,0,0,30,17,3,0,2,7,0
1374,Hervé Koffi,bf BFA,GK,GK,Angers,fr Ligue 1,28,1996,29.5,1,0,0,1,11,0,0,0,2,0
1375,Enzo Koffi Vinette,fr FRA,DF,DF,Le Havre,fr Ligue 1,19,2006,4.3,2,0,0,12,10,1,24,10,10,0
1376,Derrick Köhn,gh GHA,MFDF,MF,Union Berlin,de Bundesliga,26,1999,21.1,5,1,0,33,16,6,114,8,22,0
1377,Philipp Köhn,ch SUI,GK,GK,Monaco,fr Ligue 1,27,1998,18,1,0,0,0,3,0,0,1,0,0
1378,Dominik Kohr,de GER,DF,DF,Mainz 05,de Bundesliga,31,1994,26,11,2,1,40,43,1,17,44,35,0
1379,Koke,es ESP,MF,MF,Atlético Madrid,es La Liga,33,1992,24.7,6,0,0,21,22,0,44,19,30,0
1380,Sead Kolašinac,ba BIH,DF,DF,Atalanta,it Serie A,32,1993,13.5,3,0,0,22,10,1,3,11,18,0
1381,Luca Koleosho,it ITA,MF,MF,Paris FC,fr Ligue 1,20,2004,6.2,0,0,0,10,4,1,15,3,15,0
1382,Luca Koleosho,it ITA,MF,MF,Espanyol,es La Liga,20,2004,0.7,0,0,0,3,0,0,5,1,1,0
1383,Adam Kölle,de GER,DF,DF,Heidenheim,de Bundesliga,19,2006,1,1,0,0,5,1,0,1,1,1,0
1384,Randal Kolo Muani,fr FRA,FWMF,FW,Tottenham,eng Premier League,26,1998,18.5,3,0,0,41,17,3,18,2,16,0
1385,Timothée Kolodziejczak,fr FRA,DF,DF,Paris FC,fr Ligue 1,33,1991,7.4,2,0,0,8,1,0,0,7,6,0
1386,Mert Kömür,de GER,MFFW,MF,Augsburg,de Bundesliga,20,2005,16.3,1,0,0,26,18,2,60,8,13,0
1387,Ibrahima Konaté,fr FRA,DF,DF,Liverpool,eng Premier League,26,1999,34.3,7,0,0,33,41,0,3,28,31,0
1388,Samba Konaté,fr FRA,FW,FW,RB Leipzig,de Bundesliga,16,2009,0,0,0,0,0,0,0,0,0,0,0
1389,Geoffrey Kondogbia,cf CTA,MFDF,MF,Marseille,fr Ligue 1,32,1993,6.5,3,0,0,12,8,0,1,11,9,0
1390,Ismaël Koné,ca CAN,MF,MF,Sassuolo,it Serie A,23,2002,30.4,5,1,1,25,54,0,5,12,18,0
1391,Manu Koné,fr FRA,MF,MF,Roma,it Serie A,24,2001,27.3,2,0,0,47,53,2,1,20,27,0
1392,Ransford Königsdörffer,gh GHA,FWMF,FW,Hamburger SV,de Bundesliga,23,2001,25.9,2,0,0,25,32,28,21,6,4,0
1393,Ezri Konsa,eng ENG,DF,DF,Aston Villa,eng Premier League,27,1997,33.7,0,1,0,11,42,0,5,22,8,0
1394,Teun Koopmeiners,nl NED,MFDF,MF,Juventus,it Serie A,27,1998,20.3,5,0,0,33,11,3,47,18,13,0
1395,Ville Koski,fi FIN,DF,DF,Alavés,es La Liga,23,2002,3.1,0,0,0,2,0,0,0,4,3,0
1396,Odilon Kossounou,ci CIV,DF,DF,Atalanta,it Serie A,24,2001,11,1,0,0,16,3,1,2,10,14,0
1397,Filip Kostić,rs SRB,MF,MF,Juventus,it Serie A,32,1992,5.3,1,0,0,8,5,0,49,4,10,0
1398,Charalampos Kostoulas,gr GRE,FW,FW,Brighton,eng Premier League,18,2007,4.1,2,0,0,7,7,4,6,1,6,0
1399,Eddy Kouadio,ci CIV,DF,DF,Fiorentina,it Serie A,19,2006,0.8,0,0,0,1,1,0,1,0,3,0
1400,Christian Kouamé,ci CIV,FWMF,FW,Fiorentina,it Serie A,27,1997,0.3,0,0,0,0,0,0,2,1,1,0
1401,Koffi Kouao,ci CIV,DFMF,DF,Metz,fr Ligue 1,27,1998,25.2,10,0,0,32,33,3,59,28,46,1
1402,Arsène Kouassi,bf BFA,MF,MF,Lorient,fr Ligue 1,20,2004,28.9,4,0,0,15,53,10,119,24,18,0
1403,Christ-Owen Kouassi,fr FRA,DF,DF,Lecce,it Serie A,22,2003,2.5,0,0,0,1,3,0,2,1,6,0
1404,Konstantinos Koulierakis,gr GRE,DF,DF,Wolfsburg,de Bundesliga,21,2003,27.6,5,0,0,29,13,0,20,35,25,1
1405,Seny Koumbassa,fr FRA,DF,DF,Toulouse,fr Ligue 1,18,2007,4.9,0,0,0,1,0,0,0,4,6,0
1406,Jules Koundé,fr FRA,DF,DF,Barcelona,es La Liga,26,1998,25.1,6,0,0,24,24,2,40,31,24,0
1407,Lancinet Kourouma,gn GUI,FW,FW,Girona,es La Liga,21,2004,0.5,0,1,0,2,1,0,0,1,0,0
1408,Hamza Koutoune,ma MAR,DF,DF,Nice,fr Ligue 1,18,2006,0,0,0,0,0,0,0,1,0,0,0
1409,Mateo Kovačić,hr CRO,MF,MF,Manchester City,eng Premier League,31,1994,1.4,0,0,0,0,2,0,0,2,1,0
1410,Goduine Koyalipou,cf CTA,FW,FW,Angers,fr Ligue 1,25,2000,7.4,0,0,0,4,5,5,3,1,2,0
1411,Goduine Koyalipou,cf CTA,FW,FW,Levante,es La Liga,25,2000,2.7,1,0,0,2,1,3,1,1,3,0
1412,Emil Krafth,se SWE,DF,DF,Newcastle,eng Premier League,30,1994,0.5,0,0,0,1,0,0,1,0,0,0
1413,Alex Král,cz CZE,MF,MF,Union Berlin,de Bundesliga,27,1998,5.1,1,0,0,4,11,0,13,2,5,0
1414,Andrej Kramarić,hr CRO,MFFW,MF,Hoffenheim,de Bundesliga,34,1991,24.5,2,0,0,5,14,5,82,7,5,0
1415,Vladyslav Krapyvtsov,ua UKR,GK,GK,Girona,es La Liga,20,2005,1.5,0,0,0,0,1,0,0,0,0,0
1416,Jean-Philippe Krasso,ci CIV,FW,FW,Paris FC,fr Ligue 1,28,1997,12.1,0,0,0,20,19,10,4,1,8,0
1417,Tom Krauß,de GER,MFDF,MF,Köln,de Bundesliga,24,2001,19.8,4,0,0,23,22,0,14,26,43,0
1418,Ladislav Krejčí,cz CZE,DFMF,DF,Wolves,eng Premier League,26,1999,26.2,5,1,1,33,7,0,17,32,21,1
1419,Ladislav Krejčí,cz CZE,DF,DF,Girona,es La Liga,26,1999,2,1,0,0,2,0,0,0,1,0,0
1420,Rasmus Kristensen,dk DEN,DFMF,DF,Frankfurt,de Bundesliga,28,1997,17.1,6,1,1,24,10,3,33,19,33,0
1421,Thomas Kristensen,dk DEN,DF,DF,Udinese,it Serie A,23,2002,27.5,4,0,0,24,9,3,4,27,15,0
1422,Nikola Krstović,me MNE,FW,FW,Atalanta,it Serie A,25,2000,19.9,4,0,0,45,27,27,5,3,12,0
1423,Lukas Kübler,de GER,DF,DF,Freiburg,de Bundesliga,32,1992,17.6,3,0,0,20,11,6,30,31,25,0
1424,Takefusa Kubo,jp JPN,MF,MF,Real Sociedad,es La Liga,24,2001,16.7,2,0,0,9,51,11,39,10,18,0
1425,Mohammed Kudus,gh GHA,MFFW,MF,Tottenham,eng Premier League,24,2000,17.1,3,0,0,23,15,10,122,3,17,0
1426,Nicolas-Gerrit Kühn,de GER,MF,MF,Como,it Serie A,25,2000,7.4,0,0,0,6,2,3,14,5,6,0
1427,Sandro Kulenović,hr CRO,FW,FW,Torino,it Serie A,25,1999,3.3,2,0,0,11,4,0,1,1,2,0
1428,Sael Kumbedi,fr FRA,DFMF,DF,Wolfsburg,de Bundesliga,20,2005,20,2,0,0,21,18,4,41,14,33,0
1429,Sael Kumbedi,fr FRA,DF,DF,Lyon,fr Ligue 1,20,2005,0.7,1,0,0,4,2,0,1,1,0,0
1430,Marash Kumbulla,al ALB,DF,DF,Mallorca,es La Liga,25,2000,4.9,1,0,0,2,5,1,2,2,2,0
1431,Jonah Kusi-Asare,se SWE,FW,FW,Bayern Munich,de Bundesliga,18,2007,0.1,0,0,0,1,0,0,0,0,0,0
1432,Jonah Kusi-Asare,se SWE,FW,FW,Fulham,eng Premier League,18,2007,0.6,1,0,0,4,2,0,0,0,1,0
1433,Khvicha Kvaratskhelia,ge GEO,FW,FW,PSG,fr Ligue 1,24,2001,16.4,1,0,0,18,26,5,43,10,13,0
1434,Giorgi Kvilitaia,ge GEO,FW,FW,Metz,fr Ligue 1,31,1993,5.5,1,0,0,11,6,2,0,0,6,0
1435,Godson Kyeremeh,fr FRA,FW,FW,Le Havre,fr Ligue 1,25,2000,4.2,0,0,0,9,19,5,15,0,6,0
1436,Adrián de la Fuente,es ESP,DF,DF,Levante,es La Liga,26,1999,30.1,5,0,0,34,27,1,40,48,18,1
1437,Rémy Labeau Lascary,gp GLP,MFFW,MF,Brest,fr Ligue 1,22,2003,13.3,2,0,0,29,18,9,12,4,11,0
1438,Shea Lacey,eng ENG,FW,FW,Manchester Utd,eng Premier League,18,2007,0.5,0,0,0,2,2,0,0,0,0,0
1439,Maxence Lacroix,fr FRA,DF,DF,Crystal Palace,eng Premier League,25,2000,34.3,4,1,0,34,19,0,5,45,38,0
1440,Gael Lafont,fr FRA,FW,FW,Genoa,it Serie A,19,2006,0.1,0,0,0,0,0,0,0,0,0,0
1441,Emmanuel Lago,ci CIV,FW,FW,Marseille,fr Ligue 1,20,2004,0.5,1,0,0,2,1,0,1,1,3,0
1442,Yoel Lago,es ESP,DF,DF,Celta Vigo,es La Liga,21,2004,10.4,4,0,0,17,14,1,0,7,10,0
1443,Mayckel Lahdo,se SWE,FWMF,FW,Nantes,fr Ligue 1,22,2002,4.6,0,0,0,5,6,1,1,0,2,0
1444,Konrad Laimer,at AUT,DF,DF,Bayern Munich,de Bundesliga,28,1997,22.2,9,0,0,29,9,4,38,17,25,0
1445,Kenny Lala,mg MAD,DF,DF,Brest,fr Ligue 1,33,1991,31,4,0,0,17,23,0,106,26,26,0
1446,Ugo Lamare,fr FRA,FW,FW,Marseille,fr Ligue 1,18,2007,0.2,0,0,0,1,0,0,0,0,0,0
1447,Senne Lammens,be BEL,GK,GK,Manchester Utd,eng Premier League,23,2002,32,0,0,0,0,4,0,0,0,1,0
1448,Tariq Lamptey,gh GHA,MF,MF,Fiorentina,it Serie A,24,2000,0.3,0,0,0,0,0,0,1,0,2,0
1449,Noa Lang,nl NED,FWMF,FW,Napoli,it Serie A,26,1999,7.4,2,0,0,5,11,2,44,2,8,0
1450,Aymeric Laporte,es ESP,DF,DF,Athletic Club,es La Liga,31,1994,22.9,4,0,0,9,13,1,2,27,17,0
1451,Hugo Larsson,se SWE,MF,MF,Frankfurt,de Bundesliga,21,2004,20.1,0,0,0,7,2,0,9,27,9,0
1452,Jamaal Lascelles,eng ENG,DF,DF,Newcastle,eng Premier League,31,1993,0.2,0,0,0,0,0,0,0,0,0,0
1453,Toni Lato,es ESP,DFMF,DF,Mallorca,es La Liga,27,1997,6.5,3,0,0,7,3,0,26,6,8,0
1454,Josh Laurent,eng ENG,DFMF,DF,Burnley,eng Premier League,30,1995,19.6,7,1,0,31,11,2,14,28,25,0
1455,Armand Lauriente,fr FRA,FW,FW,Sassuolo,it Serie A,26,1998,28.8,4,0,0,42,47,18,109,7,15,0
1456,Matteo Lavelli,it ITA,FW,FW,Inter,it Serie A,18,2006,0.1,0,0,0,0,0,0,1,0,0,0
1457,Roméo Lavia,be BEL,MF,MF,Chelsea,eng Premier League,21,2004,4.2,0,0,0,8,8,0,1,5,7,0
1458,Valentino Lazaro,at AUT,MF,MF,Torino,it Serie A,29,1996,25,4,0,0,37,9,1,135,22,25,0
1459,Manuel Lazzari,it ITA,DF,DF,Lazio,it Serie A,31,1993,10.4,2,0,0,10,19,0,16,6,9,0
1460,Andréa Le Borgne,fr FRA,MF,MF,Como,it Serie A,19,2006,0,0,0,0,0,0,0,0,0,0,0
1461,Théo Le Bris,fr FRA,MF,MF,Lorient,fr Ligue 1,22,2002,21,0,0,0,8,7,0,81,17,28,0
1462,Julien Le Cardinal,fr FRA,DF,DF,Brest,fr Ligue 1,27,1997,3.6,1,0,0,2,4,0,0,3,5,0
1463,Enzo Le Fée,fr FRA,MFFW,MF,Sunderland,eng Premier League,25,2000,32.6,5,0,0,31,37,4,98,28,56,0
1464,Raphael Le Guen,fr FRA,DF,DF,Brest,fr Ligue 1,18,2006,4.2,0,0,0,4,0,0,0,11,3,0
1465,Robin Le Normand,es ESP,DF,DF,Atlético Madrid,es La Liga,28,1996,19.9,5,0,0,22,14,1,3,20,20,0
1466,Nicola Leali,it ITA,GK,GK,Genoa,it Serie A,32,1993,20.5,2,1,0,2,2,0,0,1,0,0
1467,Rafael Leão,pt POR,FW,FW,Milan,it Serie A,26,1999,20.6,5,0,0,19,34,9,25,5,3,0
1468,Pierre Lees-Melou,fr FRA,MF,MF,Paris FC,fr Ligue 1,32,1993,19.8,7,1,1,28,24,0,13,20,35,0
1469,Pierre Lees-Melou,fr FRA,MF,MF,Brest,fr Ligue 1,32,1993,2,0,0,0,2,5,0,5,0,4,0
1470,Jordan Lefort,mr MTN,DF,DF,Angers,fr Ligue 1,31,1993,34,2,0,0,22,19,2,23,47,33,0
1471,Alexander Legendre,ec ECU,MF,MF,Rennes,fr Ligue 1,17,2008,0.5,0,0,0,1,1,0,3,0,0,0
1472,Diogo Leite,pt POR,DF,DF,Union Berlin,de Bundesliga,26,1999,21.8,4,0,0,26,26,1,7,44,15,1
1473,Maxim Leitsch,de GER,DF,DF,Mainz 05,de Bundesliga,27,1998,1.8,0,0,0,2,1,0,2,5,1,0
1474,Álvaro Leiva,es ESP,FW,FW,Real Madrid,es La Liga,22,2002,0,0,0,0,0,0,0,0,0,0,0
1475,Florian Lejeune,fr FRA,DF,DF,Rayo Vallecano,es La Liga,34,1991,35.9,7,0,0,47,14,1,8,47,47,0
1476,Youssef Lekhedim,es ESP,DFMF,DF,Alavés,es La Liga,19,2005,14.8,7,0,0,24,13,0,61,12,10,0
1477,Iñigo Lekue,es ESP,DF,DF,Athletic Club,es La Liga,32,1993,6.7,2,2,0,12,0,0,19,4,10,0
1478,Thomas Lemar,fr FRA,MF,MF,Girona,es La Liga,29,1995,14,4,0,0,19,20,0,56,5,15,0
1479,Félix Lemaréchal,fr FRA,MFFW,MF,Strasbourg,fr Ligue 1,21,2003,6.2,1,0,0,9,6,0,15,3,6,0
1480,Louis Lemke,de GER,DF,DF,Hamburger SV,de Bundesliga,15,2009,0,0,0,0,0,0,0,0,0,0,0
1481,Tim Lemperle,de GER,FW,FW,Hoffenheim,de Bundesliga,23,2002,21.6,3,1,1,60,16,18,27,6,16,0
1482,Ruben Lendinez,es ESP,DF,DF,Valencia,es La Liga,22,2003,0,0,0,0,1,0,0,0,0,1,0
1483,Clément Lenglet,fr FRA,DF,DF,Atlético Madrid,es La Liga,30,1995,15.5,6,1,1,22,7,0,2,20,10,0
1484,Bernd Leno,de GER,GK,GK,Fulham,eng Premier League,33,1992,38,3,0,0,0,6,0,0,1,1,1
1485,Donovan Léon,gf GUF,GK,GK,Auxerre,fr Ligue 1,32,1992,27.3,1,2,0,3,7,0,0,0,2,0
1486,Esteban Lepaul,fr FRA,FW,FW,Angers,fr Ligue 1,25,2000,1.9,0,0,0,2,1,1,0,0,0,0
1487,Esteban Lepaul,fr FRA,FW,FW,Rennes,fr Ligue 1,25,2000,27.9,3,0,0,23,15,8,17,3,5,0
1488,Johann Lepenant,fr FRA,MF,MF,Nantes,fr Ligue 1,22,2002,24.1,4,0,0,29,48,0,73,26,47,0
1489,Mehdi Léris,dz ALG,MF,MF,Pisa,it Serie A,27,1998,21.1,2,0,0,27,22,8,99,23,37,0
1490,Jefferson Lerma,co COL,MFDF,MF,Crystal Palace,eng Premier League,30,1994,19.3,7,0,0,25,24,0,12,25,18,2
1491,Louis Leroux,fr FRA,MFDF,MF,Nantes,fr Ligue 1,19,2006,16,2,0,0,12,14,1,30,5,23,0
1492,Robert Lewandowski,pl POL,FW,FW,Barcelona,es La Liga,36,1988,18.5,2,0,0,13,21,17,0,3,3,0
1493,Jamie Leweling,de GER,MF,MF,Stuttgart,de Bundesliga,24,2001,26.3,4,0,0,17,43,15,123,13,12,0
1494,Rico Lewis,eng ENG,DF,DF,Manchester City,eng Premier League,20,2004,4.5,2,0,0,5,9,0,2,7,4,0
1495,Keane Lewis-Potter,eng ENG,DFMF,DF,Brentford,eng Premier League,24,2001,21.9,1,0,0,15,36,3,69,10,14,0
1496,Myles Lewis-Skelly,eng ENG,MFDF,MF,Arsenal,eng Premier League,18,2006,7.9,3,0,0,10,16,1,0,5,5,0
1497,Luca Lezzerini,it ITA,GK,GK,Fiorentina,it Serie A,30,1995,0,0,0,0,0,0,0,0,0,0,0
1498,Philipp Lienhart,at AUT,DF,DF,Freiburg,de Bundesliga,29,1996,14.5,4,1,1,7,8,2,13,13,13,0
1499,Matthijs de Ligt,nl NED,DF,DF,Manchester Utd,eng Premier League,25,1999,13,0,0,0,6,5,0,4,11,13,0
1500,Pedro Lima,br BRA,MF,MF,Wolves,eng Premier League,19,2006,2.9,0,0,0,6,1,0,10,4,5,0
1501,Victor Lindelöf,se SWE,DFMF,DF,Aston Villa,eng Premier League,31,1994,10.5,0,0,0,2,0,0,0,8,3,0
1502,Jesper Lindstrøm,dk DEN,MF,MF,Wolfsburg,de Bundesliga,25,2000,4.2,2,0,0,10,4,0,7,0,6,0
1503,Luca Lipani,it ITA,MF,MF,Sassuolo,it Serie A,20,2005,11.5,3,0,0,28,8,1,5,15,17,0
1504,Pol Lirola,es ESP,MF,MF,Hellas Verona,it Serie A,27,1997,3.4,1,0,0,3,0,0,16,2,3,0
1505,Pol Lirola,es ESP,DFMF,DF,Marseille,fr Ligue 1,27,1997,0.4,0,0,0,1,2,0,2,1,0,0
1506,Adrián Liso,es ESP,FWMF,FW,Getafe,es La Liga,20,2005,18.9,5,1,1,39,43,16,42,4,22,0
1507,Joseph Liteta,zm ZAM,MF,MF,Cagliari,it Serie A,19,2006,2.9,0,0,0,4,0,0,0,8,2,0
1508,Tino Livramento,eng ENG,DF,DF,Newcastle,eng Premier League,22,2002,14.8,1,0,0,7,16,2,36,2,14,0
1509,Marin Ljubicic,hr CRO,FW,FW,Union Berlin,de Bundesliga,23,2002,0.2,0,0,0,2,0,0,0,0,0,0
1510,Javier Llabrés,es ESP,MF,MF,Mallorca,es La Liga,22,2002,2.1,0,0,0,4,3,0,10,0,2,0
1511,Diego Llorente,es ESP,DF,DF,Real Betis,es La Liga,31,1993,13.7,5,0,0,13,13,0,1,27,15,0
1512,Marcos Llorente,es ESP,DFMF,DF,Atlético Madrid,es La Liga,30,1995,24.2,7,1,1,28,11,4,49,13,41,0
1513,Gautier Lloris,fr FRA,DF,DF,Le Havre,fr Ligue 1,30,1995,26.6,2,1,0,27,17,2,2,43,24,1
1514,Giovani Lo Celso,ar ARG,MF,MF,Real Betis,es La Liga,29,1996,15.5,4,0,0,9,42,4,61,6,13,0
1515,Danny Loader,cm CMR,MFFW,MF,Auxerre,fr Ligue 1,24,2000,28,9,0,0,64,47,4,32,9,25,0
1516,Stanislav Lobotka,sk SVK,MF,MF,Napoli,it Serie A,30,1994,27,3,0,0,13,45,0,5,16,16,0
1517,Manuel Locatelli,it ITA,MF,MF,Juventus,it Serie A,27,1998,33.3,9,0,0,55,44,0,19,38,66,0
1518,Bradley Locko,fr FRA,DF,DF,Brest,fr Ligue 1,23,2002,14.3,0,0,0,12,18,2,34,10,28,0
1519,Ruben Loftus-Cheek,eng ENG,MFFW,MF,Milan,it Serie A,29,1996,12.6,2,0,0,23,19,1,10,5,8,0
1520,Sean Longstaff,eng ENG,MF,MF,Leeds United,eng Premier League,27,1997,11.2,2,0,0,13,17,1,54,12,24,0
1521,Ademola Lookman,ng NGA,FWMF,FW,Atalanta,it Serie A,27,1997,8.8,0,0,0,10,8,4,21,3,3,0
1522,Ademola Lookman,ng NGA,FWMF,FW,Atlético Madrid,es La Liga,27,1997,6.9,1,0,0,7,10,7,12,1,3,0
1523,Anthony Lopes,pt POR,GK,GK,Nantes,fr Ligue 1,34,1990,31,4,0,0,1,14,0,0,1,1,0
1524,David López,es ESP,DF,DF,Girona,es La Liga,35,1989,3.3,0,0,0,2,2,1,0,0,2,0
1525,David López,es ESP,DF,DF,Mallorca,es La Liga,22,2003,9.3,2,0,0,13,4,0,0,9,7,1
1526,Diego López,es ESP,MFFW,MF,Valencia,es La Liga,23,2002,19.6,2,0,0,20,33,3,41,14,16,0
1527,Fer López,es ESP,MF,MF,Wolves,eng Premier League,21,2004,2.6,1,0,0,6,4,0,4,0,1,0
1528,Fer López,es ESP,MFFW,MF,Celta Vigo,es La Liga,21,2004,13,3,0,0,24,18,1,18,6,11,0
1529,Fermin López,es ESP,MF,MF,Barcelona,es La Liga,22,2003,20,3,0,0,34,20,5,36,7,22,0
1530,Hugo López,es ESP,MF,MF,Villarreal,es La Liga,18,2007,0.6,0,0,0,2,0,0,2,1,1,0
1531,Javi López,es ESP,DF,DF,Oviedo,es La Liga,23,2002,19,3,1,0,38,26,2,60,20,23,0
1532,Julien López,dz ALG,FWMF,FW,Paris FC,fr Ligue 1,33,1992,0.5,0,0,0,0,0,0,1,1,0,0
1533,Maxime Lopez,fr FRA,MF,MF,Paris FC,fr Ligue 1,27,1997,21.8,11,0,0,27,8,5,83,11,17,0
1534,Pau López,es ESP,GK,GK,Real Betis,es La Liga,30,1994,9,1,0,0,0,2,0,0,0,1,0
1535,Unai López,es ESP,MF,MF,Rayo Vallecano,es La Liga,29,1995,17.9,8,1,1,37,14,1,62,21,16,0
1536,Dachi Lordkipanidze,ge GEO,MF,MF,Cremonese,it Serie A,20,2005,0.3,0,0,0,0,0,0,0,0,0,0
1537,Lorran,br BRA,FW,FW,Pisa,it Serie A,19,2006,1.4,0,0,0,0,3,0,5,3,3,0
1538,Iker Losada,es ESP,MF,MF,Levante,es La Liga,23,2001,10,1,0,0,6,7,3,22,10,12,0
1539,Simone Lottici Tessadri,it ITA,MF,MF,Cremonese,it Serie A,19,2006,0.1,0,0,0,0,0,0,0,0,0,0
1540,Tom Louchet,fr FRA,MF,MF,Nice,fr Ligue 1,22,2003,15.2,1,1,0,16,13,0,51,9,17,0
1541,Marius Louer,fr FRA,DF,DF,Angers,fr Ligue 1,18,2007,6,1,0,0,7,3,0,9,2,16,1
1542,Sandi Lovrić,si SVN,MF,MF,Udinese,it Serie A,27,1998,1.8,1,0,0,4,1,0,16,4,4,0
1543,Sandi Lovrić,si SVN,MF,MF,Hellas Verona,it Serie A,27,1998,3.4,1,0,0,5,3,0,24,5,6,0
1544,Felipe Loyola,cl CHI,MF,MF,Pisa,it Serie A,24,2000,6,0,1,0,8,2,0,4,6,7,0
1545,Pol Lozano,es ESP,MF,MF,Espanyol,es La Liga,25,1999,24,12,1,1,64,29,0,29,23,19,0
1546,Sergio Lozano,es ESP,MF,MF,Levante,es La Liga,26,1999,0.1,0,0,0,0,0,0,0,0,1,0
1547,Lucas,br BRA,MFDF,MF,Burnley,eng Premier League,24,2001,15.7,1,1,0,15,4,5,56,19,22,0
1548,Lorenzo Lucca,it ITA,FW,FW,Napoli,it Serie A,24,2000,4.5,1,0,0,17,12,4,0,0,0,0
1549,Lorenzo Lucca,it ITA,FW,FW,Nottingham,eng Premier League,24,2000,1.4,0,0,0,1,2,2,0,1,0,0
1550,Dimitri Lucea,fr FRA,DF,DF,PSG,fr Ligue 1,18,2007,0.7,0,0,0,1,1,0,0,2,2,0
1551,Jhon Lucumí,co COL,DF,DF,Bologna,it Serie A,27,1998,25.4,5,0,0,23,19,1,1,30,22,0
1552,Oier Luengo,es ESP,DF,DF,Oviedo,es La Liga,27,1997,2.5,1,0,0,2,1,0,0,2,5,0
1553,Florentino Luís,pt POR,MF,MF,Burnley,eng Premier League,25,1999,23.4,6,0,0,40,8,1,11,40,49,0
1554,José Luis Gayà,es ESP,DF,DF,Valencia,es La Liga,30,1995,27.2,6,1,0,31,20,3,88,23,44,0
1555,José Luis Morales,es ESP,MF,MF,Levante,es La Liga,38,1987,4,1,0,0,3,4,4,11,3,5,0
1556,Douglas Luiz,br BRA,MF,MF,Aston Villa,eng Premier League,27,1998,6.7,1,0,0,9,10,0,28,7,11,0
1557,Douglas Luiz,br BRA,MF,MF,Nottingham,eng Premier League,27,1998,3.5,2,0,0,4,5,0,15,7,3,0
1558,Romelu Lukaku,be BEL,FW,FW,Napoli,it Serie A,32,1993,0.5,1,0,0,2,0,0,0,0,0,0
1559,Castello Lukeba,fr FRA,DF,DF,RB Leipzig,de Bundesliga,22,2002,24.2,3,0,0,11,12,1,3,31,14,0
1560,Dodi Lukebakio,be BEL,MF,MF,Sevilla,es La Liga,27,1997,2,0,0,0,3,3,0,10,1,0,0
1561,Saša Lukić,rs SRB,MF,MF,Fulham,eng Premier League,28,1996,19.3,9,0,0,53,25,2,68,16,28,0
1562,Kristoffer Lund,us USA,DFMF,DF,Köln,de Bundesliga,23,2002,25.3,2,0,0,13,40,3,83,28,26,0
1563,Andriy Lunin,ua UKR,GK,GK,Real Madrid,es La Liga,26,1999,6,0,1,0,0,0,0,0,0,0,0
1564,Sebastiano Luperto,it ITA,DF,DF,Cremonese,it Serie A,28,1996,14.5,1,0,0,9,12,1,10,12,9,0
1565,Sebastiano Luperto,it ITA,DF,DF,Cagliari,it Serie A,28,1996,19,3,0,0,23,17,0,1,19,12,0
1566,Iker Luque,es ESP,DF,DF,Atlético Madrid,es La Liga,20,2005,0.3,0,0,0,2,0,0,0,0,0,0
1567,Mateus Lusuardi,br BRA,DF,DF,Pisa,it Serie A,21,2004,2.2,1,0,0,4,0,0,1,0,2,0
1568,Zito Luvumbo,ao ANG,FWMF,FW,Mallorca,es La Liga,23,2002,5.6,2,0,0,13,20,6,19,0,0,0
1569,Zito Luvumbo,ao ANG,MFFW,MF,Cagliari,it Serie A,23,2002,3.7,0,0,0,4,18,0,7,1,1,0
1570,Babis Lykogiannis,gr GRE,DF,DF,Bologna,it Serie A,31,1993,7,3,0,0,8,1,0,45,6,10,0
1571,Senne Lynen,be BEL,MF,MF,Werder Bremen,de Bundesliga,26,1999,30.6,4,0,0,38,12,0,14,77,33,0
1572,Mathias Løvik,no NOR,MF,MF,Parma,it Serie A,21,2003,5.2,0,0,0,3,2,2,15,7,8,0
1573,Ian Maatsen,nl NED,DF,DF,Aston Villa,eng Premier League,23,2002,17.8,2,0,0,17,19,1,54,18,31,0
1574,Alexis Mac Allister,ar ARG,MF,MF,Liverpool,eng Premier League,26,1998,29.5,7,0,0,35,32,0,20,18,27,0
1575,Tommaso Macchioni,it ITA,DF,DF,Sassuolo,it Serie A,19,2006,1,1,0,0,1,0,0,0,2,0,0
1576,Deiver Machado,co COL,DFMF,DF,Nantes,fr Ligue 1,31,1993,10.1,2,0,0,21,20,4,22,8,16,0
1577,Deiver Machado,co COL,MF,MF,Lens,fr Ligue 1,31,1993,3,1,0,0,4,8,0,4,3,1,0
1578,Koki Machida,jp JPN,DF,DF,Hoffenheim,de Bundesliga,27,1997,0.5,1,0,0,2,0,0,0,1,0,0
1579,Lanroy Machine,fr FRA,FW,FW,Angers,fr Ligue 1,19,2005,5.8,1,0,0,9,5,4,5,0,4,0
1580,Shuto Machino,jp JPN,FWMF,FW,Gladbach,de Bundesliga,25,1999,12,2,0,0,14,11,9,10,3,5,0
1581,Carlos Macià,es ESP,MF,MF,Villarreal,es La Liga,16,2008,0.9,1,0,0,1,0,0,0,2,0,0
1582,James Maddison,eng ENG,FWMF,FW,Tottenham,eng Premier League,28,1996,0.4,0,0,0,1,1,0,6,0,1,0
1583,Brian Madjo,lu LUX,FW,FW,Metz,fr Ligue 1,16,2009,1.7,0,0,0,3,3,3,0,0,0,0
1584,Noni Madueke,eng ENG,FWMF,FW,Arsenal,eng Premier League,23,2002,13.5,0,0,0,15,15,4,80,5,10,0
1585,Pablo Maffeo,es ESP,DF,DF,Mallorca,es La Liga,28,1997,29.6,11,0,0,26,23,0,85,33,34,1
1586,Gabriel Magalhães,br BRA,DF,DF,Arsenal,eng Premier League,27,1997,30.6,4,0,0,21,34,0,6,22,20,0
1587,Soungoutou Magassa,fr FRA,MF,MF,West Ham,eng Premier League,21,2003,10.9,4,0,0,17,17,0,9,17,23,0
1588,Hugo Magnetti,fr FRA,MF,MF,Brest,fr Ligue 1,27,1998,29.9,4,1,0,31,33,0,26,44,45,0
1589,Frank Magri,cm CMR,FWMF,FW,Toulouse,fr Ligue 1,25,1999,13.9,3,0,0,28,22,3,15,3,3,0
1590,Harry Maguire,eng ENG,DF,DF,Manchester Utd,eng Premier League,32,1993,18.4,3,1,0,16,16,0,4,12,17,0
1591,Arne Maier,de GER,MF,MF,Augsburg,de Bundesliga,26,1999,0,0,0,0,0,0,0,1,1,1,0
1592,Mike Maignan,fr FRA,GK,GK,Milan,it Serie A,30,1995,36.6,4,0,0,0,6,0,0,1,0,0
1593,Linton Maina,de GER,MFFW,MF,Köln,de Bundesliga,26,1999,11.4,0,0,0,8,6,1,25,4,6,0
1594,Patrick Mainka,de GER,DF,DF,Heidenheim,de Bundesliga,30,1994,34,1,0,0,10,20,3,0,36,30,0
1595,Kobbie Mainoo,eng ENG,MF,MF,Manchester Utd,eng Premier League,20,2005,18.5,2,0,0,12,22,1,13,19,20,0
1596,Ainsley Maitland-Niles,eng ENG,DFMF,DF,Lyon,fr Ligue 1,27,1997,27.6,7,1,1,37,12,1,44,33,36,0
1597,Radosław Majecki,pl POL,GK,GK,Brest,fr Ligue 1,25,1999,9.6,0,1,0,1,1,0,0,0,0,0
1598,Lovro Majer,hr CRO,MF,MF,Wolfsburg,de Bundesliga,27,1998,15.2,5,0,0,30,22,4,28,8,18,0
1599,Hamidou Makalou,ml MLI,MF,MF,Brest,fr Ligue 1,19,2006,3.8,0,0,0,1,4,0,14,5,5,0
1600,Jean-Victor Makengo,fr FRA,MF,MF,Lorient,fr Ligue 1,27,1998,20,2,0,0,12,35,0,18,14,16,1
1601,Jordy Makengo,fr FRA,DF,DF,Freiburg,de Bundesliga,23,2001,13.1,1,0,0,10,9,2,32,14,10,0
1602,Andrija Maksimović,rs SRB,FW,FW,RB Leipzig,de Bundesliga,18,2007,1,0,0,0,1,2,0,2,0,0,0
1603,Said El Mala,de GER,FWMF,FW,Köln,de Bundesliga,18,2006,21.7,4,0,0,15,23,18,39,8,14,0
1604,Tyrell Malacia,nl NED,DF,DF,Manchester Utd,eng Premier League,25,1999,0.2,0,0,0,0,0,0,0,0,1,0
1605,Julián Malatini,ar ARG,DF,DF,Werder Bremen,de Bundesliga,24,2001,5.7,3,0,0,7,1,0,5,6,6,0
1606,Daniel Maldini,it ITA,FW,FW,Lazio,it Serie A,23,2001,7.6,0,0,0,14,20,3,1,4,9,0
1607,Daniel Maldini,it ITA,MF,MF,Atalanta,it Serie A,23,2001,2.9,1,0,0,4,7,0,10,0,2,0
1608,Youssef Maleh,ma MAR,MF,MF,Cremonese,it Serie A,26,1998,12.2,2,1,0,27,10,0,41,9,11,0
1609,Youssef Maleh,ma MAR,MF,MF,Lecce,it Serie A,26,1998,5.1,2,0,0,9,8,0,12,7,4,0
1610,Donyell Malen,nl NED,FWMF,FW,Aston Villa,eng Premier League,26,1999,7.3,0,0,0,2,6,1,7,0,2,0
1611,Donyell Malen,nl NED,FW,FW,Roma,it Serie A,26,1999,16.3,1,0,0,12,17,14,6,3,3,0
1612,Ruslan Malinovskyi,ua UKR,MF,MF,Genoa,it Serie A,32,1993,24.8,10,0,0,36,26,1,68,16,19,0
1613,Lennard Maloney,us USA,DFMF,DF,Mainz 05,de Bundesliga,25,1999,5.4,1,0,0,13,3,1,2,8,8,0
1614,Pape Mamadou Sy,sn SEN,GK,GK,Metz,fr Ligue 1,28,1997,7.8,0,0,0,0,4,0,0,0,0,0
1615,Giorgi Mamardashvili,ge GEO,GK,GK,Liverpool,eng Premier League,24,2000,9.6,0,0,0,1,2,0,0,1,1,0
1616,Felix Mambimbi,ch SUI,FWMF,FW,Le Havre,fr Ligue 1,24,2001,5.9,1,0,0,16,4,5,5,4,10,0
1617,Aitor Mañas,es ESP,FW,FW,Alavés,es La Liga,22,2003,1.4,0,0,0,2,1,0,0,1,2,0
1618,Gianluca Mancini,it ITA,DF,DF,Roma,it Serie A,29,1996,34,9,0,0,71,42,5,29,47,28,0
1619,Reinildo Mandava,mz MOZ,DF,DF,Sunderland,eng Premier League,31,1994,21.8,7,1,0,32,35,1,23,29,23,0
1620,Aïssa Mandi,dz ALG,DF,DF,Lille,fr Ligue 1,33,1991,26.9,8,0,0,17,17,1,10,44,21,0
1621,Rolando Mandragora,it ITA,MF,MF,Fiorentina,it Serie A,28,1997,26.9,7,0,0,37,56,0,69,15,24,0
1622,Filippo Mane,it ITA,DF,DF,Dortmund,de Bundesliga,20,2005,1.5,0,1,0,1,2,0,1,2,0,0
1623,Mateus Mane,pt POR,MF,MF,Wolves,eng Premier League,17,2007,19.9,0,0,0,26,47,2,94,5,13,0
1624,Orel Mangala,be BEL,MF,MF,Lyon,fr Ligue 1,27,1998,4.6,0,0,0,8,5,0,3,5,5,0
1625,Bendito Mantato,eng ENG,MF,MF,Manchester Utd,eng Premier League,17,2008,0.2,0,0,0,0,0,0,1,0,0,0
1626,Brad Mantsounga,cg CGO,DF,DF,Nice,fr Ligue 1,17,2007,1,0,0,0,0,2,0,0,0,3,0
1627,Johan Manzambi,ch SUI,MF,MF,Freiburg,de Bundesliga,19,2005,23.1,4,2,0,22,78,2,35,27,14,0
1628,Sekou Mara,fr FRA,FW,FW,Auxerre,fr Ligue 1,23,2002,13.6,0,0,0,27,27,2,0,3,7,0
1629,Alessandro Marcandalli,it ITA,DF,DF,Genoa,it Serie A,22,2002,28.9,4,0,0,23,11,0,10,18,24,0
1630,Marcão,br BRA,DF,DF,Sevilla,es La Liga,29,1996,10.4,5,1,1,22,21,1,1,4,4,0
1631,Solly March,eng ENG,MF,MF,Brighton,eng Premier League,31,1994,0.5,0,0,0,0,1,0,4,0,2,0
1632,Vincent Marchetti,fr FRA,MF,MF,Paris FC,fr Ligue 1,28,1997,9.2,1,0,0,12,4,1,1,5,13,0
1633,Pablo Marí,es ESP,DF,DF,Fiorentina,it Serie A,31,1993,9,3,0,0,17,8,0,0,19,8,0
1634,José María Giménez,uy URU,DF,DF,Atlético Madrid,es La Liga,30,1995,13.1,3,0,0,20,10,1,0,15,12,0
1635,Mariano,do DOM,FW,FW,Alavés,es La Liga,31,1993,3.2,1,0,0,13,0,6,3,0,1,0
1636,Luca Marianucci,it ITA,DF,DF,Torino,it Serie A,21,2004,6.4,2,0,0,9,3,0,7,8,5,0
1637,Luca Marianucci,it ITA,DF,DF,Napoli,it Serie A,21,2004,1.3,0,0,0,2,0,0,2,1,2,0
1638,Arkaitz Mariezkurrena,es ESP,FW,FW,Real Sociedad,es La Liga,20,2005,0,0,0,0,2,0,0,0,0,0,0
1639,Marius Marin,ro ROU,MF,MF,Pisa,it Serie A,26,1998,14.2,7,0,0,36,20,0,18,14,26,0
1640,Pablo Marín,es ESP,MF,MF,Real Sociedad,es La Liga,22,2003,16.7,2,0,0,22,23,5,17,9,18,0
1641,Rafa Marín,es ESP,DF,DF,Villarreal,es La Liga,23,2002,22,1,0,0,16,8,3,0,20,22,1
1642,Renato Marin,it ITA,GK,GK,PSG,fr Ligue 1,19,2006,2,0,0,0,0,1,0,0,0,0,0
1643,João Mário Lopes,pt POR,DFMF,DF,Bologna,it Serie A,25,2000,8.2,1,0,0,5,21,0,15,10,4,0
1644,João Mário Lopes,pt POR,MF,MF,Juventus,it Serie A,25,2000,2.9,1,0,0,5,10,0,5,3,3,0
1645,Guillermo Maripán,cl CHI,DF,DF,Torino,it Serie A,31,1994,23.8,4,0,0,27,7,2,3,27,28,0
1646,Omar Marmoush,eg EGY,FWMF,FW,Manchester City,eng Premier League,26,1999,7.8,3,0,0,10,21,6,12,2,8,0
1647,Tomas Marques,es ESP,MF,MF,Barcelona,es La Liga,18,2006,0.1,0,0,0,1,0,0,0,0,0,0
1648,Marquinhos,br BRA,DF,DF,PSG,fr Ligue 1,31,1994,11.7,0,0,0,8,2,0,3,7,9,1
1649,Unai Marrero,es ESP,GK,GK,Real Sociedad,es La Liga,23,2001,1,1,0,0,0,0,0,0,0,0,0
1650,Callum Marshall,nir NIR,FW,FW,West Ham,eng Premier League,20,2004,0.7,0,0,0,0,0,1,0,2,0,0
1651,Eric Martel,de GER,MFDF,MF,Köln,de Bundesliga,23,2002,28.4,12,1,1,42,51,0,11,35,32,0
1652,Aarón Martín,es ESP,MFDF,MF,Genoa,it Serie A,28,1997,24,2,0,0,31,27,0,194,10,28,0
1653,Carlos Martín,es ESP,MFFW,MF,Rayo Vallecano,es La Liga,23,2002,5,1,0,0,11,5,0,8,0,7,0
1654,Gerard Martín,es ESP,DF,DF,Barcelona,es La Liga,23,2002,23.5,6,0,0,16,7,0,14,31,29,0
1655,Iván Martín,es ESP,MF,MF,Girona,es La Liga,26,1999,28.1,5,1,1,30,31,3,15,17,39,0
1656,Jon Martin,es ESP,DF,DF,Real Sociedad,es La Liga,19,2006,25,6,0,0,18,12,1,0,35,16,0
1657,Mario Martín,es ESP,MFFW,MF,Getafe,es La Liga,21,2004,23.6,11,0,0,71,34,4,13,16,32,0
1658,Gabriel Martinelli,br BRA,FWMF,FW,Arsenal,eng Premier League,24,2001,12,3,0,0,10,14,5,37,1,8,0
1659,Arnau Martinez,es ESP,DFMF,DF,Girona,es La Liga,22,2003,29.6,6,0,0,24,30,3,50,37,39,0
1660,Daniel Martinez,es ESP,DF,DF,Atlético Madrid,es La Liga,21,2004,1,0,0,0,1,0,0,1,1,0,0
1661,Emiliano Martínez,ar ARG,GK,GK,Aston Villa,eng Premier League,32,1992,31.5,2,0,0,0,17,0,0,0,0,0
1662,Joaquín Martínez Gauna,es ESP,MFDF,MF,Sevilla,es La Liga,22,2003,15.6,1,0,0,12,16,4,88,8,20,0
1663,Josep Martinez,es ESP,GK,GK,Inter,it Serie A,27,1998,5,0,0,0,0,0,0,0,0,0,0
1664,Lautaro Martínez,ar ARG,FW,FW,Inter,it Serie A,27,1997,24,4,0,0,47,47,8,17,6,13,0
1665,Lisandro Martínez,ar ARG,DF,DF,Manchester Utd,eng Premier League,27,1998,13.7,0,1,0,9,2,0,2,12,11,1
1666,Pablo Martínez,es ESP,MF,MF,Levante,es La Liga,27,1998,20.6,3,0,0,30,12,3,87,19,10,0
1667,Ramón Martínez,es ESP,DF,DF,Sevilla,es La Liga,22,2002,1.1,0,0,0,1,1,0,0,1,0,0
1668,Toni Martínez,es ESP,FW,FW,Alavés,es La Liga,28,1997,30.2,2,0,0,46,37,13,14,4,15,0
1669,Adam Marušić,me MNE,DF,DF,Lazio,it Serie A,32,1992,30.9,1,1,0,22,18,1,35,33,16,0
1670,Omar Mascarell,gq EQG,MFDF,MF,Mallorca,es La Liga,32,1993,24.9,5,0,0,38,14,0,6,35,28,0
1671,Adam Masina,ma MAR,DF,DF,Torino,it Serie A,31,1994,2.6,0,0,0,6,2,0,0,5,4,0
1672,Patrizio Masini,it ITA,MF,MF,Genoa,it Serie A,24,2001,15.7,5,0,0,39,45,0,14,26,39,0
1673,Han-Noah Massengo,fr FRA,MF,MF,Augsburg,de Bundesliga,24,2001,27,5,0,0,25,23,0,17,36,18,0
1674,Franco Mastantuono,ar ARG,MFFW,MF,Real Madrid,es La Liga,17,2007,11.5,5,1,0,18,30,1,31,3,12,0
1675,Arthur Masuaku,cd COD,DF,DF,Sunderland,eng Premier League,31,1993,1.4,1,0,0,3,0,0,8,2,2,0
1676,Arthur Masuaku,cd COD,DFMF,DF,Lens,fr Ligue 1,31,1993,2.5,1,0,0,2,1,0,7,1,3,0
1677,Clinton Mata,ao ANG,DF,DF,Lyon,fr Ligue 1,32,1992,31.5,5,0,0,35,35,0,20,26,21,1
1678,Igor Matanović,hr CRO,FW,FW,Freiburg,de Bundesliga,22,2003,17.5,0,0,0,42,22,6,0,9,11,0
1679,Pape Matar Sarr,sn SEN,MF,MF,Tottenham,eng Premier League,22,2002,15.5,3,0,0,29,13,3,8,14,21,0
1680,Jean-Philippe Mateta,fr FRA,FW,FW,Crystal Palace,eng Premier League,28,1997,24.6,2,0,0,21,19,18,11,6,4,0
1681,Nemanja Matić,rs SRB,MF,MF,Sassuolo,it Serie A,36,1988,29.6,7,1,0,24,39,0,11,27,28,0
1682,Rudy Matondo,fr FRA,MF,MF,Paris FC,fr Ligue 1,17,2008,8.3,1,1,0,15,14,0,8,5,14,0
1683,Rudy Matondo,fr FRA,MF,MF,Auxerre,fr Ligue 1,17,2008,6.8,3,0,0,12,9,1,5,7,7,0
1684,Chrislain Matsima,fr FRA,DF,DF,Augsburg,de Bundesliga,23,2002,16.5,5,0,0,10,4,0,4,30,11,0
1685,Jean Mattéo Bahoya,fr FRA,MFFW,MF,Frankfurt,de Bundesliga,20,2005,14.8,2,0,0,13,22,3,33,12,14,0
1686,Alan Matturro,uy URU,DF,DF,Levante,es La Liga,20,2004,10.5,0,1,0,7,10,0,0,6,13,0
1687,Neal Maupay,fr FRA,FWMF,FW,Marseille,fr Ligue 1,28,1996,0,0,0,0,0,0,0,0,0,0,0
1688,Neal Maupay,fr FRA,FW,FW,Sevilla,es La Liga,28,1996,9.6,2,0,0,15,16,3,4,1,1,0
1689,Konstantinos Mavropanos,gr GRE,DF,DF,West Ham,eng Premier League,27,1997,28.2,2,0,0,16,9,2,4,47,24,2
1690,Christian Mawissa,fr FRA,DFMF,DF,Monaco,fr Ligue 1,20,2005,13.2,4,0,0,12,12,0,5,15,25,0
1691,Eliezer Mayenda,es ESP,FWMF,FW,Sunderland,eng Premier League,20,2005,8.4,0,0,0,6,11,3,1,1,3,0
1692,Ezra Mayers,bb BRB,DF,DF,West Ham,eng Premier League,18,2007,1.3,0,0,0,0,0,0,3,1,0,0
1693,Borja Mayoral,es ESP,FW,FW,Getafe,es La Liga,28,1997,11.8,0,0,0,6,7,11,6,4,5,0
1694,Senny Mayulu,fr FRA,MFFW,MF,PSG,fr Ligue 1,19,2006,18.6,3,0,0,24,20,1,27,12,31,0
1695,Ibrahim Maza,dz ALG,MF,MF,Leverkusen,de Bundesliga,19,2005,20.5,2,0,0,19,36,3,64,16,24,0
1696,Noussair Mazraoui,ma MAR,DFMF,DF,Manchester Utd,eng Premier League,27,1997,10.9,3,0,0,12,14,0,13,11,15,0
1697,Luca Mazzitelli,it ITA,MF,MF,Cagliari,it Serie A,29,1995,8.5,3,0,0,22,13,0,9,10,11,0
1698,Pasquale Mazzocchi,it ITA,MF,MF,Napoli,it Serie A,30,1995,3.4,0,1,0,1,0,1,15,4,1,0
1699,Nathan Mbala,Unknown,MFFW,MF,Metz,fr Ligue 1,17,2008,4.9,0,0,0,3,6,0,36,1,6,0
1700,Samuel Mbangula,be BEL,MFFW,MF,Werder Bremen,de Bundesliga,21,2004,13,0,0,0,4,23,4,23,3,10,0
1701,Ethan Mbappé,fr FRA,MFFW,MF,Lille,fr Ligue 1,18,2006,6.3,1,0,0,7,9,1,34,2,7,0
1702,Kylian Mbappé,fr FRA,FW,FW,Real Madrid,es La Liga,26,1998,28.9,4,0,0,13,36,39,26,3,1,0
1703,Ibrahim Mbaye,sn SEN,FWMF,FW,PSG,fr Ligue 1,17,2008,11.2,0,0,0,10,13,2,16,4,7,0
1704,Malick Mbaye,sn SEN,MF,MF,Metz,fr Ligue 1,21,2004,3.3,1,0,0,2,3,0,8,3,8,0
1705,Chancel Mbemba,cd COD,DF,DF,Lille,fr Ligue 1,30,1994,10.6,3,0,0,10,6,0,0,13,8,1
1706,Bryan Mbeumo,cm CMR,MFFW,MF,Manchester Utd,eng Premier League,25,1999,29,4,0,0,23,28,7,105,7,11,0
1707,Michel Mboula,ga GAB,DFMF,DF,Metz,fr Ligue 1,22,2003,8.3,2,0,0,9,11,0,8,15,10,1
1708,Pathé Mboup,sn SEN,MF,MF,Brest,fr Ligue 1,21,2003,11.7,6,0,0,34,19,5,11,12,18,0
1709,Moustapha Mbow,sn SEN,DF,DF,Paris FC,fr Ligue 1,25,2000,30.2,5,0,0,27,16,1,2,38,33,0
1710,James Mcatee,eng ENG,MF,MF,Nottingham,eng Premier League,22,2002,3.3,1,0,0,4,5,2,9,3,4,0
1711,John McGinn,sct SCO,MF,MF,Aston Villa,eng Premier League,30,1994,23.7,5,0,0,31,48,0,82,12,17,0
1712,Weston McKennie,us USA,MF,MF,Juventus,it Serie A,26,1998,31.5,5,0,0,44,11,7,36,26,24,0
1713,Mark McKenzie,us USA,DF,DF,Toulouse,fr Ligue 1,26,1999,26.7,7,1,0,35,12,1,4,25,30,0
1714,Dwight McNeil,eng ENG,MF,MF,Everton,eng Premier League,25,1999,13,1,0,0,11,7,2,40,10,16,0
1715,Scott McTominay,sct SCO,MF,MF,Napoli,it Serie A,28,1996,31,1,0,0,24,73,5,10,23,13,0
1716,Facundo Medina,ar ARG,DF,DF,Marseille,fr Ligue 1,26,1999,15.2,7,0,0,24,9,0,13,24,16,1
1717,Jonas Meffert,de GER,MF,MF,Hamburger SV,de Bundesliga,30,1994,1.6,0,0,0,1,0,0,0,1,3,0
1718,Henrik Meister,dk DEN,FW,FW,Pisa,it Serie A,21,2003,16.8,2,0,0,26,17,5,1,1,3,0
1719,Bamo Meïté,ci CIV,DF,DF,Lorient,fr Ligue 1,23,2001,22,5,0,0,30,25,2,12,13,15,0
1720,Kader Meïté,fr FRA,FW,FW,Rennes,fr Ligue 1,17,2007,5.9,0,0,0,12,4,8,3,1,2,0
1721,Hannibal Mejbri,tn TUN,MF,MF,Burnley,eng Premier League,22,2003,13.7,10,0,0,23,46,3,30,7,17,0
1722,Cléo Melieres,fr FRA,FW,FW,Metz,fr Ligue 1,20,2005,0.3,1,0,0,1,0,0,3,0,0,0
1723,Nuno Mendes,pt POR,DF,DF,PSG,fr Ligue 1,23,2002,14,1,0,0,12,25,3,44,14,20,0
1724,Brais Méndez,es ESP,MFFW,MF,Real Sociedad,es La Liga,28,1997,18.4,4,1,0,42,35,7,62,8,18,0
1725,Rodrigo Mendoza,es ESP,MFFW,MF,Elche,es La Liga,20,2005,8.8,4,0,0,19,16,2,17,5,9,0
1726,Rodrigo Mendoza,es ESP,MF,MF,Atlético Madrid,es La Liga,20,2005,4.8,2,0,0,11,7,0,2,0,3,0
1727,Antoine Mendy,sn SEN,DF,DF,Nice,fr Ligue 1,21,2004,23.3,5,0,0,30,22,1,21,19,35,0
1728,Batista Mendy,fr FRA,MF,MF,Sevilla,es La Liga,25,2000,18,6,0,0,37,27,0,5,18,23,0
1729,Ferland Mendy,fr FRA,DF,DF,Real Madrid,es La Liga,30,1995,2.3,0,0,0,2,1,0,0,2,1,0
1730,Formose Mendy,sn SEN,DF,DF,Lorient,fr Ligue 1,24,2001,1.5,1,0,0,2,3,0,1,3,1,0
1731,Nobel Mendy,sn SEN,DF,DF,Rayo Vallecano,es La Liga,20,2004,20,9,2,1,32,12,1,6,23,15,0
1732,Paul Mendy,sn SEN,FW,FW,Cagliari,it Serie A,18,2007,3.7,1,0,0,12,4,2,2,1,0,0
1733,Gideon Mensah,gh GHA,DF,DF,Auxerre,fr Ligue 1,27,1998,25.9,8,0,0,37,34,1,64,23,37,0
1734,Khalis Merah,fr FRA,MFFW,MF,Lyon,fr Ligue 1,18,2007,12.6,2,0,0,11,20,0,13,6,19,0
1735,Alex Meret,it ITA,GK,GK,Napoli,it Serie A,28,1997,10.9,1,0,0,1,1,0,0,1,0,0
1736,Mikel Merino,es ESP,MFFW,MF,Arsenal,eng Premier League,29,1996,11.5,1,0,0,22,20,3,4,9,13,0
1737,Quentin Merlin,fr FRA,DFMF,DF,Rennes,fr Ligue 1,23,2002,28.1,2,0,0,22,30,5,156,29,38,0
1738,Rafik Messali,fr FRA,MF,MF,Toulouse,fr Ligue 1,22,2003,5.6,2,0,0,11,9,0,9,12,6,0
1739,Junior Messias,br BRA,MF,MF,Genoa,it Serie A,34,1991,7.6,1,0,0,10,22,0,16,5,10,0
1740,Alejandro Mestanza,es ESP,MF,MF,Getafe,es La Liga,20,2004,0.8,0,0,0,1,2,1,4,0,1,0
1741,Connor Metcalfe,au AUS,MFFW,MF,St Pauli,de Bundesliga,25,1999,6.6,2,0,0,9,2,0,24,6,9,0
1742,Dayann Methalie,fr FRA,MF,MF,Toulouse,fr Ligue 1,19,2006,20.8,9,0,0,57,11,1,43,23,30,0
1743,Karol Mets,ee EST,DF,DF,St Pauli,de Bundesliga,32,1993,21.5,3,0,0,13,11,1,6,22,22,0
1744,Thomas Meunier,be BEL,DF,DF,Lille,fr Ligue 1,33,1991,21.2,3,0,0,29,3,2,51,17,18,0
1745,Shumaira Mheuka,eng ENG,FW,FW,Chelsea,eng Premier League,17,2007,0,0,0,0,0,0,0,0,0,0,0
1746,Lucas Michal,fr FRA,MF,MF,Metz,fr Ligue 1,20,2005,2.4,1,0,0,3,2,1,1,0,0,0
1747,Lucas Michal,fr FRA,FW,FW,Monaco,fr Ligue 1,20,2005,0.7,0,0,0,2,1,0,3,0,0,0
1748,Georges Mikautadze,ge GEO,FW,FW,Villarreal,es La Liga,24,2000,23.4,1,0,0,13,45,3,21,5,4,0
1749,Georges Mikautadze,ge GEO,FW,FW,Lyon,fr Ligue 1,24,2000,2,0,0,0,0,1,1,0,1,0,0
1750,Wisdom Mike,de GER,FW,FW,Bayern Munich,de Bundesliga,16,2008,0.3,0,0,0,0,0,0,1,1,0,0
1751,William Mikelbrencis,fr FRA,MFDF,MF,Hamburger SV,de Bundesliga,21,2004,15.2,3,0,0,18,5,5,54,6,22,0
1752,Daniel Mikołajewski,pl POL,FW,FW,Parma,it Serie A,19,2006,0.8,0,0,0,2,2,2,1,0,0,0
1753,Antoni Milambo,nl NED,MF,MF,Brentford,eng Premier League,20,2005,0.5,0,0,0,0,0,0,0,0,1,0
1754,Nikola Milenković,rs SRB,DF,DF,Nottingham,eng Premier League,27,1997,37.5,6,0,0,21,20,1,2,29,19,1
1755,Lewis Miley,eng ENG,MFDF,MF,Newcastle,eng Premier League,19,2006,16.6,0,0,0,5,4,2,42,20,18,0
1756,Arkadiusz Milik,pl POL,FW,FW,Juventus,it Serie A,31,1994,0.4,0,0,0,1,0,0,0,0,0,0
1757,Vanja Milinković-Savić,rs SRB,GK,GK,Napoli,it Serie A,28,1997,27,0,0,0,1,6,0,0,0,0,0
1758,Éder Militão,br BRA,DF,DF,Real Madrid,es La Liga,27,1998,12.7,2,0,0,15,13,0,1,10,16,0
1759,Luis Milla,es ESP,MF,MF,Getafe,es La Liga,30,1994,36.3,5,1,0,32,43,3,225,42,33,0
1760,Pere Milla,es ESP,MFFW,MF,Espanyol,es La Liga,32,1992,21.9,6,1,0,24,38,10,36,18,24,0
1761,Lennon Miller,sct SCO,MF,MF,Udinese,it Serie A,18,2006,11.1,4,0,0,14,17,1,32,9,12,0
1762,James Milner,eng ENG,MF,MF,Brighton,eng Premier League,39,1986,8.7,2,0,0,15,3,1,14,5,9,0
1763,Veljko Milosavljević,rs SRB,DF,DF,Bournemouth,eng Premier League,18,2007,4.1,0,0,0,0,0,0,0,4,4,0
1764,Jovan Milošević,rs SRB,FW,FW,Werder Bremen,de Bundesliga,20,2005,5.4,2,0,0,8,3,6,3,0,2,0
1765,Kim Min-jae,kr KOR,DF,DF,Bayern Munich,de Bundesliga,28,1996,17.8,1,0,0,9,3,0,1,38,19,0
1766,Yerry Mina,co COL,DF,DF,Cagliari,it Serie A,30,1994,23.9,5,1,1,26,37,3,1,26,18,0
1767,Takumi Minamino,jp JPN,MF,MF,Monaco,fr Ligue 1,30,1995,10.5,4,0,0,10,8,3,8,3,3,0
1768,Tyrone Mings,eng ENG,DF,DF,Aston Villa,eng Premier League,32,1993,14.7,1,0,0,10,8,0,4,11,2,0
1769,Óscar Mingueza,es ESP,MF,MF,Celta Vigo,es La Liga,26,1999,21.9,4,0,0,15,28,1,68,9,20,0
1770,Yankuba Minteh,gm GAM,MF,MF,Brighton,eng Premier League,21,2004,26.6,3,0,0,32,22,10,159,15,37,0
1771,Bojan Miovski,mk MKD,FW,FW,Girona,es La Liga,26,1999,0.5,0,0,0,0,0,0,0,0,0,0
1772,Rafa Mir,es ESP,FWMF,FW,Elche,es La Liga,28,1997,20,4,0,0,39,16,7,19,4,7,0
1773,Juan Miranda,es ESP,DF,DF,Bologna,it Serie A,25,2000,28.6,6,0,0,25,35,3,171,33,31,0
1774,Fabio Miretti,it ITA,MF,MF,Juventus,it Serie A,21,2003,6.9,1,0,0,15,7,0,17,4,9,0
1775,Tyrick Mitchell,eng ENG,MF,MF,Crystal Palace,eng Premier League,25,1999,36.1,6,0,0,24,28,5,104,33,65,0
1776,Kaoru Mitoma,jp JPN,MFFW,MF,Brighton,eng Premier League,28,1997,19.1,5,0,0,31,21,4,46,8,12,0
1777,Maximilian Mittelstädt,de GER,DFMF,DF,Stuttgart,de Bundesliga,28,1997,24.3,4,0,0,11,26,2,122,35,42,0
1778,Henrikh Mkhitaryan,am ARM,MF,MF,Inter,it Serie A,36,1989,17.3,5,0,0,28,17,3,42,15,27,0
1779,Branimir Mlacic,hr CRO,DF,DF,Udinese,it Serie A,18,2007,1.8,2,0,0,4,0,0,1,2,3,0
1780,Tadjidine Mmadi,fr FRA,FW,FW,Marseille,fr Ligue 1,18,2007,0.5,0,0,0,2,0,0,2,2,1,0
1781,Rui Modesto,ao ANG,MF,MF,Udinese,it Serie A,25,1999,1.3,0,0,0,0,0,0,5,1,4,0
1782,Luka Modrić,hr CRO,MF,MF,Milan,it Serie A,39,1985,31.2,4,0,0,23,33,0,111,35,27,0
1783,Max Moerstedt,de GER,FW,FW,Hoffenheim,de Bundesliga,19,2006,4.7,2,0,0,14,10,3,4,0,3,0
1784,Terem Moffi,ng NGA,FW,FW,Nice,fr Ligue 1,26,1999,5.4,0,0,0,2,2,7,0,0,1,0
1785,Mostafa Mohamed,eg EGY,FW,FW,Nantes,fr Ligue 1,27,1997,12.8,1,0,0,18,27,4,9,7,7,0
1786,Wael Mohya,de GER,MFFW,MF,Gladbach,de Bundesliga,16,2008,6.1,1,0,0,4,13,0,8,2,7,0
1787,Johan Mojica,co COL,DF,DF,Mallorca,es La Liga,32,1992,30.3,6,1,0,29,30,2,133,24,30,0
1788,Horaţiu Moldovan,ro ROU,GK,GK,Oviedo,es La Liga,27,1998,2,0,0,0,0,0,0,0,0,0,0
1789,Enzo Molebe,fr FRA,FW,FW,Lyon,fr Ligue 1,17,2007,0.1,0,0,0,0,0,0,0,0,0,0
1790,Alberto Moleiro,es ESP,MF,MF,Villarreal,es La Liga,21,2003,27.5,4,0,0,33,27,3,31,14,21,0
1791,Nahuel Molina,ar ARG,DFMF,DF,Atlético Madrid,es La Liga,27,1998,14.8,4,0,0,14,5,5,49,14,24,0
1792,Jon Moncayola,es ESP,MF,MF,Osasuna,es La Liga,27,1998,33.5,9,0,0,41,13,0,142,27,26,0
1793,Jano Monserrate,es ESP,MF,MF,Atlético Madrid,es La Liga,19,2006,0.3,0,0,0,2,1,0,3,0,2,0
1794,Jorge Montes,es ESP,DF,DF,Getafe,es La Liga,21,2004,0.3,0,0,0,1,0,0,2,0,2,0
1795,Lorenzo Montipò,it ITA,GK,GK,Hellas Verona,it Serie A,29,1996,35,0,0,0,0,8,0,0,0,0,0
1796,Álvaro Morata,es ESP,FW,FW,Como,it Serie A,32,1992,10.3,4,1,1,16,33,9,9,1,11,0
1797,Morato,br BRA,DF,DF,Nottingham,eng Premier League,24,2001,14.9,5,0,0,16,7,1,2,11,18,0
1798,Diego Morcillo,es ESP,FW,FW,Alavés,es La Liga,22,2003,0.1,0,0,0,1,1,0,1,0,0,0
1799,Javi Morcillo,es ESP,MF,MF,Atlético Madrid,es La Liga,19,2006,1.9,2,0,0,6,2,0,0,3,4,0
1800,Afonso Moreira,pt POR,MFFW,MF,Lyon,fr Ligue 1,20,2005,19.1,3,0,0,27,57,4,119,12,22,0
1801,Diego Moreira,be BEL,MF,MF,Strasbourg,fr Ligue 1,20,2004,22.6,4,0,0,17,27,8,89,20,25,0
1802,Alberto Moreno,es ESP,DF,DF,Como,it Serie A,33,1992,13.7,4,0,0,17,12,3,34,7,12,0
1803,Álex Moreno,es ESP,DF,DF,Girona,es La Liga,32,1993,28.4,5,0,0,32,20,9,66,29,28,0
1804,Fabio Moreno Fell,de GER,FW,FW,Mainz 05,de Bundesliga,25,2000,0.9,0,0,0,0,0,1,0,0,0,0
1805,Gerard Moreno,es ESP,FW,FW,Villarreal,es La Liga,33,1992,14.9,0,0,0,14,16,6,11,3,8,0
1806,Matias Moreno,ar ARG,DF,DF,Levante,es La Liga,21,2003,25,8,0,0,23,23,2,3,38,25,0
1807,Tete Morente,es ESP,MF,MF,Elche,es La Liga,28,1996,10.3,1,0,0,20,10,2,46,11,11,0
1808,Tete Morente,es ESP,FWMF,FW,Lecce,it Serie A,28,1996,9.5,2,0,0,13,12,1,29,3,9,0
1809,Stefano Moreo,it ITA,FWMF,FW,Pisa,it Serie A,32,1993,25.6,2,0,0,22,20,5,28,21,11,0
1810,Mateu Morey,es ESP,DFMF,DF,Mallorca,es La Liga,25,2000,7.8,2,0,0,15,10,1,14,6,8,0
1811,Ilaix Moriba,gn GUI,MF,MF,Celta Vigo,es La Liga,22,2003,27.7,8,0,0,40,58,0,2,24,42,0
1812,Manu Morlanes,es ESP,MF,MF,Mallorca,es La Liga,26,1999,19.6,5,1,1,28,12,0,11,19,30,0
1813,Luca Moro,it ITA,FW,FW,Sassuolo,it Serie A,24,2001,2.3,1,0,0,7,9,2,0,2,4,0
1814,Nikola Moro,hr CRO,MF,MF,Bologna,it Serie A,27,1998,20,1,0,0,18,17,1,49,19,8,0
1815,Raúl Moro,es ESP,MF,MF,Osasuna,es La Liga,22,2002,6.9,0,0,0,2,6,5,28,1,0,0
1816,Tyler Morton,eng ENG,MF,MF,Lyon,fr Ligue 1,22,2002,28,6,1,0,29,19,0,83,24,29,0
1817,Mattia Mosconi,it ITA,FW,FW,Inter,it Serie A,18,2007,0.3,0,0,0,1,2,0,0,0,0,0
1818,Daren Mosengo,fr FRA,MF,MF,Le Havre,fr Ligue 1,18,2006,1.2,0,0,0,1,2,0,0,1,0,0
1819,Cristhian Mosquera,es ESP,DF,DF,Arsenal,eng Premier League,21,2004,11,4,0,0,17,7,1,3,8,21,0
1820,Daniel Mosquera,co COL,FW,FW,Hellas Verona,it Serie A,25,1999,6.6,1,0,0,22,6,3,2,2,2,0
1821,Yerson Mosquera,co COL,DF,DF,Wolves,eng Premier League,24,2001,23.7,12,0,0,34,44,1,18,25,36,2
1822,Edoardo Motta,it ITA,GK,GK,Lazio,it Serie A,20,2005,9,1,0,0,1,1,0,0,0,0,0
1823,Pierre Mounguengue,fr FRA,FW,FW,PSG,fr Ligue 1,17,2008,0.2,0,0,0,0,0,0,0,0,0,0
1824,Mason Mount,eng ENG,MF,MF,Manchester Utd,eng Premier League,26,1999,11.3,2,0,0,17,12,0,22,9,13,0
1825,Samir El Mourabet,ma MAR,MF,MF,Strasbourg,fr Ligue 1,19,2005,23.6,4,0,0,23,26,3,18,27,37,0
1826,Santiago Mouriño,uy URU,DF,DF,Villarreal,es La Liga,23,2002,26.4,11,1,1,54,36,1,6,29,64,0
1827,Louis Mouton,fr FRA,MF,MF,Angers,fr Ligue 1,23,2002,21,2,1,0,20,16,4,31,12,26,0
1828,Lionel Mpasi,cd COD,GK,GK,Le Havre,fr Ligue 1,30,1994,3.5,1,0,0,0,1,0,0,0,0,0
1829,Tarik Muharemovic,ba BIH,DF,DF,Sassuolo,it Serie A,22,2003,31.5,7,0,0,24,20,0,2,45,24,2
1830,Miro Muheim,ch SUI,MFDF,MF,Hamburger SV,de Bundesliga,27,1998,27.1,7,1,0,39,50,1,148,27,35,0
1831,Divine Mukasa,eng ENG,MF,MF,Manchester City,eng Premier League,17,2007,0.3,0,0,0,1,0,0,0,0,0,0
1832,Ngal'Ayel Mukau,cd COD,MF,MF,Lille,fr Ligue 1,20,2004,17,3,0,0,27,23,4,5,14,18,0
1833,Nordan Mukiele,fr FRA,MF,MF,Rennes,fr Ligue 1,19,2006,1.1,0,0,0,4,2,0,2,0,0,0
1834,Nordi Mukiele,fr FRA,DF,DF,Sunderland,eng Premier League,27,1997,30.9,5,0,0,35,26,3,85,37,45,1
1835,Abdul Mumin,gh GHA,DF,DF,Rayo Vallecano,es La Liga,27,1998,0.9,0,0,0,2,1,0,0,2,0,0
1836,Romaine Mundle,eng ENG,MF,MF,Sunderland,eng Premier League,22,2003,4.6,1,0,0,7,8,0,11,1,4,0
1837,Marshall Munetsi,zw ZIM,MF,MF,Paris FC,fr Ligue 1,29,1996,10.8,0,0,0,12,9,1,0,3,8,0
1838,Marshall Munetsi,zw ZIM,MFFW,MF,Wolves,eng Premier League,29,1996,9.7,2,0,0,19,10,4,14,5,13,0
1839,Rodrigo Muniz,br BRA,FW,FW,Fulham,eng Premier League,24,2001,11.1,2,0,0,21,18,5,2,2,3,1
1840,Believe Munongo,fr FRA,MF,MF,Metz,fr Ligue 1,15,2009,4.8,1,0,0,17,2,0,2,6,7,0
1841,Aihen Muñoz,es ESP,DF,DF,Real Sociedad,es La Liga,27,1997,9.4,1,0,0,7,3,0,24,5,18,0
1842,Daniel Muñoz,co COL,MF,MF,Crystal Palace,eng Premier League,29,1996,26.7,7,0,0,34,18,8,62,24,48,0
1843,Iker Muñoz,es ESP,MF,MF,Osasuna,es La Liga,22,2002,10.6,5,0,0,18,21,1,6,12,7,0
1844,Javier Muñoz,es ESP,MFFW,MF,Getafe,es La Liga,30,1995,6.1,0,0,0,9,2,0,11,6,5,0
1845,Víctor Muñoz,es ESP,MFFW,MF,Osasuna,es La Liga,22,2003,29.5,3,0,0,32,54,5,99,10,13,0
1846,Arijanet Muric,xk KVX,GK,GK,Sassuolo,it Serie A,26,1998,32,4,0,0,1,3,0,0,0,0,0
1847,Murillo,br BRA,DF,DF,Nottingham,eng Premier League,23,2002,23.7,5,0,0,23,7,0,2,29,23,2
1848,Vedat Muriqi,xk KVX,FW,FW,Mallorca,es La Liga,31,1994,34.8,4,1,0,42,64,15,6,3,3,0
1849,Alex Murphy,ie IRL,DF,DF,Newcastle,eng Premier League,21,2004,0.1,0,0,0,0,0,0,0,1,0,0
1850,Jacob Murphy,eng ENG,FWMF,FW,Newcastle,eng Premier League,30,1995,18,2,0,0,9,13,5,125,6,12,0
1851,Salim Musah,de GER,FW,FW,Werder Bremen,de Bundesliga,19,2006,2.2,0,0,0,4,3,1,1,2,1,0
1852,Yunus Musah,us USA,MF,MF,Atalanta,it Serie A,22,2002,6.4,1,0,0,7,16,2,10,5,5,0
1853,Yunus Musah,us USA,MF,MF,Milan,it Serie A,22,2002,1,0,0,0,2,2,1,1,0,1,0
1854,Jamal Musiala,de GER,MFFW,MF,Bayern Munich,de Bundesliga,22,2003,7.6,1,0,0,5,18,0,4,3,5,0
1855,Juan Musso,ar ARG,GK,GK,Atlético Madrid,es La Liga,31,1994,8,2,0,0,1,3,0,0,0,0,0
1856,Cheveyo Muy,nl NED,FW,FW,Milan,it Serie A,18,2006,0.1,0,0,0,0,0,0,0,0,0,0
1857,Yvon Mvogo,ch SUI,GK,GK,Lorient,fr Ligue 1,31,1994,31,0,0,0,0,4,0,0,1,1,0
1858,Joel Mvuka,no NOR,MFDF,MF,Lorient,fr Ligue 1,22,2002,6.2,0,0,0,4,11,1,12,6,13,0
1859,Junior Mwanga,fr FRA,DFMF,DF,Strasbourg,fr Ligue 1,22,2003,4.2,0,0,0,9,2,0,4,1,8,0
1860,Junior Mwanga,fr FRA,MF,MF,Nantes,fr Ligue 1,22,2003,14,2,1,0,15,14,0,5,8,14,0
1861,Phillipp Mwene,at AUT,MF,MF,Mainz 05,de Bundesliga,31,1994,23,4,0,0,22,32,3,75,14,20,0
1862,Vitaliy Mykolenko,ua UKR,DF,DF,Everton,eng Premier League,26,1999,32.9,6,0,0,29,28,0,93,27,25,1
1863,Joakim Mæhle,dk DEN,MFDF,MF,Wolfsburg,de Bundesliga,28,1997,13.6,1,0,0,8,6,0,21,20,22,0
1864,David Møller Wolfe,no NOR,MFDF,MF,Wolves,eng Premier League,23,2002,11.7,1,0,0,10,4,0,32,7,5,0
1865,Obite N'Dicka,ci CIV,DF,DF,Roma,it Serie A,25,1999,29.8,5,0,0,32,35,0,2,45,16,0
1866,Konan N'dri,ne NIG,MF,MF,Lecce,it Serie A,24,2000,6,3,0,0,9,18,2,23,2,4,0
1867,Stanley N'Soki,fr FRA,DFMF,DF,Union Berlin,de Bundesliga,26,1999,9.1,2,0,0,8,8,0,12,18,9,0
1868,Bilal Nadir,ma MAR,MF,MF,Marseille,fr Ligue 1,21,2003,6.6,6,1,1,24,4,1,10,6,9,0
1869,Mahamadou Nagida,cm CMR,DF,DF,Rennes,fr Ligue 1,20,2005,8.9,2,0,0,14,11,0,20,20,12,0
1870,Younes Namli,dk DEN,FWMF,FW,Le Havre,fr Ligue 1,31,1994,3.6,2,0,0,8,4,2,21,5,5,0
1871,Sebastian Nanasi,se SWE,MF,MF,Strasbourg,fr Ligue 1,23,2002,11.7,0,0,0,8,3,1,24,5,4,0
1872,Shafiq Nandja,de GER,DF,DF,Hamburger SV,de Bundesliga,18,2007,0.2,0,0,0,0,0,0,0,0,0,0
1873,Nikolas Nartey,dk DEN,MF,MF,Stuttgart,de Bundesliga,25,2000,14,2,0,0,18,23,1,14,10,12,0
1874,Noah Nartey,dk DEN,MFFW,MF,Lyon,fr Ligue 1,19,2005,6.1,0,0,0,6,7,1,5,2,6,0
1875,Natan,br BRA,DF,DF,Real Betis,es La Liga,24,2001,31.2,8,0,0,28,11,0,1,37,17,0
1876,Pau Navarro,es ESP,DF,DF,Villarreal,es La Liga,20,2005,21.3,4,0,0,34,11,1,2,18,35,1
1877,Roberto Navarro,es ESP,MF,MF,Athletic Club,es La Liga,23,2002,14.5,1,0,0,18,16,4,74,7,10,0
1878,Corrie Ndaba,ie IRL,DF,DF,Lecce,it Serie A,25,1999,6,0,0,0,2,0,0,4,3,4,0
1879,Michel Ndary Adopo,fr FRA,MF,MF,Cagliari,it Serie A,25,2000,33.9,4,0,0,35,25,5,26,31,32,0
1880,Youssouf Ndayishimiye,bi BDI,MF,MF,Nice,fr Ligue 1,26,1998,0.8,0,1,0,2,0,0,0,2,0,0
1881,Abdoulaye Ndiaye,sn SEN,DF,DF,Parma,it Serie A,23,2002,8.7,5,1,1,13,12,0,0,11,10,0
1882,Iliman Ndiaye,sn SEN,MF,MF,Everton,eng Premier League,25,2000,30.9,2,0,0,30,37,12,55,17,40,0
1883,Rassoul Ndiaye,sn SEN,MF,MF,Le Havre,fr Ligue 1,23,2001,28.5,2,0,0,22,37,5,92,17,32,0
1884,Quentin Ndjantou,fr FRA,MF,MF,PSG,fr Ligue 1,18,2007,4,1,0,0,7,2,0,4,2,1,0
1885,Tanguy Ndombele,fr FRA,MF,MF,Nice,fr Ligue 1,28,1996,3.1,0,0,0,1,7,0,1,1,1,0
1886,Cher Ndour,it ITA,MF,MF,Fiorentina,it Serie A,21,2004,20.8,2,0,0,26,23,1,20,15,17,0
1887,Dan Ndoye,ch SUI,MF,MF,Nottingham,eng Premier League,24,2000,13,1,0,0,16,22,9,41,10,11,0
1888,Joseph Nduquidi,fr FRA,MF,MF,Metz,fr Ligue 1,20,2004,0.1,0,0,0,0,0,0,1,0,0,0
1889,Sean Neave,eng ENG,FW,FW,Newcastle,eng Premier League,18,2007,0.2,0,0,0,0,0,0,0,0,0,0
1890,Paul Nebel,de GER,MF,MF,Mainz 05,de Bundesliga,22,2002,23,2,2,0,29,20,3,129,12,30,0
1891,Kosta Nedeljković,rs SRB,DF,DF,RB Leipzig,de Bundesliga,19,2005,2.8,0,0,0,1,1,0,6,1,1,0
1892,Loïc Nego,hu HUN,DFMF,DF,Le Havre,fr Ligue 1,34,1991,26,3,0,0,18,18,4,78,32,36,0
1893,Dan Neil,eng ENG,MF,MF,Sunderland,eng Premier League,23,2001,0.2,0,0,0,0,1,0,0,1,0,0
1894,Reiss Nelson,eng ENG,FWMF,FW,Brentford,eng Premier League,25,1999,1.4,0,0,0,0,2,0,2,0,3,0
1895,Victor Nelsson,dk DEN,DF,DF,Hellas Verona,it Serie A,26,1998,36.8,4,0,0,44,20,0,5,75,45,1
1896,David Neres,br BRA,FWMF,FW,Napoli,it Serie A,28,1997,10.2,3,0,0,19,7,0,53,1,5,0
1897,Martim Neto,pt POR,MF,MF,Elche,es La Liga,22,2003,15,3,0,0,19,11,0,33,2,12,0
1898,Pedro Neto,pt POR,MFFW,MF,Chelsea,eng Premier League,25,2000,29.2,4,1,1,17,25,6,184,6,11,0
1899,Luca Netz,de GER,MFDF,MF,Gladbach,de Bundesliga,22,2003,10.4,1,0,0,8,2,0,26,7,10,0
1900,Luca Netz,de GER,DFMF,DF,Nottingham,eng Premier League,22,2003,4,0,0,0,5,2,0,2,1,8,0
1901,Manuel Neuer,de GER,GK,GK,Bayern Munich,de Bundesliga,39,1986,20.7,0,0,0,0,2,0,0,0,0,0
1902,Florian Neuhaus,de GER,MFFW,MF,Gladbach,de Bundesliga,28,1997,10.3,0,0,0,9,9,0,9,9,7,0
1903,Cenny Neumann,de GER,DF,DF,Köln,de Bundesliga,18,2007,0.8,0,0,0,1,0,0,0,1,1,0
1904,João Neves,pt POR,MF,MF,PSG,fr Ligue 1,20,2004,14.3,0,0,0,13,13,0,4,6,14,0
1905,Yvan Neyou,cm CMR,MF,MF,Getafe,es La Liga,28,1997,0.7,2,0,0,4,2,0,0,0,0,0
1906,Jessic Ngankam,de GER,FW,FW,Frankfurt,de Bundesliga,25,2000,0.7,0,0,0,4,2,0,0,0,0,0
1907,Oumar Ngom,mr MTN,MF,MF,Lecce,it Serie A,21,2004,9.4,1,0,0,15,6,0,3,12,15,0
1908,Cyril Ngonge,be BEL,FW,FW,Torino,it Serie A,25,2000,11,2,0,0,20,18,6,19,2,4,0
1909,Cyril Ngonge,be BEL,MF,MF,Espanyol,es La Liga,25,2000,4.7,4,0,0,9,12,5,26,4,3,0
1910,Mikayil Ngor Faye,sn SEN,MFDF,MF,Cremonese,it Serie A,21,2004,2.8,1,0,0,2,4,0,6,5,6,0
1911,Mikayil Ngor Faye,sn SEN,MF,MF,Rennes,fr Ligue 1,21,2004,0.1,0,0,0,0,0,0,0,0,0,0
1912,Nathan Ngoy,be BEL,DF,DF,Lille,fr Ligue 1,22,2003,26.7,10,1,0,20,11,0,6,38,21,0
1913,Bernard Nguene,cm CMR,FW,FW,Nice,fr Ligue 1,18,2006,1.5,1,0,0,3,2,1,1,3,1,0
1914,Rio Ngumoha,eng ENG,MF,MF,Liverpool,eng Premier League,16,2008,6.2,0,0,0,4,12,0,22,3,2,0
1915,Moussa Niakhaté,sn SEN,DF,DF,Lyon,fr Ligue 1,29,1996,30.7,3,0,0,38,32,0,6,32,22,0
1916,Youssoupha Niang,de GER,MF,MF,Köln,de Bundesliga,19,2006,2.2,0,0,0,6,4,0,2,0,1,0
1917,Tanguy Nianzou,fr FRA,DF,DF,Sevilla,es La Liga,23,2002,7.3,5,1,0,15,6,0,0,4,10,0
1918,Cheikh Niasse,sn SEN,MF,MF,Hellas Verona,it Serie A,25,2000,10.8,1,0,0,20,15,2,14,15,14,0
1919,Samuel Nibombé,be BEL,DF,DF,Monaco,fr Ligue 1,17,2007,0,0,0,0,0,0,0,0,0,0,0
1920,Rasmus Nicolaisen,dk DEN,DF,DF,Toulouse,fr Ligue 1,28,1997,28.5,4,0,0,28,21,1,2,40,16,0
1921,Moritz Nicolas,de GER,GK,GK,Gladbach,de Bundesliga,27,1997,34,1,0,0,0,3,0,0,0,1,0
1922,Hans Nicolussi Caviglia,it ITA,MF,MF,Fiorentina,it Serie A,25,2000,6.5,4,0,0,15,15,0,30,3,7,0
1923,Hans Nicolussi Caviglia,it ITA,MF,MF,Parma,it Serie A,25,2000,9.7,0,0,0,8,9,0,23,3,8,0
1924,Julian Niehues,de GER,MF,MF,Heidenheim,de Bundesliga,24,2001,15.4,1,0,0,10,9,2,3,23,10,0
1925,Oliver Nielsen,dk DEN,DF,DF,Lazio,it Serie A,22,2003,17.1,3,0,0,14,9,0,2,16,6,0
1926,Alieu Njie,se SWE,MFFW,MF,Torino,it Serie A,20,2005,3.3,2,0,0,8,8,0,4,0,2,0
1927,Justin Njinmah,de GER,FWMF,FW,Werder Bremen,de Bundesliga,24,2000,21.6,2,0,0,8,25,20,34,6,14,0
1928,Obed Nkambadio,fr FRA,GK,GK,Paris FC,fr Ligue 1,22,2003,12,0,0,0,0,0,0,0,0,0,0
1929,Eddie Nketiah,eng ENG,MF,MF,Crystal Palace,eng Premier League,26,1999,4.7,2,0,0,7,7,3,0,2,6,0
1930,Niels Nkounkou,fr FRA,MFDF,MF,Torino,it Serie A,24,2000,3.9,3,0,0,4,3,0,20,8,11,0
1931,Christopher Nkunku,fr FRA,FW,FW,Milan,it Serie A,27,1997,15.1,0,0,0,9,22,8,17,2,2,0
1932,Felix Nmecha,de GER,MF,MF,Dortmund,de Bundesliga,24,2000,24.2,0,0,0,28,22,2,7,25,23,0
1933,Lukas Nmecha,de GER,FW,FW,Leeds United,eng Premier League,26,1998,12,0,0,0,18,18,3,10,3,7,0
1934,Tochukwu Nnadi,ng NGA,MFDF,MF,Marseille,fr Ligue 1,22,2003,3.9,1,0,0,10,4,1,6,3,3,0
1935,Martin Nogoto Bley,bf BFA,MF,MF,Lorient,fr Ligue 1,19,2006,0,0,0,0,0,0,0,0,0,0,0
1936,Arnaud Nordin,fr FRA,MFFW,MF,Mainz 05,de Bundesliga,27,1998,5.2,0,0,0,4,13,1,15,3,6,0
1937,Arnaud Nordin,fr FRA,FWMF,FW,Rennes,fr Ligue 1,27,1998,6.3,1,0,0,8,17,1,18,0,6,0
1938,Brooke Norton-Cuffy,eng ENG,MFDF,MF,Genoa,it Serie A,21,2004,24.6,5,1,1,23,16,0,80,11,31,0
1939,Tijjani Noslin,nl NED,FW,FW,Lazio,it Serie A,26,1999,12.8,6,1,1,19,23,5,10,3,6,0
1940,Tyrese Noubissié,fr FRA,MF,MF,Strasbourg,fr Ligue 1,16,2009,0.6,1,0,0,2,1,0,1,2,0,0
1941,Noah Nsoki,fr FRA,MF,MF,PSG,fr Ligue 1,18,2007,0.1,0,0,0,0,0,0,0,0,1,0
1942,Randy Nteka,ao ANG,FW,FW,Rayo Vallecano,es La Liga,27,1997,4.2,3,0,0,11,7,5,0,0,4,0
1943,Ernest Nuamah,gh GHA,FWMF,FW,Lyon,fr Ligue 1,21,2003,0.4,0,0,0,0,0,0,2,0,0,0
1944,Alexander Nübel,de GER,GK,GK,Stuttgart,de Bundesliga,28,1996,34,0,0,0,1,7,0,0,1,0,0
1945,Matheus Nunes,pt POR,DF,DF,Manchester City,eng Premier League,26,1998,31.8,5,0,0,17,30,4,67,29,41,0
1946,Álvaro Núñez,es ESP,DFMF,DF,Elche,es La Liga,25,2000,18.3,2,0,0,12,17,2,60,15,15,0
1947,Álvaro Núñez,es ESP,DFMF,DF,Celta Vigo,es La Liga,25,2000,3.6,0,0,0,2,5,0,1,1,1,0
1948,Unai Núñez,es ESP,DF,DF,Hellas Verona,it Serie A,28,1997,14.1,6,0,0,27,10,0,11,23,18,1
1949,Unai Núñez,es ESP,DF,DF,Valencia,es La Liga,28,1997,10.1,3,0,0,12,7,0,4,11,11,0
1950,Joi Nuredini,al ALB,FW,FW,Genoa,it Serie A,17,2007,0,0,0,0,0,0,0,0,0,0,0
1951,Antonio Nusa,no NOR,FWMF,FW,RB Leipzig,de Bundesliga,20,2005,22.5,0,0,0,9,64,1,68,7,14,0
1952,Ethan Nwaneri,eng ENG,MF,MF,Arsenal,eng Premier League,18,2007,1.9,0,0,0,2,0,0,2,0,0,0
1953,Ethan Nwaneri,eng ENG,MF,MF,Marseille,fr Ligue 1,18,2007,3.6,1,0,0,4,1,0,9,3,1,0
1954,Ørjan Nyland,no NOR,GK,GK,Sevilla,es La Liga,34,1990,5,1,0,0,0,0,0,0,0,0,0
1955,Allan Nyom,cm CMR,DF,DF,Getafe,es La Liga,37,1988,5.8,6,1,0,13,8,1,8,1,6,0
1956,Trey Nyoni,eng ENG,MF,MF,Liverpool,eng Premier League,18,2007,0.3,0,0,0,1,0,1,0,0,0,0
1957,Rabby Nzingoula,fr FRA,MF,MF,Strasbourg,fr Ligue 1,19,2005,0.6,0,1,0,3,2,0,2,1,1,0
1958,M'Bala Nzola,ao ANG,FW,FW,Pisa,it Serie A,28,1996,11.7,1,1,0,18,17,11,7,1,2,0
1959,M'Bala Nzola,ao ANG,FW,FW,Sassuolo,it Serie A,28,1996,5.3,1,0,0,11,9,4,0,1,2,0
1960,Christian Nørgaard,dk DEN,MF,MF,Arsenal,eng Premier League,31,1994,1.2,0,0,0,3,0,0,1,1,2,0
1961,Jake O'Brien,ie IRL,DF,DF,Everton,eng Premier League,24,2001,34.7,6,1,0,23,17,4,49,13,32,0
1962,Luke O'Nien,eng ENG,DF,DF,Sunderland,eng Premier League,30,1994,6.3,1,1,0,7,8,0,7,6,6,0
1963,Nico O'Reilly,eng ENG,DFMF,DF,Manchester City,eng Premier League,20,2005,29.4,5,0,0,45,18,1,38,20,36,0
1964,Matt O'Riley,dk DEN,MF,MF,Marseille,fr Ligue 1,24,2000,8.2,2,0,0,15,1,1,7,6,8,0
1965,Matt O'Riley,dk DEN,MF,MF,Brighton,eng Premier League,24,2000,2.3,0,0,0,2,1,1,6,0,2,0
1966,Adam Obert,sk SVK,DFMF,DF,Cagliari,it Serie A,22,2002,30.8,10,1,1,40,13,0,69,44,32,0
1967,Jan Oblak,si SVN,GK,GK,Atlético Madrid,es La Liga,32,1993,30,0,0,0,0,4,0,0,0,0,0
1968,Noam Obougou Jacquet,fr FRA,FW,FW,Le Havre,fr Ligue 1,19,2006,1.2,0,0,0,5,3,0,2,1,0,0
1969,Rafel Obrador,es ESP,MF,MF,Torino,it Serie A,21,2004,12.4,1,0,0,7,5,1,58,12,8,0
1970,Job Ochieng',ke KEN,MF,MF,Real Sociedad,es La Liga,22,2003,1,0,0,0,1,0,1,3,1,1,0
1971,Cas Odenthal,nl NED,DF,DF,Sassuolo,it Serie A,24,2000,0,0,0,0,0,0,0,0,0,0,0
1972,Jens Odgaard,dk DEN,MF,MF,Bologna,it Serie A,26,1999,15.3,1,0,0,28,28,5,15,4,12,0
1973,Wilson Odobert,fr FRA,MFFW,MF,Tottenham,eng Premier League,20,2004,10.9,0,0,0,2,10,2,28,0,8,0
1974,David Odogu,de GER,DF,DF,Milan,it Serie A,19,2006,0.1,0,0,0,0,0,0,0,0,0,0
1975,Álvaro Odriozola,es ESP,DF,DF,Real Sociedad,es La Liga,29,1995,2.2,0,0,0,1,3,0,3,1,1,0
1976,Tim Oermann,de GER,DF,DF,Leverkusen,de Bundesliga,21,2003,0.2,0,0,0,0,1,0,0,0,1,0
1977,Deniz Ofli,tr TUR,DF,DF,Bayern Munich,de Bundesliga,18,2007,0.1,0,0,0,0,0,0,0,0,0,0
1978,Ifechukwu Ogbus,ch SUI,DF,DF,Freiburg,de Bundesliga,19,2005,13.1,1,0,0,5,11,0,3,13,16,0
1979,Uchenna Ogundu,ng NGA,FW,FW,Augsburg,de Bundesliga,19,2006,0.5,0,0,0,1,1,0,1,0,0,0
1980,Noah Okafor,ch SUI,FWMF,FW,Leeds United,eng Premier League,25,2000,17.3,3,0,0,18,14,0,36,12,15,0
1981,David Okereke,ng NGA,FWMF,FW,Cremonese,it Serie A,27,1997,4.5,0,1,0,1,4,2,5,1,0,0
1982,Bryan Okoh,ch SUI,DF,DF,Auxerre,fr Ligue 1,22,2003,11.2,2,0,0,13,8,0,0,26,9,0
1983,Maduka Okoye,ng NGA,GK,GK,Udinese,it Serie A,25,1999,29.1,1,1,0,2,4,0,0,0,0,0
1984,Javier Olaizola,es ESP,DF,DF,Mallorca,es La Liga,18,2007,0.6,0,0,0,0,1,0,3,0,1,0
1985,Olasagasti,es ESP,MF,MF,Levante,es La Liga,24,2000,19.3,2,1,0,20,33,0,106,14,15,0
1986,Michael Olise,fr FRA,MF,MF,Bayern Munich,de Bundesliga,23,2001,25.7,8,0,0,32,58,7,146,14,11,0
1987,Mathías Olivera,uy URU,DFMF,DF,Napoli,it Serie A,27,1997,15.2,3,0,0,17,10,0,6,16,22,0
1988,Tuomas Ollila,fi FIN,DF,DF,Paris FC,fr Ligue 1,25,2000,3.4,0,0,0,3,6,1,9,4,1,0
1989,Dani Olmo,es ESP,MF,MF,Barcelona,es La Liga,27,1998,23,1,0,0,27,42,6,28,14,23,0
1990,Callum Olusesi,eng ENG,MF,MF,Tottenham,eng Premier League,18,2007,0.2,0,0,0,0,0,0,0,0,0,0
1991,Tani Oluwaseyi,ca CAN,FW,FW,Villarreal,es La Liga,25,2000,10,1,0,0,11,8,10,3,1,5,0
1992,Warmed Omari,km COM,DF,DF,Hamburger SV,de Bundesliga,25,2000,17.8,0,0,0,16,11,0,4,28,19,0
1993,Andrew Omobamidele,ie IRL,DF,DF,Strasbourg,fr Ligue 1,23,2002,15.1,4,0,0,13,10,0,0,16,4,0
1994,Amadou Onana,be BEL,MF,MF,Aston Villa,eng Premier League,23,2001,19.5,3,0,0,20,25,0,0,19,30,0
1995,Jean Onana,cm CMR,MF,MF,Genoa,it Serie A,25,2000,0.5,0,0,0,4,0,0,1,1,3,0
1996,Jacob Ondrejka,se SWE,FWMF,FW,Parma,it Serie A,22,2002,8.6,2,0,0,8,14,1,12,2,2,0
1997,Frank Onyeka,ng NGA,MF,MF,Brentford,eng Premier League,27,1998,1,0,0,0,3,3,0,0,0,0,0
1998,Loïs Openda,be BEL,FW,FW,RB Leipzig,de Bundesliga,25,2000,0.6,0,0,0,0,3,0,1,0,0,0
1999,Loïs Openda,be BEL,FWMF,FW,Juventus,it Serie A,25,2000,7.4,0,0,0,8,21,11,7,1,4,0
2000,Fredrik Oppegard,no NOR,MFDF,MF,Auxerre,fr Ligue 1,22,2002,13.8,1,1,0,8,8,2,48,14,20,0
2001,Louis Oppie,de GER,MF,MF,St Pauli,de Bundesliga,23,2002,18,0,0,0,15,15,4,58,11,19,0
2002,Gift Orban,ng NGA,FW,FW,Hellas Verona,it Serie A,23,2002,22.5,4,1,0,22,20,20,14,3,3,0
2003,Willi Orban,hu HUN,DF,DF,RB Leipzig,de Bundesliga,32,1992,32.8,4,0,0,20,23,2,8,45,33,0
2004,Christian Ordoñez,ar ARG,MF,MF,Parma,it Serie A,21,2004,12.1,5,1,1,16,11,0,12,9,13,0
2005,Luis Orejuela,Unknown,DF,DF,Mallorca,es La Liga,0,0,1,0,0,0,1,4,0,2,1,0,0
2006,Nehemiah Oriola,eng ENG,MF,MF,Brighton,eng Premier League,18,2007,0,0,0,0,0,0,0,0,0,0,0
2007,Gaetano Oristanio,it ITA,FWMF,FW,Parma,it Serie A,22,2002,9.5,1,0,0,13,20,4,16,2,6,0
2008,Aimar Oroz,es ESP,MFFW,MF,Osasuna,es La Liga,23,2001,23.8,6,0,0,33,67,1,32,8,18,0
2009,Riccardo Orsolini,it ITA,MFFW,MF,Bologna,it Serie A,28,1997,23.5,2,0,0,21,44,18,41,7,15,0
2010,Stefan Ortega,de GER,GK,GK,Nottingham,eng Premier League,32,1992,3,0,0,0,0,0,0,0,0,0,0
2011,Ángel Ortíz,es ESP,DF,DF,Real Betis,es La Liga,21,2004,6.5,1,0,0,9,9,0,19,1,19,0
2012,Asier Osambela,es ESP,DF,DF,Osasuna,es La Liga,21,2004,3.8,1,1,0,15,1,0,4,4,2,0
2013,Gabriel Osho,ng NGA,DF,DF,Auxerre,fr Ligue 1,26,1998,1.5,0,0,0,2,1,0,2,0,3,0
2014,Ibrahim Osman,gh GHA,MFFW,MF,Auxerre,fr Ligue 1,20,2004,6.9,0,0,0,7,14,3,10,6,7,0
2015,Erblin Osmani,de GER,MF,MF,Bayern Munich,de Bundesliga,16,2009,0,0,0,0,0,0,0,0,1,0,0
2016,Patrick Osterhage,de GER,MF,MF,Freiburg,de Bundesliga,25,2000,13.2,4,0,0,13,13,2,9,15,7,0
2017,William Osula,dk DEN,FW,FW,Newcastle,eng Premier League,21,2003,9.1,0,0,0,24,16,2,3,1,5,0
2018,Philip Otele,ng NGA,MFFW,MF,Hamburger SV,de Bundesliga,26,1999,5.2,3,1,0,8,4,1,12,3,2,0
2019,Sebastian Otoa,dk DEN,DF,DF,Genoa,it Serie A,21,2004,9.2,1,0,0,5,13,2,1,9,10,1
2020,Abdoul Ouattara,fr FRA,MFDF,MF,Strasbourg,fr Ligue 1,19,2005,19.6,2,0,0,12,11,1,19,20,13,0
2021,Dango Ouattara,bf BFA,MF,MF,Brentford,eng Premier League,23,2002,25.3,5,0,0,27,39,8,107,24,14,0
2022,Kassoum Ouattara,fr FRA,MFDF,MF,Monaco,fr Ligue 1,20,2004,10.7,3,0,0,22,10,1,50,19,19,0
2023,Assan Ouédraogo,de GER,MF,MF,RB Leipzig,de Bundesliga,19,2006,10.5,0,0,0,4,22,1,4,3,6,0
2024,Latif Ouedraogo,bf BFA,DF,DF,Genoa,it Serie A,17,2007,0.6,0,0,0,2,2,0,3,1,1,0
2025,Azzedine Ounahi,ma MAR,MF,MF,Girona,es La Liga,25,2000,19.6,6,0,0,18,63,1,41,16,15,0
2026,Elisha Owusu,gh GHA,MF,MF,Auxerre,fr Ligue 1,27,1997,26,7,0,0,48,22,0,1,21,51,0
2027,Mikel Oyarzabal,es ESP,FW,FW,Real Sociedad,es La Liga,28,1997,30.1,3,0,0,28,42,14,21,5,20,0
2028,Max Oyedele,pl POL,MFDF,MF,Strasbourg,fr Ligue 1,20,2004,5,3,0,0,9,5,0,0,5,8,0
2029,Daniel Oyegoke,eng ENG,MFDF,MF,Hellas Verona,it Serie A,22,2003,6.6,2,0,0,13,5,1,32,7,9,0
2030,Salih Özcan,tr TUR,MF,MF,Dortmund,de Bundesliga,27,1998,0.9,0,0,0,1,1,0,2,0,2,0
2031,Berke Özer,tr TUR,GK,GK,Lille,fr Ligue 1,25,2000,31.5,5,0,0,0,13,0,0,0,2,0
2032,Cenk Özkacar,tr TUR,DF,DF,Köln,de Bundesliga,24,2000,19.9,2,0,0,11,5,1,3,24,26,0
2033,Pablo,br BRA,MFFW,MF,West Ham,eng Premier League,21,2004,9.1,0,0,0,23,8,0,5,5,14,0
2034,Jon Pacheco,es ESP,DF,DF,Alavés,es La Liga,24,2001,19.3,5,1,1,14,7,1,4,11,16,0
2035,Willian Pacho,ec ECU,DF,DF,PSG,fr Ligue 1,23,2001,21.3,0,0,0,6,7,2,0,26,26,0
2036,Daniele Padelli,it ITA,GK,GK,Udinese,it Serie A,39,1985,2,0,0,0,0,0,0,0,0,0,0
2037,Alex Padilla,es ESP,GK,GK,Athletic Club,es La Liga,21,2003,1,0,1,0,0,0,0,0,0,0,0
2038,Kendry Páez,ec ECU,MFFW,MF,Strasbourg,fr Ligue 1,18,2007,4.7,0,0,0,7,3,1,18,3,4,0
2039,Pablo Pagis,fr FRA,MFFW,MF,Lorient,fr Ligue 1,22,2002,19.5,1,0,0,23,29,2,99,18,17,0
2040,Igor Paixão,br BRA,MF,MF,Marseille,fr Ligue 1,25,2000,21.9,3,0,0,21,34,9,57,17,12,0
2041,César Palacios,es ESP,MF,MF,Real Madrid,es La Liga,20,2004,1,0,0,0,4,3,0,1,3,2,0
2042,Exequiel Palacios,ar ARG,MF,MF,Leverkusen,de Bundesliga,26,1998,12.2,3,0,0,6,18,0,2,10,9,0
2043,Isaac Palazón Camacho,es ESP,MFFW,MF,Rayo Vallecano,es La Liga,30,1994,25,10,1,0,36,51,6,105,3,12,0
2044,Alberto Paleari,it ITA,GK,GK,Torino,it Serie A,32,1992,29,1,0,0,0,7,0,0,1,0,0
2045,Marco Palestra,it ITA,MFDF,MF,Cagliari,it Serie A,20,2005,34.2,3,0,0,41,108,8,106,19,35,0
2046,João Palhinha,pt POR,MF,MF,Tottenham,eng Premier League,30,1995,24.4,8,0,0,28,36,0,4,28,61,0
2047,Matteo Palma,de GER,DF,DF,Udinese,it Serie A,17,2008,1.3,0,0,0,3,0,0,1,3,0,0
2048,Cole Palmer,eng ENG,MF,MF,Chelsea,eng Premier League,23,2002,21.7,5,0,0,13,37,2,35,13,12,0
2049,Emerson Palmieri,it ITA,DFMF,DF,Marseille,fr Ligue 1,30,1994,23.5,3,0,0,16,17,2,122,33,32,0
2050,Diego Pampín,es ESP,DF,DF,Levante,es La Liga,25,2000,5.9,3,0,0,8,7,0,14,5,5,0
2051,Jahyann Pandore,fr FRA,MF,MF,Metz,fr Ligue 1,17,2007,1,0,0,0,2,1,0,3,0,4,0
2052,Joaquín Panichelli,ar ARG,FW,FW,Strasbourg,fr Ligue 1,22,2002,24.4,3,0,0,43,44,14,0,13,10,0
2053,Leart Paqarada,xk KVX,DF,DF,Heidenheim,de Bundesliga,30,1994,0.1,0,0,0,0,0,0,0,0,0,0
2054,Lucas Paquetá,br BRA,MFFW,MF,West Ham,eng Premier League,27,1997,16.8,7,1,1,27,30,5,36,7,22,0
2055,Victor Parada,es ESP,DF,DF,Alavés,es La Liga,23,2002,23.8,9,1,1,29,15,4,31,9,14,0
2056,Aitor Paredes,es ESP,DF,DF,Athletic Club,es La Liga,25,2000,18.1,4,0,0,19,7,0,1,26,12,0
2057,Kevin Paredes,us USA,MF,MF,Wolfsburg,de Bundesliga,22,2003,1.8,1,0,0,2,6,0,7,2,3,0
2058,Daniel Parejo,es ESP,MF,MF,Villarreal,es La Liga,36,1989,15.5,3,0,0,16,27,0,39,14,29,0
2059,Fabiano Parisi,it ITA,MFFW,MF,Fiorentina,it Serie A,24,2000,16.9,6,0,0,14,66,1,39,17,14,1
2060,Thomas Partey,gh GHA,MF,MF,Villarreal,es La Liga,32,1993,10.4,1,0,0,11,6,0,3,13,6,0
2061,Mario Pašalić,hr CRO,MF,MF,Atalanta,it Serie A,30,1995,21.5,3,0,0,22,6,1,11,13,18,0
2062,Patric,es ESP,MFDF,MF,Lazio,it Serie A,32,1993,7.4,2,0,0,4,2,0,0,3,0,0
2063,Nathan Patterson,sct SCO,DF,DF,Everton,eng Premier League,23,2001,2.7,0,0,0,2,2,1,6,2,4,0
2064,Benjamin Pavard,fr FRA,DF,DF,Marseille,fr Ligue 1,29,1996,21.4,6,0,0,22,15,4,17,24,12,1
2065,Benjamin Pavard,fr FRA,DF,DF,Inter,it Serie A,29,1996,1,0,0,0,1,0,0,0,2,1,0
2066,Aleksandar Pavlovic,de GER,MF,MF,Bayern Munich,de Bundesliga,21,2004,16.2,2,0,0,19,10,0,15,13,15,0
2067,Strahinja Pavlović,rs SRB,DF,DF,Milan,it Serie A,24,2001,31.9,4,0,0,30,27,4,15,20,26,0
2068,Leonardo Pavoletti,it ITA,FW,FW,Cagliari,it Serie A,36,1988,2.5,1,0,0,10,0,2,0,1,2,0
2069,Martín Payero,ar ARG,MF,MF,Cremonese,it Serie A,26,1998,16.2,8,0,0,37,34,2,34,10,9,0
2070,Nicolás Paz,ar ARG,MF,MF,Como,it Serie A,20,2004,32,5,0,0,54,41,0,63,27,56,0
2071,Myles Peart-Harris,eng ENG,MF,MF,Brentford,eng Premier League,22,2002,0,0,0,0,1,0,0,0,0,0,0
2072,Mads Pedersen,dk DEN,MF,MF,Augsburg,de Bundesliga,28,1996,2.3,0,0,0,5,3,1,11,1,2,0
2073,Marcus Pedersen,no NOR,MFDF,MF,Torino,it Serie A,25,2000,23.7,3,0,0,31,6,3,110,10,14,0
2074,Alfonso Pedraza,es ESP,DF,DF,Villarreal,es La Liga,29,1996,18.8,8,0,0,27,23,4,84,29,31,0
2075,Pedri,es ESP,MF,MF,Barcelona,es La Liga,22,2002,23.4,2,1,1,9,43,1,12,24,33,0
2076,Pedro,es ESP,FWMF,FW,Lazio,it Serie A,38,1987,10.9,4,0,0,10,26,0,31,4,6,0
2077,Zé Pedro Figueiredo,pt POR,DF,DF,Cagliari,it Serie A,28,1997,18.9,6,0,0,29,15,0,5,20,18,0
2078,Adrià Pedrosa,es ESP,DFMF,DF,Elche,es La Liga,27,1998,12.1,4,0,0,18,8,1,51,16,19,0
2079,Adrià Pedrosa,es ESP,DFMF,DF,Sevilla,es La Liga,27,1998,0.1,0,0,0,0,1,0,3,0,0,0
2080,Dženan Pejčinović,de GER,FW,FW,Wolfsburg,de Bundesliga,20,2005,16.2,1,0,0,22,7,5,5,5,9,0
2081,Lorenzo Pellegrini,it ITA,MF,MF,Roma,it Serie A,29,1996,16.3,2,0,0,20,39,5,89,15,5,0
2082,Luca Pellegrini,it ITA,DF,DF,Lazio,it Serie A,26,1999,16.3,8,0,0,26,12,0,51,17,15,0
2083,Mateo Pellegrino,ar ARG,FW,FW,Parma,it Serie A,24,2001,33.2,5,0,0,87,71,12,12,4,10,0
2084,Timothee Pembele,fr FRA,MFDF,MF,Le Havre,fr Ligue 1,22,2002,4.2,1,0,0,3,5,1,6,3,5,0
2085,Faris Pemi Moumbagna,cm CMR,FW,FW,Cremonese,it Serie A,25,2000,1,0,0,0,1,0,0,1,0,0,0
2086,Iñaki Peña,es ESP,GK,GK,Elche,es La Liga,26,1999,16,0,0,0,0,1,0,0,0,0,0
2087,Mike Penders,be BEL,GK,GK,Strasbourg,fr Ligue 1,20,2005,33,3,0,0,1,2,0,0,0,0,0
2088,Nicolas Pépé,ci CIV,MFFW,MF,Villarreal,es La Liga,30,1995,26.6,4,0,0,23,43,14,71,15,21,0
2089,Kojo Peprah Oppong,gh GHA,DF,DF,Nice,fr Ligue 1,21,2004,26.9,4,0,0,31,30,1,5,30,28,0
2090,Peque,es ESP,MFFW,MF,Sevilla,es La Liga,22,2002,10.9,7,0,0,15,47,1,28,1,8,0
2091,Everton Pereira,fr FRA,MF,MF,Nice,fr Ligue 1,18,2007,1.5,0,0,0,4,0,0,0,3,0,0
2092,Mathias Pereira Lage,pt POR,MFFW,MF,St Pauli,de Bundesliga,28,1996,22.4,3,0,0,32,32,15,58,16,23,0
2093,Ángel Pérez,es ESP,MFDF,MF,Alavés,es La Liga,22,2002,14.3,4,0,0,16,17,6,85,9,13,0
2094,Ayoze Pérez,es ESP,FW,FW,Villarreal,es La Liga,32,1993,12.5,4,0,0,17,23,5,9,3,11,0
2095,Francisco Perez,es ESP,MFFW,MF,Rayo Vallecano,es La Liga,22,2002,13.7,4,0,0,18,15,6,48,2,10,0
2096,Joselu Pérez,es ESP,DF,DF,Getafe,es La Liga,21,2004,0.2,0,0,0,1,2,0,0,0,0,0
2097,Matías Pérez,cl CHI,DF,DF,Lecce,it Serie A,20,2005,0.3,0,0,0,0,0,0,1,0,0,0
2098,Nacho Pérez,es ESP,DF,DF,Levante,es La Liga,16,2008,1.6,1,0,0,1,1,0,0,2,1,0
2099,Simone Perilli,it ITA,GK,GK,Hellas Verona,it Serie A,30,1995,3,0,0,0,0,0,0,0,0,0,0
2100,Mattia Perin,it ITA,GK,GK,Juventus,it Serie A,32,1992,8.5,0,0,0,0,2,0,0,0,0,0
2101,Romain Perraud,fr FRA,DF,DF,Lille,fr Ligue 1,27,1997,24.9,4,1,0,21,44,2,127,23,31,0
2102,Lucas Perri,br BRA,GK,GK,Leeds United,eng Premier League,27,1997,16,2,0,0,1,3,0,0,0,0,0
2103,Gaëtan Perrin,fr FRA,MFFW,MF,Lille,fr Ligue 1,29,1996,3.8,2,0,0,8,1,0,35,2,8,0
2104,Máximo Perrone,ar ARG,MF,MF,Como,it Serie A,22,2003,30.5,8,0,0,43,23,1,11,21,38,0
2105,Massimo Pessina,it ITA,GK,GK,Bologna,it Serie A,17,2007,3.9,0,0,0,0,1,0,0,0,0,0
2106,Prosper Peter,ng NGA,FW,FW,Angers,fr Ligue 1,17,2007,14.1,0,0,0,30,30,15,0,4,3,0
2107,Léo Pétrot,fr FRA,DF,DF,Elche,es La Liga,28,1997,17.5,2,1,0,19,6,2,16,17,22,0
2108,Đorđe Petrović,rs SRB,GK,GK,Bournemouth,eng Premier League,25,1999,38,3,0,0,0,2,0,0,0,0,1
2109,Giuseppe Pezzella,it ITA,MFDF,MF,Cremonese,it Serie A,27,1997,28.7,8,1,0,49,32,8,128,11,32,0
2110,Immanuel Pherai,sr SUR,FWMF,FW,Hamburger SV,de Bundesliga,24,2001,0.4,2,1,1,4,2,0,4,0,1,0
2111,Maximilian Philipp,de GER,FWMF,FW,Freiburg,de Bundesliga,31,1994,0.3,0,0,0,2,0,0,0,0,1,0
2112,Rayan Philippe,fr FRA,FWMF,FW,Hamburger SV,de Bundesliga,24,2000,14.3,2,0,0,24,9,2,31,3,13,0
2113,Gabriele Piccinini,it ITA,MF,MF,Pisa,it Serie A,24,2001,9.7,3,0,0,11,12,0,19,2,16,0
2114,Roberto Piccoli,it ITA,FW,FW,Fiorentina,it Serie A,24,2001,18.6,1,0,0,34,40,14,4,4,1,0
2115,Charles Pickel,cd COD,MF,MF,Espanyol,es La Liga,28,1997,7.9,4,2,1,14,2,0,2,6,6,0
2116,Jordan Pickford,eng ENG,GK,GK,Everton,eng Premier League,31,1994,38,4,0,0,1,6,0,0,0,1,0
2117,Amos Pieper,de GER,DF,DF,Werder Bremen,de Bundesliga,27,1998,16.7,4,0,0,10,14,2,8,26,24,0
2118,Marvin Pieringer,de GER,FWMF,FW,Heidenheim,de Bundesliga,25,1999,18.3,2,0,0,37,27,11,20,11,14,0
2119,Nicholas Pierini,it ITA,FWMF,FW,Sassuolo,it Serie A,26,1998,1.6,1,0,0,1,3,0,9,2,4,0
2120,Santiago Pierotti,ar ARG,MFFW,MF,Lecce,it Serie A,24,2001,28.9,4,0,0,67,23,7,21,21,51,0
2121,Balthazar Pierret,fr FRA,MF,MF,Lecce,it Serie A,25,2000,0.3,0,0,0,0,2,0,0,0,1,0
2122,Andrea Pinamonti,it ITA,FW,FW,Sassuolo,it Serie A,26,1999,28.4,2,1,0,14,33,13,9,2,5,0
2123,Thiago Pinar,es ESP,MF,MF,Real Madrid,es La Liga,17,2007,6.6,2,0,0,12,7,3,0,7,4,0
2124,Lander Pinillos,es ESP,MF,MF,Alavés,es La Liga,21,2003,0,0,0,0,0,0,0,1,0,0,0
2125,Ethan Pinnock,jm JAM,DF,DF,Brentford,eng Premier League,32,1993,3.5,1,0,0,0,2,0,0,5,5,1
2126,Yéremy Pino,es ESP,MF,MF,Villarreal,es La Liga,22,2002,1.8,0,0,0,2,0,0,12,3,1,0
2127,Yéremy Pino,es ESP,MFFW,MF,Crystal Palace,eng Premier League,22,2002,23.1,4,0,0,30,24,10,79,8,20,0
2128,Jakub Piotrowski,pl POL,MF,MF,Udinese,it Serie A,27,1997,18.8,2,0,0,29,29,2,25,15,25,0
2129,Joël Piroe,sr SUR,FW,FW,Leeds United,eng Premier League,25,1999,2.9,0,0,0,4,0,1,4,1,1,0
2130,Niccolò Pisilli,it ITA,MF,MF,Roma,it Serie A,20,2004,14.4,3,0,0,20,4,2,15,24,13,0
2131,Damián Pizarro,cl CHI,FW,FW,Le Havre,fr Ligue 1,20,2005,0.3,0,0,0,1,1,1,0,0,0,0
2132,Tommaso Pobega,it ITA,MF,MF,Bologna,it Serie A,26,1999,15.9,2,1,0,34,12,0,2,19,19,0
2133,Paul Pogba,fr FRA,MF,MF,Monaco,fr Ligue 1,32,1993,1.3,0,0,0,2,1,0,1,1,3,0
2134,Ernest Poku,nl NED,MF,MF,Leverkusen,de Bundesliga,21,2004,16.5,0,0,0,4,17,3,13,8,9,0
2135,Matteo Politano,it ITA,MFFW,MF,Napoli,it Serie A,31,1993,24.4,4,0,0,19,28,0,173,5,10,0
2136,Oumar Pona,fr FRA,GK,GK,Angers,fr Ligue 1,19,2006,2,1,0,0,0,2,0,0,0,0,0
2137,Marin Pongračić,hr CRO,DF,DF,Fiorentina,it Serie A,27,1997,32.4,12,0,0,69,21,0,4,36,17,0
2138,Nick Pope,eng ENG,GK,GK,Newcastle,eng Premier League,33,1992,26.8,2,0,0,1,2,0,0,0,1,0
2139,Pedro Porro,es ESP,DF,DF,Tottenham,eng Premier League,25,1999,31.1,10,0,0,32,26,1,232,31,50,0
2140,Portu,es ESP,FWMF,FW,Girona,es La Liga,33,1992,5.3,2,0,0,6,4,3,18,2,1,0
2141,Stefan Posch,at AUT,DF,DF,Como,it Serie A,28,1997,4.4,1,0,0,9,6,0,10,4,3,0
2142,Stefan Posch,at AUT,DF,DF,Mainz 05,de Bundesliga,28,1997,15.5,4,0,0,8,12,1,11,21,22,0
2143,Freddie Potts,eng ENG,MF,MF,West Ham,eng Premier League,21,2003,13,1,0,0,15,14,0,34,16,18,0
2144,Kacper Potulski,pl POL,DF,DF,Mainz 05,de Bundesliga,17,2007,11.8,3,0,0,17,5,0,2,19,15,0
2145,Yussuf Poulsen,dk DEN,FW,FW,Hamburger SV,de Bundesliga,31,1994,3.7,4,0,0,13,3,2,2,2,2,0
2146,Beñat Prados,es ESP,MF,MF,Athletic Club,es La Liga,24,2001,0.9,1,0,0,5,0,0,0,2,2,0
2147,Alexander Prass,at AUT,MF,MF,Hoffenheim,de Bundesliga,24,2001,14.5,4,0,0,26,21,2,47,6,22,0
2148,Matteo Prati,it ITA,MF,MF,Torino,it Serie A,21,2003,6.8,2,0,0,12,7,0,2,5,3,0
2149,Matteo Prati,it ITA,MF,MF,Cagliari,it Serie A,21,2003,14.1,4,0,0,17,3,0,13,15,12,0
2150,Abdón Prats,es ESP,FW,FW,Mallorca,es La Liga,32,1992,1.6,0,0,0,2,3,0,1,0,0,0
2151,Grischa Prömel,de GER,MF,MF,Hoffenheim,de Bundesliga,30,1995,19.5,5,0,0,23,28,1,11,15,16,0
2152,Ivan Provedel,it ITA,GK,GK,Lazio,it Serie A,31,1994,27,1,0,0,0,2,0,0,0,0,0
2153,Adrian Przyborek,pl POL,MF,MF,Lazio,it Serie A,18,2007,0.1,0,0,0,0,0,0,0,0,0,0
2154,Javi Puado,es ESP,MFFW,MF,Espanyol,es La Liga,27,1998,7.5,2,0,0,11,7,0,21,3,2,0
2155,Marc Pubill,es ESP,DF,DF,Atlético Madrid,es La Liga,22,2003,15.3,2,0,0,16,14,1,8,18,15,0
2156,Cameron Puertas,ch SUI,MF,MF,Werder Bremen,de Bundesliga,26,1998,20.5,6,0,0,37,22,2,77,19,37,0
2157,Christian Pulisic,us USA,FW,FW,Milan,it Serie A,26,1998,17.9,0,0,0,11,23,3,37,3,8,0
2158,Aleksa Puric,rs SRB,DF,DF,Atlético Madrid,es La Liga,22,2003,0.5,0,0,0,1,1,0,0,2,0,0
2159,Arkadiusz Pyrka,pl POL,MF,MF,St Pauli,de Bundesliga,22,2002,28.6,3,0,0,17,32,0,47,23,24,0
2160,Jarell Quansah,eng ENG,DF,DF,Leverkusen,de Bundesliga,22,2003,25.5,9,0,0,18,21,1,22,26,22,0
2161,Leopold Querfeld,at AUT,DF,DF,Union Berlin,de Bundesliga,21,2003,30.1,7,0,0,46,28,0,3,35,27,0
2162,Kenny Quetant,fr FRA,FW,FW,Le Havre,fr Ligue 1,19,2006,4.1,1,0,0,6,3,4,1,1,0,0
2163,Matheo Raab,de GER,GK,GK,Union Berlin,de Bundesliga,26,1998,1,0,0,0,0,0,0,0,0,0,0
2164,Dani Raba,es ESP,FW,FW,Valencia,es La Liga,29,1995,3,0,0,0,6,2,0,14,4,4,0
2165,Adrien Rabiot,fr FRA,MF,MF,Marseille,fr Ligue 1,30,1995,1,1,0,0,2,1,0,9,0,0,0
2166,Adrien Rabiot,fr FRA,MF,MF,Milan,it Serie A,30,1995,28.3,6,1,1,35,55,7,58,20,31,0
2167,Uroš Radaković,rs SRB,DF,DF,Nantes,fr Ligue 1,31,1994,1.1,0,0,0,2,0,0,0,4,2,0
2168,Ionuț Radu,ro ROU,GK,GK,Celta Vigo,es La Liga,28,1997,38,2,0,0,0,8,0,0,1,0,0
2169,Ugo Raghouber,fr FRA,MF,MF,Levante,es La Liga,22,2003,7.8,1,0,0,10,14,1,2,15,10,0
2170,Ugo Raghouber,fr FRA,MF,MF,Lille,fr Ligue 1,22,2003,0,0,0,0,0,0,0,0,0,0,0
2171,Antonio Raillo,es ESP,DF,DF,Mallorca,es La Liga,33,1991,23,4,0,0,23,15,1,4,12,13,0
2172,Ylber Ramadani,al ALB,MF,MF,Lecce,it Serie A,29,1996,35.6,10,0,0,43,59,0,16,44,50,0
2173,Diant Ramaj,de GER,GK,GK,Heidenheim,de Bundesliga,23,2001,31,2,0,0,2,2,0,0,0,0,0
2174,Largie Ramazani,be BEL,MFFW,MF,Valencia,es La Liga,24,2001,13.7,4,0,0,17,20,2,27,14,12,0
2175,Jacobo Ramón,es ESP,DF,DF,Como,it Serie A,20,2005,30.5,11,1,0,33,12,0,11,38,32,0
2176,Gonçalo Ramos,pt POR,FW,FW,PSG,fr Ligue 1,24,2001,14.6,4,1,1,24,23,6,1,5,14,0
2177,Guilherme Ramos,pt POR,DF,DF,Hamburger SV,de Bundesliga,27,1997,0.5,0,0,0,1,1,0,0,0,0,0
2178,Aaron Ramsdale,eng ENG,GK,GK,Newcastle,eng Premier League,27,1998,11.2,2,0,0,0,1,0,0,0,0,0
2179,Jacob Ramsey,eng ENG,MF,MF,Newcastle,eng Premier League,24,2001,16.1,5,1,1,16,14,2,8,9,21,0
2180,Luca Ranieri,it ITA,DF,DF,Fiorentina,it Serie A,26,1999,27.3,8,1,0,22,27,3,27,24,24,0
2181,Grant Ranos,am ARM,FW,FW,Gladbach,de Bundesliga,22,2003,1.3,1,0,0,1,1,0,5,1,1,0
2182,Lilian Raolisoa,fr FRA,MFDF,MF,Angers,fr Ligue 1,25,2000,21.8,3,0,0,27,17,1,99,14,31,0
2183,Raphinha,br BRA,MFFW,MF,Barcelona,es La Liga,28,1996,15.3,5,0,0,10,10,4,72,6,6,0
2184,Marcus Rashford,eng ENG,MFFW,MF,Barcelona,es La Liga,27,1997,19.6,3,0,0,10,25,10,121,2,8,0
2185,Mathias Rasmussen,no NOR,MF,MF,St Pauli,de Bundesliga,27,1997,7.7,0,0,0,6,7,1,6,8,6,0
2186,Giacomo Raspadori,it ITA,MFFW,MF,Atalanta,it Serie A,25,2000,8.8,0,0,0,7,6,1,44,1,3,0
2187,Giacomo Raspadori,it ITA,FW,FW,Atlético Madrid,es La Liga,25,2000,2.6,1,0,0,3,7,2,9,0,1,0
2188,Othniel Raterink,nl NED,DF,DF,Cagliari,it Serie A,19,2006,0.1,0,0,0,0,0,0,0,0,0,0
2189,Andrei Ratiu,ro ROU,DF,DF,Rayo Vallecano,es La Liga,27,1998,31.2,9,0,0,22,21,4,105,39,44,0
2190,Petar Ratkov,rs SRB,FW,FW,Lazio,it Serie A,21,2003,2.6,0,0,0,0,3,0,0,1,2,0
2191,Raúl,es ESP,FW,FW,Osasuna,es La Liga,24,2000,11.6,2,1,0,12,15,7,9,7,13,0
2192,David Raum,de GER,DF,DF,RB Leipzig,de Bundesliga,27,1998,28.4,6,0,0,29,17,6,250,33,35,0
2193,Federico Ravaglia,it ITA,GK,GK,Bologna,it Serie A,25,1999,16.3,4,0,0,2,3,0,0,0,1,0
2194,David Raya,es ESP,GK,GK,Arsenal,eng Premier League,29,1995,37,1,0,0,0,14,0,1,1,1,0
2195,Rayan,br BRA,MF,MF,Bournemouth,eng Premier League,18,2006,12.3,1,0,0,9,6,1,24,8,6,0
2196,Abde Rebbach,dz ALG,MFDF,MF,Alavés,es La Liga,26,1998,16.6,8,0,0,40,30,5,109,16,21,0
2197,Federico Redondo,ar ARG,MF,MF,Elche,es La Liga,22,2003,2,0,1,0,8,5,0,0,5,2,0
2198,Harrison Reed,eng ENG,MF,MF,Fulham,eng Premier League,30,1995,1,0,0,0,2,1,0,4,0,0,0
2199,Luca Reggiani,it ITA,DF,DF,Dortmund,de Bundesliga,17,2008,5.7,2,0,0,4,2,0,1,2,10,0
2200,Alejandro Rego,es ESP,MF,MF,Athletic Club,es La Liga,22,2003,14.2,6,0,0,40,6,0,6,21,20,0
2201,Tijjani Reijnders,nl NED,MF,MF,Manchester City,eng Premier League,27,1998,18.1,2,0,0,19,15,4,43,11,4,0
2202,Alberto Reina,es ESP,MF,MF,Oviedo,es La Liga,27,1997,27.4,6,1,1,37,46,2,52,19,18,0
2203,Vitor Reis,br BRA,DF,DF,Girona,es La Liga,19,2006,34.9,9,1,0,40,24,1,0,35,32,1
2204,Rocco Reitz,de GER,MF,MF,Gladbach,de Bundesliga,23,2002,29.2,8,1,0,35,55,6,86,49,42,0
2205,Nicolai Remberg,de GER,MF,MF,Hamburger SV,de Bundesliga,25,2000,32,11,0,0,44,48,1,5,43,27,0
2206,Álex Remiro,es ESP,GK,GK,Real Sociedad,es La Liga,30,1995,37,1,0,0,0,7,1,0,1,1,1
2207,Devyne Rensch,nl NED,MF,MF,Roma,it Serie A,22,2003,13.2,1,0,0,6,18,3,22,16,15,0
2208,Guillaume Restes,fr FRA,GK,GK,Toulouse,fr Ligue 1,20,2005,32.7,3,0,0,0,8,0,0,1,0,0
2209,Elvis Rexhbeçaj,xk KVX,MF,MF,Augsburg,de Bundesliga,27,1997,12.4,4,0,0,13,16,1,16,4,8,0
2210,Oriol Rey,es ESP,MF,MF,Levante,es La Liga,27,1998,14.7,4,0,0,23,14,0,8,12,12,0
2211,Gio Reyna,us USA,MF,MF,Gladbach,de Bundesliga,22,2002,5.8,1,0,0,5,10,0,9,4,6,0
2212,Chadi Riad,ma MAR,DF,DF,Crystal Palace,eng Premier League,22,2003,6.1,2,0,0,5,3,0,6,4,5,0
2213,Alexsandro Ribeiro,br BRA,DF,DF,Lille,fr Ligue 1,25,1999,5.7,0,1,0,10,8,0,1,11,9,0
2214,Rodrigo Ribeiro,pt POR,FW,FW,Augsburg,de Bundesliga,20,2005,7.1,1,0,0,10,3,9,3,4,3,0
2215,Samuele Ricci,it ITA,MF,MF,Milan,it Serie A,23,2001,14.6,3,0,0,17,33,1,28,9,9,0
2216,Declan Rice,eng ENG,MF,MF,Arsenal,eng Premier League,26,1999,34.4,3,0,0,26,11,1,177,33,33,0
2217,Chris Richards,us USA,DF,DF,Crystal Palace,eng Premier League,25,2000,31.4,4,0,0,17,5,0,14,43,35,0
2218,Amir Richardson,ma MAR,MF,MF,Fiorentina,it Serie A,23,2002,0.5,0,0,0,1,3,0,1,0,1,0
2219,Richarlison,br BRA,FWMF,FW,Tottenham,eng Premier League,28,1997,21.8,5,0,0,23,33,10,18,7,16,0
2220,Diego Rico,es ESP,DF,DF,Getafe,es La Liga,32,1993,19.5,4,0,0,22,35,1,66,33,29,0
2221,Clemens Riedel,de GER,DF,DF,Espanyol,es La Liga,22,2003,15.5,5,0,0,23,8,2,3,11,14,0
2222,Fabian Rieder,ch SUI,MF,MF,Augsburg,de Bundesliga,23,2002,26,4,0,0,45,38,2,116,13,20,0
2223,Fabian Rieder,ch SUI,MF,MF,Rennes,fr Ligue 1,23,2002,1.5,0,0,0,2,1,0,1,2,2,0
2224,Lasse Rieß,de GER,GK,GK,Mainz 05,de Bundesliga,24,2001,3.2,0,0,0,0,1,0,0,0,0,0
2225,Chris Rigg,eng ENG,MF,MF,Sunderland,eng Premier League,18,2007,8.5,1,0,0,8,8,2,11,4,8,0
2226,Filippo Rinaldi,it ITA,GK,GK,Parma,it Serie A,22,2002,1,1,0,0,0,0,0,0,0,0,0
2227,Hugo Rincón,es ESP,DF,DF,Girona,es La Liga,22,2003,19.4,4,0,0,32,53,1,35,5,33,0
2228,Luis Rioja,es ESP,MF,MF,Valencia,es La Liga,31,1993,29.2,1,0,0,13,29,9,152,17,25,0
2229,Rodrigo Riquelme,es ESP,MF,MF,Real Betis,es La Liga,25,2000,9.1,2,0,0,8,11,1,22,5,11,0
2230,Robin Risser,fr FRA,GK,GK,Lens,fr Ligue 1,20,2004,33,2,0,0,0,5,0,0,0,0,0
2231,Mihailo Ristić,rs SRB,MFDF,MF,Celta Vigo,es La Liga,29,1995,2.8,0,0,0,0,2,0,2,2,0,0
2232,Lars Ritzka,de GER,MFDF,MF,St Pauli,de Bundesliga,27,1998,10.7,1,0,0,10,3,2,18,13,26,0
2233,Sergi Roberto,es ESP,MF,MF,Como,it Serie A,33,1992,6,3,0,0,9,9,0,2,5,7,0
2234,Patrick Roberts,eng ENG,FWMF,FW,Sunderland,eng Premier League,28,1997,0.3,0,0,0,0,0,0,0,0,0,0
2235,Andy Robertson,sct SCO,DF,DF,Liverpool,eng Premier League,31,1994,13.1,0,0,0,4,1,5,53,7,10,0
2236,Antonee Robinson,us USA,DFMF,DF,Fulham,eng Premier League,27,1997,16.6,5,0,0,15,9,2,77,28,31,0
2237,Joel Roca,es ESP,MFFW,MF,Girona,es La Liga,20,2005,16.4,4,1,0,13,45,4,33,2,11,0
2238,Marc Roca,es ESP,MF,MF,Real Betis,es La Liga,28,1996,22.5,1,0,0,42,23,0,10,23,29,0
2239,Ryan Rodin,fr FRA,MF,MF,Auxerre,fr Ligue 1,19,2006,0.3,0,0,0,0,0,0,0,0,0,0
2240,Kaden Rodney,eng ENG,DFMF,DF,Crystal Palace,eng Premier League,20,2004,0,0,0,0,1,0,0,0,0,0,0
2241,Joe Rodon,wls WAL,DF,DF,Leeds United,eng Premier League,27,1997,32.8,3,0,0,17,19,1,6,30,19,0
2242,Rodri,es ESP,MF,MF,Manchester City,eng Premier League,29,1996,16.8,3,0,0,14,31,0,5,12,25,0
2243,Álvaro Rodríguez,uy URU,FW,FW,Elche,es La Liga,21,2004,24.5,2,0,0,37,49,18,10,4,14,0
2244,Damián Rodríguez,es ESP,MF,MF,Celta Vigo,es La Liga,22,2003,1.7,1,0,0,3,0,0,3,1,0,0
2245,Dani Rodríguez,es ESP,FWMF,FW,Mallorca,es La Liga,37,1988,0.8,0,0,0,0,3,0,2,0,1,0
2246,Guido Rodríguez,ar ARG,MF,MF,West Ham,eng Premier League,31,1994,2,1,0,0,2,4,0,2,2,0,0
2247,Guido Rodríguez,ar ARG,MF,MF,Valencia,es La Liga,31,1994,14.5,4,0,0,21,28,0,3,10,27,0
2248,Javi Rodríguez,es ESP,DF,DF,Celta Vigo,es La Liga,22,2003,28.4,5,0,0,33,33,1,1,28,23,0
2249,Jesus Rodríguez,es ESP,MF,MF,Como,it Serie A,19,2005,19.2,3,1,0,24,32,3,57,4,17,0
2250,Juan Rodríguez,uy URU,DF,DF,Cagliari,it Serie A,20,2005,14.6,3,0,0,15,8,0,5,17,27,0
2251,Ricardo Rodríguez,ch SUI,DF,DF,Real Betis,es La Liga,32,1992,17.2,0,0,0,11,5,0,15,8,14,0
2252,Rodrygo,br BRA,MFFW,MF,Real Madrid,es La Liga,24,2001,7.6,3,0,0,5,23,0,42,3,8,0
2253,Robin Roefs,nl NED,GK,GK,Sunderland,eng Premier League,22,2003,35,4,0,0,0,14,0,0,0,0,0
2254,Morgan Rogers,eng ENG,MF,MF,Aston Villa,eng Premier League,23,2002,36.4,7,0,0,46,49,3,51,13,23,0
2255,Merlin Röhl,de GER,MF,MF,Freiburg,de Bundesliga,23,2002,0.7,0,0,0,2,0,0,1,0,1,0
2256,Merlin Röhl,de GER,MF,MF,Everton,eng Premier League,23,2002,7.6,0,0,0,20,7,2,5,4,13,0
2257,Filippo Romagna,it ITA,DF,DF,Sassuolo,it Serie A,28,1997,3.5,0,0,0,0,1,0,1,5,1,0
2258,Alessio Romagnoli,it ITA,DF,DF,Lazio,it Serie A,30,1995,29.6,6,1,0,18,15,0,2,32,14,0
2259,Leo Román,es ESP,GK,GK,Mallorca,es La Liga,25,2000,33,4,0,0,1,2,0,0,1,1,0
2260,Miguel Román,es ESP,MF,MF,Celta Vigo,es La Liga,22,2002,14.6,3,0,0,20,11,0,21,12,17,0
2261,Alessandro Romano,ch SUI,MF,MF,Roma,it Serie A,19,2006,0.1,0,0,0,2,0,0,0,0,0,0
2262,Carlos Romero,es ESP,DF,DF,Espanyol,es La Liga,23,2001,35.5,4,0,0,40,19,1,89,38,60,0
2263,Cristian Romero,ar ARG,DF,DF,Tottenham,eng Premier League,27,1998,20.8,11,2,1,32,16,1,1,31,30,0
2264,Isaac Romero,es ESP,FWMF,FW,Sevilla,es La Liga,25,2000,16.5,6,1,0,29,24,5,10,5,10,0
2265,Iván Romero,es ESP,FWMF,FW,Levante,es La Liga,24,2001,25.1,5,0,0,41,77,7,21,12,22,0
2266,Zaid Romero,ar ARG,DF,DF,Getafe,es La Liga,25,1999,15,5,1,1,11,12,0,4,28,23,0
2267,Rômulo,br BRA,FW,FW,RB Leipzig,de Bundesliga,23,2002,24.3,3,0,0,20,20,8,0,11,19,1
2268,Salomón Rondón,ve VEN,FW,FW,Oviedo,es La Liga,35,1989,11.5,2,0,0,11,21,12,2,1,0,0
2269,Valentin Rongier,fr FRA,MF,MF,Rennes,fr Ligue 1,30,1994,30.5,6,0,0,48,26,0,21,36,48,0
2270,Marten de Roon,nl NED,MF,MF,Atalanta,it Serie A,34,1991,29.9,8,1,1,37,11,0,13,26,44,0
2271,Pablo Rosario,do DOM,DFMF,DF,Nice,fr Ligue 1,28,1997,0.3,0,0,0,0,0,0,0,0,0,0
2272,Max Rosenfelder,de GER,DF,DF,Freiburg,de Bundesliga,22,2003,5.5,0,0,0,2,5,1,0,5,5,1
2273,Lucas Rosier,fr FRA,FW,FW,Rennes,fr Ligue 1,18,2007,0,0,0,0,0,0,0,0,0,0,0
2274,Valentin Rosier,fr FRA,DFMF,DF,Osasuna,es La Liga,28,1996,28.3,6,1,1,33,20,3,46,43,32,0
2275,Tom Rothe,de GER,MFDF,MF,Union Berlin,de Bundesliga,20,2004,11.4,1,1,0,10,6,2,35,21,15,0
2276,Anthony Rouault,fr FRA,DF,DF,Rennes,fr Ligue 1,24,2001,19.2,4,0,0,26,8,0,0,18,13,0
2277,Nicolò Rovella,it ITA,MF,MF,Lazio,it Serie A,23,2001,5.7,2,1,0,7,12,0,11,9,10,0
2278,Jonathan Rowe,eng ENG,MFFW,MF,Bologna,it Serie A,22,2003,17.8,2,0,0,23,50,4,53,9,14,0
2279,Jonathan Rowe,eng ENG,FW,FW,Marseille,fr Ligue 1,22,2003,0.7,0,0,0,2,2,0,4,1,0,0
2280,James Rowswell,eng ENG,DF,DF,Tottenham,eng Premier League,19,2006,0,0,0,0,0,0,0,0,0,0,0
2281,Amir Rrahmani,xk KVX,DF,DF,Napoli,it Serie A,31,1994,19.9,2,0,0,20,16,2,1,22,12,0
2282,Rubén,es ESP,DFMF,DF,Espanyol,es La Liga,24,2001,9,2,0,0,11,12,2,36,10,10,0
2283,Antonio Rüdiger,de GER,DF,DF,Real Madrid,es La Liga,32,1993,16.6,0,0,0,11,2,2,2,4,5,0
2284,Javi Rueda,es ESP,MF,MF,Celta Vigo,es La Liga,23,2002,15.6,6,0,0,25,21,3,27,20,12,0
2285,Daniele Rugani,it ITA,DF,DF,Fiorentina,it Serie A,31,1994,3.6,2,0,0,7,0,0,0,5,4,0
2286,Daniele Rugani,it ITA,DF,DF,Juventus,it Serie A,31,1994,2.8,0,0,0,2,0,0,0,5,3,0
2287,Matteo Ruggeri,it ITA,DF,DF,Atlético Madrid,es La Liga,23,2002,19.7,4,0,0,28,2,1,86,20,23,0
2288,Aitor Ruibal,es ESP,DFMF,DF,Real Betis,es La Liga,29,1996,20.1,6,1,1,32,25,1,31,20,32,0
2289,Abel Ruiz,es ESP,FW,FW,Girona,es La Liga,25,2000,2.1,0,0,0,2,1,1,2,1,1,0
2290,Fabián Ruiz Peña,es ESP,MF,MF,PSG,fr Ligue 1,29,1996,12.6,2,0,0,2,3,2,21,17,11,0
2291,Gerónimo Rulli,ar ARG,GK,GK,Marseille,fr Ligue 1,33,1992,29,3,0,0,1,14,0,0,0,0,0
2292,Iñaki Rupérez,es ESP,DF,DF,Real Sociedad,es La Liga,22,2003,0,0,0,0,0,0,0,0,0,0,0
2293,Jacen Russell-Rowe,ca CAN,FW,FW,Toulouse,fr Ligue 1,22,2002,5.2,0,0,0,9,1,1,3,1,3,0
2294,Georginio Rutter,fr FRA,MFFW,MF,Brighton,eng Premier League,23,2002,19.8,2,0,0,30,34,11,20,11,19,1
2295,Mathew Ryan,au AUS,GK,GK,Levante,es La Liga,33,1992,36,4,0,0,0,1,0,0,1,1,0
2296,Julian Ryerson,no NOR,MF,MF,Dortmund,de Bundesliga,27,1997,25.2,8,0,0,26,21,4,250,12,21,0
2297,Frederik Rønnow,dk DEN,GK,GK,Union Berlin,de Bundesliga,32,1992,29.3,2,0,0,1,3,0,0,1,1,0
2298,Alexander Røssing-Lelesiit,no NOR,FWMF,FW,Hamburger SV,de Bundesliga,18,2007,3.6,3,1,1,13,7,1,4,1,2,0
2299,José Sá,pt POR,GK,GK,Wolves,eng Premier League,32,1993,23,2,0,0,0,6,0,0,0,0,0
2300,Elias Saad,tn TUN,MFFW,MF,Augsburg,de Bundesliga,25,1999,5.5,1,0,0,8,12,4,9,1,8,0
2301,Idrissa Sabaly,fr FRA,MF,MF,Strasbourg,fr Ligue 1,17,2007,0.6,0,0,0,1,0,0,2,1,1,0
2302,Stefano Sabelli,it ITA,MFDF,MF,Genoa,it Serie A,32,1993,10.1,0,0,0,6,19,0,27,3,14,1
2303,Abdelhamid Sabiri,ma MAR,MF,MF,Fiorentina,it Serie A,28,1996,0.3,0,0,0,1,1,0,4,0,2,0
2304,Marcel Sabitzer,at AUT,MF,MF,Dortmund,de Bundesliga,31,1994,20.2,3,0,0,20,17,3,37,20,19,0
2305,Noah Sadiki,cd COD,MF,MF,Sunderland,eng Premier League,20,2004,32.1,9,0,0,31,40,2,21,33,26,0
2306,Umar Sadiq,ng NGA,FW,FW,Valencia,es La Liga,28,1997,10.1,3,0,0,30,19,13,5,1,5,0
2307,Umar Sadiq,ng NGA,FW,FW,Real Sociedad,es La Liga,28,1997,1.7,1,0,0,2,2,2,1,0,0,0
2308,Alexis Saelemaekers,be BEL,MF,MF,Milan,it Serie A,26,1999,31,5,0,0,26,64,2,82,30,38,0
2309,Matvei Safonov,ru RUS,GK,GK,PSG,fr Ligue 1,26,1999,15,0,0,0,0,1,0,0,0,0,0
2310,Emir Sahiti,xk KVX,FW,FW,Hamburger SV,de Bundesliga,26,1998,1.3,0,0,0,0,1,0,1,0,0,0
2311,Osame Sahraoui,ma MAR,MF,MF,Lille,fr Ligue 1,24,2001,5.6,0,0,0,4,25,1,3,4,3,0
2312,Wesley Saïd,fr FRA,MF,MF,Lens,fr Ligue 1,30,1995,22.1,2,0,0,37,13,13,22,9,15,0
2313,Allan Saint-Maximin,fr FRA,MF,MF,Lens,fr Ligue 1,28,1997,4.6,0,0,0,3,7,1,24,0,0,0
2314,Bukayo Saka,eng ENG,FWMF,FW,Arsenal,eng Premier League,23,2001,24.7,2,0,0,33,54,14,122,16,19,0
2315,Mathis Saka,fr FRA,FW,FW,Toulouse,fr Ligue 1,18,2006,0.1,0,0,0,1,0,0,0,0,0,0
2316,Álex Sala,es ESP,MF,MF,Lecce,it Serie A,24,2001,1.9,0,0,0,6,5,0,11,3,2,0
2317,Ibrahim Salah,ma MAR,MF,MF,Rennes,fr Ligue 1,23,2001,0.4,0,0,0,0,2,1,0,0,1,0
2318,Mohamed Salah,eg EGY,MF,MF,Liverpool,eng Premier League,33,1992,23.8,1,0,0,10,16,14,117,3,12,0
2319,Jan Salas,es ESP,MF,MF,Mallorca,es La Liga,19,2005,0.2,0,0,0,0,1,0,0,0,0,0
2320,Kike Salas,es ESP,DF,DF,Sevilla,es La Liga,23,2002,24.5,1,0,0,31,20,2,10,37,35,0
2321,Manolis Saliakas,gr GRE,MF,MF,St Pauli,de Bundesliga,28,1996,12.3,3,0,0,4,7,4,44,13,20,0
2322,William Saliba,fr FRA,DF,DF,Arsenal,eng Premier League,24,2001,29,2,0,0,22,16,1,9,15,23,0
2323,José Salinas,es ESP,DF,DF,Espanyol,es La Liga,24,2000,2.9,2,0,0,8,4,0,7,3,2,1
2324,Mohammed Salisu,gh GHA,DF,DF,Monaco,fr Ligue 1,26,1999,12,3,0,0,17,3,4,0,19,11,1
2325,Lazar Samardzic,rs SRB,MF,MF,Atalanta,it Serie A,23,2002,11.4,1,0,0,17,10,1,68,10,8,0
2326,Mbwana Samatta,tz TAN,FW,FW,Le Havre,fr Ligue 1,32,1992,17.1,4,0,0,35,20,10,7,4,6,0
2327,Mama Samba Baldé,gw GNB,FWMF,FW,Brest,fr Ligue 1,29,1995,8,0,0,0,12,11,0,3,5,7,0
2328,Brice Samba,fr FRA,GK,GK,Rennes,fr Ligue 1,31,1994,32,5,0,0,1,7,0,0,0,1,0
2329,Albert Sambi Lokonga,be BEL,MF,MF,Hamburger SV,de Bundesliga,25,1999,19,3,0,0,20,27,0,13,13,13,0
2330,Antonio Sanabria,py PAR,FW,FW,Cremonese,it Serie A,29,1996,10.5,2,0,0,15,15,6,2,1,2,0
2331,Oihan Sancet,es ESP,MF,MF,Athletic Club,es La Liga,25,2000,19.9,4,1,0,28,28,0,23,3,14,0
2332,Álex Sánchez,es ESP,FW,FW,Elche,es La Liga,19,2006,0.1,0,0,0,0,0,0,0,0,1,0
2333,Alexis Sánchez,cl CHI,FWMF,FW,Sevilla,es La Liga,36,1988,14.5,3,0,0,16,26,13,25,7,13,0
2334,Antonio Sánchez,es ESP,MFDF,MF,Mallorca,es La Liga,28,1997,11.9,5,1,1,16,10,1,29,16,12,0
2335,Juanlu Sánchez,es ESP,MFDF,MF,Sevilla,es La Liga,21,2003,22.1,6,1,1,23,42,4,59,11,42,0
2336,Borja Sánchez Laborde,es ESP,MF,MF,Oviedo,es La Liga,29,1996,0.2,0,0,0,0,0,0,0,0,0,0
2337,Manu Sánchez,es ESP,DF,DF,Levante,es La Liga,24,2000,31.3,8,0,0,35,20,2,75,35,54,0
2338,Robert Sánchez,es ESP,GK,GK,Chelsea,eng Premier League,27,1997,33.8,3,1,0,2,13,0,0,1,0,0
2339,Selton Sánchez,es ESP,MF,MF,Athletic Club,es La Liga,18,2007,2.2,0,0,0,5,5,1,0,1,2,0
2340,Jadon Sancho,eng ENG,MF,MF,Aston Villa,eng Premier League,25,2000,9.7,0,0,0,3,2,3,23,2,2,0
2341,Álex Sancris,es ESP,MFFW,MF,Getafe,es La Liga,28,1997,7.9,4,1,1,16,12,8,59,2,5,0
2342,Philipp Sander,de GER,DFMF,DF,Gladbach,de Bundesliga,27,1998,27.2,4,0,0,28,14,0,28,50,42,1
2343,James Sands,us USA,MF,MF,St Pauli,de Bundesliga,25,2000,21.5,4,0,0,26,38,0,9,41,23,0
2344,Ibou Sané,sn SEN,FWMF,FW,Metz,fr Ligue 1,20,2005,6,2,0,0,9,15,3,14,1,3,0
2345,Sadibou Sané,sn SEN,DF,DF,Metz,fr Ligue 1,21,2004,21.6,5,2,0,22,15,0,4,39,34,1
2346,Arouna Sangante,sn SEN,DF,DF,Le Havre,fr Ligue 1,23,2002,25.8,4,2,0,42,41,0,8,36,25,0
2347,Buba Sangaré,es ESP,DFMF,DF,Elche,es La Liga,17,2007,6,3,0,0,23,7,0,12,8,12,0
2348,Ibrahim Sangaré,ci CIV,MF,MF,Nottingham,eng Premier League,27,1997,23.1,5,0,0,42,18,0,8,22,32,0
2349,Mamadou Sangare,ml MLI,MF,MF,Lens,fr Ligue 1,23,2002,25.8,5,0,0,34,43,3,7,40,54,0
2350,Nhoa Sangui,fr FRA,DF,DF,Paris FC,fr Ligue 1,19,2006,19.3,0,0,0,5,17,2,37,21,14,0
2351,Maroan Sannadi,ma MAR,FW,FW,Athletic Club,es La Liga,24,2001,3.2,2,0,0,8,5,3,2,1,1,0
2352,Kaishū Sano,jp JPN,MF,MF,Mainz 05,de Bundesliga,24,2000,34,1,0,0,14,29,4,18,67,31,0
2353,Morgan Sanson,fr FRA,MF,MF,Nice,fr Ligue 1,30,1994,19.7,4,0,0,35,21,2,39,24,25,0
2354,Baptiste Santamaria,fr FRA,MF,MF,Valencia,es La Liga,30,1995,8.4,2,0,0,13,10,1,3,8,5,0
2355,Yago Santiago,es ESP,MF,MF,Elche,es La Liga,22,2003,3.1,1,0,0,3,2,1,6,1,1,0
2356,Yellu Santiago,es ESP,MF,MF,Hellas Verona,it Serie A,21,2004,0.1,0,0,0,0,1,0,0,0,0,0
2357,Alisson Santos,br BRA,MFFW,MF,Napoli,it Serie A,22,2002,9.3,1,0,0,4,8,1,42,2,8,0
2358,Andrey Santos,br BRA,MF,MF,Chelsea,eng Premier League,21,2004,14,4,0,0,13,22,1,2,18,21,0
2359,Kauã Santos,br BRA,GK,GK,Frankfurt,de Bundesliga,22,2003,12,0,0,0,0,3,0,0,0,1,0
2360,Tiago Santos,pt POR,DF,DF,Lille,fr Ligue 1,23,2002,7.9,0,0,0,13,21,0,32,5,8,0
2361,Bara Sapoko Ndiaye,sn SEN,MF,MF,Bayern Munich,de Bundesliga,17,2007,1.6,0,0,0,1,3,0,1,2,5,0
2362,Renzo Saravia,ar ARG,DF,DF,Valencia,es La Liga,32,1993,3.9,2,0,0,4,10,0,1,7,5,0
2363,Alejo Sarco,ar ARG,FW,FW,Gladbach,de Bundesliga,19,2006,0.6,0,0,0,0,0,0,0,0,0,0
2364,Alejo Sarco,ar ARG,FW,FW,Leverkusen,de Bundesliga,19,2006,0.8,0,0,0,2,2,0,0,0,0,0
2365,Jeremy Sarmiento,ec ECU,MF,MF,Cremonese,it Serie A,23,2002,1.6,0,0,0,0,1,0,2,2,2,0
2366,Amin Sarr,se SWE,FWMF,FW,Hellas Verona,it Serie A,24,2001,12.2,2,1,1,25,22,7,12,4,9,0
2367,Bouna Sarr,sn SEN,MFDF,MF,Metz,fr Ligue 1,33,1992,9.9,1,0,0,11,20,2,31,11,13,0
2368,Ismaila Sarr,sn SEN,MF,MF,Crystal Palace,eng Premier League,27,1998,24.2,2,0,0,12,42,14,24,7,9,0
2369,Malang Sarr,fr FRA,DF,DF,Lens,fr Ligue 1,26,1999,32.5,4,0,0,21,24,0,10,76,44,0
2370,Mamadou Sarr,sn SEN,DF,DF,Strasbourg,fr Ligue 1,19,2005,14.5,3,0,0,16,11,0,0,5,13,0
2371,Mamadou Sarr,sn SEN,DF,DF,Chelsea,eng Premier League,19,2005,1.1,0,0,0,0,0,0,0,1,0,0
2372,Martin Satriano,uy URU,FWMF,FW,Getafe,es La Liga,24,2001,17.8,5,0,0,21,31,4,21,9,13,0
2373,Martin Satriano,uy URU,FW,FW,Lyon,fr Ligue 1,24,2001,7.7,1,0,0,11,13,3,5,5,3,0
2374,Mario Sauer,sk SVK,MF,MF,Toulouse,fr Ligue 1,21,2004,7.2,4,0,0,12,3,0,7,10,6,0
2375,Razvan Sava,ro ROU,GK,GK,Udinese,it Serie A,23,2002,6.9,1,0,0,0,0,0,0,0,0,0
2376,Sávio,br BRA,MF,MF,Manchester City,eng Premier League,21,2004,9.3,2,0,0,9,15,4,40,5,5,0
2377,Nicolò Savona,it ITA,DF,DF,Nottingham,eng Premier League,22,2003,11.4,2,0,0,12,5,1,27,5,12,0
2378,Amine Sbai,ma MAR,MFFW,MF,Angers,fr Ligue 1,24,2000,20.2,3,1,1,15,24,5,59,4,10,0
2379,Joe Scally,us USA,DFMF,DF,Gladbach,de Bundesliga,22,2002,29,8,0,0,33,51,3,47,18,27,1
2380,Giorgio Scalvini,it ITA,DF,DF,Atalanta,it Serie A,21,2003,20.1,2,0,0,31,10,2,5,38,23,0
2381,Gianluca Scamacca,it ITA,FW,FW,Atalanta,it Serie A,26,1999,14.6,2,0,0,26,19,8,0,3,5,0
2382,Oliver Scarles,eng ENG,DFMF,DF,West Ham,eng Premier League,19,2005,7.3,2,0,0,7,7,1,35,13,19,0
2383,Dane Scarlett,eng ENG,FW,FW,Tottenham,eng Premier League,21,2004,0.1,0,0,0,1,0,0,0,0,0,0
2384,Kevin Schade,de GER,MFFW,MF,Brentford,eng Premier League,23,2001,30.5,6,1,0,50,43,10,23,19,27,0
2385,András Schäfer,hu HUN,MF,MF,Union Berlin,de Bundesliga,26,1999,15.8,2,1,0,32,22,0,18,20,22,0
2386,Fabian Schär,ch SUI,DF,DF,Newcastle,eng Premier League,33,1991,12.1,1,0,0,15,7,1,4,16,9,0
2387,Fynn Schenten,de GER,FW,FW,Köln,de Bundesliga,17,2007,1.1,0,0,0,2,0,0,3,0,0,0
2388,Derry Scherhant,de GER,MF,MF,Freiburg,de Bundesliga,22,2002,14.5,2,0,0,19,36,4,72,7,9,0
2389,Patrik Schick,cz CZE,FW,FW,Leverkusen,de Bundesliga,29,1996,22.1,2,0,0,22,20,6,0,3,4,0
2390,Stefan Schimmer,de GER,FW,FW,Heidenheim,de Bundesliga,31,1994,9.1,1,0,0,13,5,4,10,4,4,0
2391,Xaver Schlager,at AUT,MF,MF,RB Leipzig,de Bundesliga,27,1997,20.4,6,0,0,25,16,2,11,7,25,0
2392,Keven Schlotterbeck,de GER,DF,DF,Augsburg,de Bundesliga,28,1997,22.6,7,1,1,25,20,1,6,33,25,0
2393,Nico Schlotterbeck,de GER,DF,DF,Dortmund,de Bundesliga,25,1999,28,8,0,0,30,27,1,31,24,38,0
2394,Mick Schmetgens,de GER,MF,MF,Werder Bremen,de Bundesliga,17,2007,0.4,0,0,0,0,0,0,2,1,0,0
2395,Romano Schmid,at AUT,MFFW,MF,Werder Bremen,de Bundesliga,25,2000,33.1,4,0,0,19,31,5,154,13,28,0
2396,Isaac Schmidt,ch SUI,MFDF,MF,Werder Bremen,de Bundesliga,25,1999,7.6,2,0,0,8,3,0,8,11,10,0
2397,Joël Schmied,ch SUI,DF,DF,Köln,de Bundesliga,26,1998,12,5,0,0,16,8,0,5,11,9,0
2398,Tim Schnitzer,de GER,MF,MF,Augsburg,de Bundesliga,17,2008,0.1,0,0,0,0,0,0,0,0,0,0
2399,Jan Schöppner,de GER,MF,MF,Heidenheim,de Bundesliga,26,1999,25,5,0,0,21,17,3,14,32,17,0
2400,Marvin Schwäbe,de GER,GK,GK,Köln,de Bundesliga,30,1995,34,2,0,0,1,4,0,0,3,1,0
2401,Léo Scienza,br BRA,MF,MF,Heidenheim,de Bundesliga,26,1998,2,0,0,0,1,7,0,13,0,2,0
2402,Alex Scott,eng ENG,MF,MF,Bournemouth,eng Premier League,21,2003,31.7,5,0,0,45,60,1,88,35,38,0
2403,Simone Scuffet,it ITA,GK,GK,Pisa,it Serie A,29,1996,7,0,0,0,0,4,0,0,0,0,0
2404,Sebastian Sebulonsen,no NOR,DFMF,DF,Köln,de Bundesliga,25,2000,27.8,5,0,0,11,9,4,67,17,26,0
2405,Jenson Seelt,nl NED,DF,DF,Wolfsburg,de Bundesliga,22,2003,7.6,0,0,0,5,6,0,0,5,9,1
2406,Jenson Seelt,nl NED,DF,DF,Sunderland,eng Premier League,22,2003,1.5,0,0,0,1,1,0,1,0,0,0
2407,Alidu Seidu,gh GHA,DF,DF,Rennes,fr Ligue 1,25,2000,13.2,1,0,0,16,31,3,11,17,22,0
2408,Taufik Seidu,es ESP,MF,MF,Atlético Madrid,es La Liga,17,2008,0.3,1,0,0,2,0,0,0,0,0,0
2409,Nicolas Seiwald,at AUT,MF,MF,RB Leipzig,de Bundesliga,24,2001,29.9,2,0,0,18,6,0,6,60,47,0
2410,Ayumu Seko,jp JPN,MFDF,MF,Le Havre,fr Ligue 1,25,2000,29.2,6,0,0,28,20,1,5,35,24,1
2411,Matz Sels,be BEL,GK,GK,Nottingham,eng Premier League,33,1992,29.6,2,0,0,0,4,0,0,0,1,0
2412,Antoine Semenyo,gh GHA,MF,MF,Bournemouth,eng Premier League,25,2000,20,6,0,0,37,14,12,28,6,20,0
2413,Antoine Semenyo,gh GHA,MFFW,MF,Manchester City,eng Premier League,25,2000,15.5,1,0,0,17,7,7,21,6,11,0
2414,Adrian Šemper,hr CRO,GK,GK,Pisa,it Serie A,27,1998,25,0,0,0,0,6,0,0,0,0,0
2415,Marvin Senaya,gh GHA,DFMF,DF,Auxerre,fr Ligue 1,24,2001,19.8,5,0,0,26,32,1,42,34,31,0
2416,Marcos Senesi,ar ARG,DF,DF,Bournemouth,eng Premier League,28,1997,36.5,8,0,0,35,37,1,28,50,34,0
2417,Suat Serdar,de GER,MF,MF,Hellas Verona,it Serie A,28,1997,12.3,3,0,0,19,12,1,7,10,20,0
2418,Manuel Serrano,es ESP,DF,DF,Real Madrid,es La Liga,21,2004,0.1,0,0,0,0,0,0,0,0,0,0
2419,Nicolás Serrano,es ESP,MF,MF,Athletic Club,es La Liga,22,2003,4.1,0,0,0,10,8,0,42,2,5,0
2420,Benjamin Šeško,si SVN,FW,FW,Manchester Utd,eng Premier League,22,2003,18.3,2,0,0,17,6,7,2,3,3,0
2421,Ryan Sessegnon,eng ENG,DFMF,DF,Fulham,eng Premier League,25,2000,20.3,0,0,0,33,3,4,55,23,29,0
2422,Stephan El Shaarawy,it ITA,MFFW,MF,Roma,it Serie A,32,1992,7.4,4,0,0,10,7,1,16,6,7,0
2423,Luke Shaw,eng ENG,DF,DF,Manchester Utd,eng Premier League,30,1995,35.8,9,0,0,48,20,0,54,43,45,0
2424,Kento Shiogai,jp JPN,MF,MF,Wolfsburg,de Bundesliga,20,2005,3.5,3,0,0,8,3,3,1,3,4,0
2425,Kwasi Sibo,gh GHA,MF,MF,Oviedo,es La Liga,27,1998,18.7,3,1,0,30,4,0,2,14,20,0
2426,Djibril Sidibé,fr FRA,MFDF,MF,Toulouse,fr Ligue 1,33,1992,23.8,1,0,0,29,14,5,57,18,32,0
2427,Armindo Sieb,de GER,FW,FW,Mainz 05,de Bundesliga,22,2003,6.1,1,0,0,16,2,3,13,0,4,0
2428,Jamil Siebert,de GER,DF,DF,Lecce,it Serie A,23,2002,18.9,3,0,0,22,7,1,5,15,15,0
2429,Francisco Sierralta,cl CHI,DF,DF,Auxerre,fr Ligue 1,28,1997,9.6,2,0,0,8,5,0,0,9,6,0
2430,Tim Siersleben,de GER,DF,DF,Heidenheim,de Bundesliga,25,2000,12,2,0,0,13,13,1,13,21,16,0
2431,Mathys Silestrie,fr FRA,GK,GK,Rennes,fr Ligue 1,19,2005,2,0,0,0,0,0,0,0,0,0,0
2432,André Silva,pt POR,FW,FW,Elche,es La Liga,29,1995,20.5,3,0,0,24,34,6,3,4,8,0
2433,Bernardo Silva,pt POR,MF,MF,Manchester City,eng Premier League,30,1994,31.9,10,0,0,36,22,5,72,21,28,0
2434,Éderson Silva,br BRA,MF,MF,Atalanta,it Serie A,26,1999,24.8,3,0,0,34,40,2,12,28,35,0
2435,Fábio Silva,pt POR,FWMF,FW,Dortmund,de Bundesliga,23,2002,9.1,3,0,0,19,10,3,12,2,2,0
2436,Jota Silva,pt POR,FW,FW,Nottingham,eng Premier League,25,1999,0.1,0,0,0,0,1,0,1,0,1,0
2437,Marco Silvestri,it ITA,GK,GK,Cremonese,it Serie A,34,1991,4,0,0,0,0,0,0,0,0,0,0
2438,Abdallah Sima,sn SEN,MFFW,MF,Lens,fr Ligue 1,24,2001,8,3,0,0,14,14,3,14,1,5,0
2439,Giovanni Simeone,ar ARG,FW,FW,Torino,it Serie A,30,1995,24.8,1,0,0,31,41,18,9,5,9,0
2440,Giuliano Simeone,ar ARG,MFFW,MF,Atlético Madrid,es La Liga,22,2002,23.3,2,0,0,21,40,7,48,20,25,0
2441,Moses Simon,ng NGA,MFFW,MF,Paris FC,fr Ligue 1,30,1995,22.2,1,0,0,15,19,11,143,8,11,0
2442,Unai Simón,es ESP,GK,GK,Athletic Club,es La Liga,28,1997,37,1,0,0,0,8,0,0,0,0,0
2443,Xavi Simons,nl NED,MFFW,MF,Tottenham,eng Premier League,22,2003,19.5,5,1,0,21,44,0,51,15,20,0
2444,Xavi Simons,nl NED,MF,MF,RB Leipzig,de Bundesliga,22,2003,1,0,0,0,1,3,0,2,1,0,0
2445,Jahmai Simpson-Pusey,eng ENG,DF,DF,Köln,de Bundesliga,19,2005,9.6,2,1,0,4,4,0,2,12,8,0
2446,Danel Sinani,lu LUX,MFFW,MF,St Pauli,de Bundesliga,28,1997,23,4,0,0,39,27,10,135,5,16,0
2447,Dan Sinaté,fr FRA,DF,DF,Angers,fr Ligue 1,19,2006,0.4,0,0,0,0,0,0,1,0,0,0
2448,Lassine Sinayoko,ml MLI,FWMF,FW,Auxerre,fr Ligue 1,25,1999,30.8,8,0,0,30,53,13,32,26,26,0
2449,Ibrahima Sissoko,ml MLI,MFDF,MF,Nantes,fr Ligue 1,27,1997,8.9,4,0,0,25,8,2,6,16,7,0
2450,Antonio Sivera,es ESP,GK,GK,Alavés,es La Liga,28,1996,38,3,0,0,1,1,0,0,0,1,1
2451,Telli Siwe,fr FRA,DF,DF,Auxerre,fr Ligue 1,20,2004,3.5,0,0,0,3,0,0,0,5,4,0
2452,Tim Skarke,de GER,MFFW,MF,Union Berlin,de Bundesliga,28,1996,6.9,0,0,0,8,9,4,13,1,4,0
2453,Ellyes Skhiri,tn TUN,MFDF,MF,Frankfurt,de Bundesliga,30,1995,16,3,1,1,11,13,0,3,25,8,0
2454,Laurs Skjellerup,dk DEN,FW,FW,Sassuolo,it Serie A,22,2002,0.1,0,0,0,0,0,0,0,0,0,0
2455,Łukasz Skorupski,pl POL,GK,GK,Bologna,it Serie A,34,1991,17.7,1,1,0,1,8,0,0,0,0,0
2456,Andreas Skov Olsen,dk DEN,MF,MF,Wolfsburg,de Bundesliga,25,1999,4,1,0,0,1,4,0,6,1,1,0
2457,Robert Skov,dk DEN,DFMF,DF,Union Berlin,de Bundesliga,29,1996,2.4,0,0,0,5,3,0,12,2,5,0
2458,Tobias Slotsager,dk DEN,DF,DF,Hellas Verona,it Serie A,19,2006,5,0,0,0,3,5,0,2,3,7,0
2459,Adam Smith,eng ENG,DF,DF,Bournemouth,eng Premier League,34,1991,12,3,0,0,19,11,0,13,10,12,0
2460,Eric Smith,se SWE,DFMF,DF,St Pauli,de Bundesliga,28,1997,25.7,4,1,0,15,29,1,64,24,23,0
2461,Emile Smith Rowe,eng ENG,MF,MF,Fulham,eng Premier League,25,2000,21.4,1,0,0,10,17,3,13,22,22,0
2462,Ivan Smolčić,hr CRO,DF,DF,Como,it Serie A,24,2000,18.5,8,0,0,26,17,0,29,23,24,0
2463,Mezian Soares,pt POR,MF,MF,Lens,fr Ligue 1,15,2009,0.1,0,0,0,0,0,1,0,0,0,0
2464,Simon Sohm,ch SUI,MF,MF,Bologna,it Serie A,24,2001,8,1,0,0,9,3,3,2,3,5,0
2465,Simon Sohm,ch SUI,MF,MF,Fiorentina,it Serie A,24,2001,7.9,2,0,0,15,11,0,5,6,7,0
2466,Alex Sola,es ESP,DFFW,DF,Getafe,es La Liga,26,1999,0.1,0,0,0,0,2,0,0,0,0,0
2467,Dominic Solanke,eng ENG,FW,FW,Tottenham,eng Premier League,27,1997,11.1,1,0,0,12,9,3,2,3,16,0
2468,Carlos Soler,es ESP,MF,MF,Real Sociedad,es La Liga,28,1997,25.7,3,1,0,28,20,0,73,16,22,0
2469,Julio Soler,ar ARG,DF,DF,Bournemouth,eng Premier League,20,2005,0.4,0,0,0,2,2,0,2,0,0,0
2470,Oumar Solet,fr FRA,DF,DF,Udinese,it Serie A,25,2000,32.9,1,0,0,30,29,2,20,47,57,1
2471,Jhon Solis,co COL,MF,MF,Girona,es La Liga,20,2004,4.2,0,0,0,2,7,0,0,4,3,0
2472,Manor Solomon,il ISR,MF,MF,Villarreal,es La Liga,26,1999,1.7,0,0,0,0,2,1,10,0,1,0
2473,Manor Solomon,il ISR,FWMF,FW,Fiorentina,it Serie A,26,1999,9.9,1,0,0,2,16,1,47,0,11,0
2474,Hugo Solozabal,es ESP,MF,MF,Getafe,es La Liga,22,2003,0.1,0,0,0,0,0,0,0,0,0,0
2475,Daniele Sommariva,it ITA,GK,GK,Genoa,it Serie A,28,1997,2,0,0,0,0,1,0,0,0,0,0
2476,Yann Sommer,ch SUI,GK,GK,Inter,it Serie A,36,1988,32.9,0,0,0,0,2,0,0,0,0,0
2477,Oliver Sonne,pe PER,DF,DF,Burnley,eng Premier League,24,2000,1.9,0,0,0,4,0,0,5,1,1,0
2478,David Soria,es ESP,GK,GK,Getafe,es La Liga,32,1993,38,2,0,0,0,3,0,0,0,0,0
2479,Borna Sosa,hr CRO,DFMF,DF,Crystal Palace,eng Premier League,27,1998,1.1,1,0,0,4,0,0,6,2,0,0
2480,Hugo Sotelo,es ESP,MF,MF,Celta Vigo,es La Liga,21,2003,14.9,3,0,0,27,13,0,44,13,16,0
2481,Florian Sotoca,fr FRA,MFFW,MF,Lens,fr Ligue 1,34,1990,5.6,1,0,0,9,12,2,11,7,4,0
2482,Riccardo Sottil,it ITA,FWMF,FW,Lecce,it Serie A,26,1999,11.8,1,0,0,10,27,4,100,2,2,0
2483,Tomáš Souček,cz CZE,MF,MF,West Ham,eng Premier League,30,1995,24.4,3,1,0,37,22,5,14,16,23,0
2484,Matìas Soulé,ar ARG,MFFW,MF,Roma,it Serie A,22,2003,23.8,1,0,0,7,41,6,70,9,15,0
2485,Aboubaka Soumahoro,fr FRA,MFDF,MF,Hamburger SV,de Bundesliga,20,2005,1.5,1,0,0,3,0,1,1,0,0,0
2486,Sambou Soumano,sn SEN,FW,FW,Lorient,fr Ligue 1,24,2001,10.5,2,0,0,16,18,10,0,4,4,0
2487,Issa Soumaré,sn SEN,FWMF,FW,Le Havre,fr Ligue 1,24,2000,32.8,3,0,0,56,74,14,61,12,20,0
2488,Souza,br BRA,MF,MF,Tottenham,eng Premier League,19,2006,1.6,1,0,0,3,2,0,3,2,0,0
2489,Vinicius Souza,br BRA,MF,MF,Wolfsburg,de Bundesliga,26,1999,19.6,5,0,0,40,23,0,4,25,32,0
2490,Djibril Sow,ch SUI,MF,MF,Sevilla,es La Liga,28,1997,24.3,6,0,0,42,29,3,22,23,27,0
2491,Djed Spence,eng ENG,DFMF,DF,Tottenham,eng Premier League,24,2000,22.8,4,0,0,28,21,4,49,15,25,0
2492,Leonardo Spinazzola,it ITA,MFDF,MF,Napoli,it Serie A,32,1993,21.1,2,0,0,9,10,2,73,4,10,0
2493,Marco Sportiello,it ITA,GK,GK,Atalanta,it Serie A,33,1992,1,0,0,0,0,0,0,0,0,0,0
2494,Anton Stach,de GER,MF,MF,Leeds United,eng Premier League,26,1998,26.3,3,0,0,36,24,0,155,19,35,0
2495,Jens Stage,dk DEN,MF,MF,Werder Bremen,de Bundesliga,28,1996,27.3,5,0,0,35,30,3,14,18,32,0
2496,Benjamin Stambouli,fr FRA,MF,MF,Metz,fr Ligue 1,34,1990,10.7,0,0,0,14,9,0,8,9,16,0
2497,Nicolae Stanciu,ro ROU,MF,MF,Genoa,it Serie A,32,1993,2,0,0,0,1,2,0,9,3,3,0
2498,Otto Stange,de GER,FW,FW,Hamburger SV,de Bundesliga,18,2007,3.3,0,0,0,5,6,0,6,0,3,0
2499,Josip Stanišić,hr CRO,DF,DF,Bayern Munich,de Bundesliga,25,2000,20.6,1,0,0,8,11,4,36,18,21,0
2500,Carl Starfelt,se SWE,DF,DF,Celta Vigo,es La Liga,30,1995,16.6,3,1,1,19,8,0,0,16,16,1
2501,Niklas Stark,de GER,DF,DF,Werder Bremen,de Bundesliga,30,1995,7.7,8,2,2,11,7,0,1,13,12,0
2502,Orri Steinn Óskarsson,is ISL,FW,FW,Real Sociedad,es La Liga,20,2004,9.3,5,0,0,15,7,13,5,1,5,0
2503,Calvin Stengs,nl NED,FWMF,FW,Pisa,it Serie A,26,1998,0.5,0,0,0,0,2,0,3,0,0,0
2504,Pascal Stenzel,de GER,MF,MF,Stuttgart,de Bundesliga,29,1996,1.2,2,0,0,2,2,0,5,2,0,0
2505,Leonidas Stergiou,ch SUI,DF,DF,Heidenheim,de Bundesliga,23,2002,2.3,0,0,0,3,1,0,1,1,3,0
2506,Leonidas Stergiou,ch SUI,DF,DF,Stuttgart,de Bundesliga,23,2002,0,0,0,0,0,0,0,0,0,0,0
2507,Finley Stevens,wls WAL,DF,DF,St Pauli,de Bundesliga,22,2003,0.3,0,0,0,0,0,0,1,0,0,0
2508,Angelo Stiller,de GER,MF,MF,Stuttgart,de Bundesliga,24,2001,30.5,1,0,0,18,44,0,105,28,23,0
2509,Kevin Stöger,at AUT,MF,MF,Gladbach,de Bundesliga,31,1993,14.7,3,0,0,23,29,0,61,13,20,0
2510,Filip Stojilković,ch SUI,FWMF,FW,Pisa,it Serie A,25,2000,7.3,0,0,0,8,0,12,3,0,1,0
2511,John Stones,eng ENG,DF,DF,Manchester City,eng Premier League,31,1994,4.9,0,0,0,0,0,0,4,3,1,0
2512,Jørgen Strand Larsen,no NOR,FW,FW,Crystal Palace,eng Premier League,25,2000,10,2,0,0,21,10,1,0,1,0,0
2513,Jørgen Strand Larsen,no NOR,FW,FW,Wolves,eng Premier League,25,2000,15.6,2,0,0,30,11,9,3,3,2,0
2514,Gabriel Strefezza,br BRA,FW,FW,Parma,it Serie A,28,1997,11.2,3,0,0,21,28,2,41,5,12,0
2515,Pascal Struijk,nl NED,DF,DF,Leeds United,eng Premier League,25,1999,32.6,5,0,0,27,22,5,2,32,22,0
2516,Cristhian Stuani,uy URU,FW,FW,Girona,es La Liga,38,1986,4.6,4,0,0,12,11,6,0,1,4,0
2517,Nikola Štulić,rs SRB,FW,FW,Lecce,it Serie A,23,2001,19,1,0,0,37,26,9,1,2,7,0
2518,Denis Suárez,es ESP,MF,MF,Alavés,es La Liga,31,1994,15.6,6,0,0,20,26,0,41,7,12,0
2519,Gabriel Suazo,cl CHI,DFMF,DF,Sevilla,es La Liga,27,1997,23.3,7,0,0,33,15,2,95,29,62,0
2520,Luka Sučić,hr CRO,MFFW,MF,Real Sociedad,es La Liga,22,2002,11.4,1,0,0,11,6,1,6,5,8,0
2521,Petar Sučić,hr CRO,MF,MF,Inter,it Serie A,21,2003,19.6,5,0,0,30,25,0,43,9,25,0
2522,Yukinari Sugawara,jp JPN,DFMF,DF,Werder Bremen,de Bundesliga,25,2000,27,2,1,0,22,11,2,74,15,22,0
2523,Pavel Šulc,cz CZE,FWMF,FW,Lyon,fr Ligue 1,24,2000,17.4,3,0,0,28,15,6,13,6,13,0
2524,Niklas Süle,de GER,DF,DF,Dortmund,de Bundesliga,29,1995,5.4,3,0,0,8,1,0,6,6,5,0
2525,Ibrahim Sulemana,gh GHA,MF,MF,Bologna,it Serie A,22,2003,0.5,1,0,0,1,0,0,0,0,0,0
2526,Ibrahim Sulemana,gh GHA,MF,MF,Cagliari,it Serie A,22,2003,9.6,2,0,0,12,10,0,2,6,13,0
2527,Kamaldeen Sulemana,gh GHA,MF,MF,Atalanta,it Serie A,23,2002,11.2,4,0,0,14,14,5,22,2,5,0
2528,Crysencio Summerville,nl NED,MFFW,MF,West Ham,eng Premier League,23,2001,27.4,6,0,0,49,67,6,59,15,26,0
2529,Tomáš Suslov,sk SVK,FW,FW,Hellas Verona,it Serie A,23,2002,5,1,1,0,9,12,0,21,1,6,0
2530,Yuito Suzuki,jp JPN,MF,MF,Freiburg,de Bundesliga,23,2001,18.1,3,0,0,20,10,2,21,10,12,0
2531,Zion Suzuki,jp JPN,GK,GK,Parma,it Serie A,22,2002,20,1,0,0,0,4,0,0,0,0,0
2532,Mattias Svanberg,se SWE,MF,MF,Wolfsburg,de Bundesliga,26,1999,9.6,6,1,1,18,19,1,8,10,7,0
2533,Daniel Svensson,se SWE,MF,MF,Dortmund,de Bundesliga,23,2002,27.3,0,0,0,28,22,2,129,20,26,0
2534,Mile Svilar,rs SRB,GK,GK,Roma,it Serie A,25,1999,38,0,0,0,0,8,0,0,1,1,0
2535,Williot Swedberg,se SWE,FWMF,FW,Celta Vigo,es La Liga,21,2004,14.1,2,0,0,30,34,6,8,4,17,0
2536,Lamine Sy,mr MTN,DF,DF,Auxerre,fr Ligue 1,22,2002,17.1,1,0,0,24,14,3,47,26,29,0
2537,Abakar Sylla,ci CIV,DF,DF,Strasbourg,fr Ligue 1,22,2002,0,0,0,0,0,0,0,0,0,0,0
2538,Abakar Sylla,ci CIV,DF,DF,Nantes,fr Ligue 1,22,2002,0.7,0,0,0,2,0,0,0,0,0,0
2539,Fodé Sylla,fr FRA,MF,MF,Lens,fr Ligue 1,19,2006,1.1,0,0,0,3,0,0,0,3,6,0
2540,Wojciech Szczęsny,pl POL,GK,GK,Barcelona,es La Liga,35,1990,8,0,0,0,0,0,0,0,0,0,0
2541,Dominik Szoboszlai,hu HUN,MFDF,MF,Liverpool,eng Premier League,24,2000,35.9,8,1,0,42,30,2,206,29,32,0
2542,Sebastian Szymański,pl POL,MF,MF,Rennes,fr Ligue 1,26,1999,8.6,2,0,0,13,12,4,56,3,10,0
2543,Alexander Sørloth,no NOR,FW,FW,Atlético Madrid,es La Liga,29,1995,22,4,1,0,30,16,11,10,0,7,0
2544,Jocelin Ta Bi,ci CIV,MF,MF,Sunderland,eng Premier League,20,2005,0.4,0,0,0,0,1,0,5,0,0,0
2545,Musa Al-Taamari,jo JOR,MFFW,MF,Rennes,fr Ligue 1,28,1997,24.6,4,0,0,16,27,26,86,11,16,0
2546,Haris Tabaković,ba BIH,FW,FW,Gladbach,de Bundesliga,31,1994,26.5,5,0,0,48,20,27,2,0,6,0
2547,Nicolás Tagliafico,ar ARG,DF,DF,Lyon,fr Ligue 1,32,1992,14.6,5,2,1,36,33,2,20,17,14,0
2548,Jonathan Tah,de GER,DF,DF,Bayern Munich,de Bundesliga,29,1996,22.4,7,0,0,26,6,0,1,25,18,0
2549,Kōta Takai,jp JPN,DF,DF,Gladbach,de Bundesliga,20,2004,3.8,1,0,0,3,3,0,0,4,4,0
2550,Chemsdine Talbi,ma MAR,MFFW,MF,Sunderland,eng Premier League,20,2005,17.3,0,0,0,5,1,2,50,3,6,0
2551,Montassar Talbi,tn TUN,DF,DF,Lorient,fr Ligue 1,27,1998,29,3,0,0,7,13,0,5,27,19,0
2552,Adrien Tameze,cm CMR,DF,DF,Torino,it Serie A,31,1994,12.4,3,0,0,16,7,0,14,19,12,0
2553,Ao Tanaka,jp JPN,MF,MF,Leeds United,eng Premier League,26,1998,14.6,1,0,0,13,10,0,39,21,15,0
2554,Sander Tangvik,no NOR,GK,GK,Hamburger SV,de Bundesliga,22,2002,1,0,0,0,0,1,0,0,0,0,0
2555,Axel Tapé,fr FRA,MFDF,MF,Leverkusen,de Bundesliga,17,2007,2.5,1,0,0,7,7,0,0,1,1,0
2556,Edmond Tapsoba,bf BFA,DF,DF,Leverkusen,de Bundesliga,26,1999,28.6,7,0,0,31,2,2,13,21,15,0
2557,James Tarkowski,eng ENG,DF,DF,Everton,eng Premier League,32,1992,37,8,0,0,32,35,2,7,29,30,0
2558,Rouven Tarnutzer,ch SUI,FW,FW,Freiburg,de Bundesliga,18,2007,0.1,0,0,0,0,1,0,0,0,0,0
2559,César Tárrega,es ESP,DF,DF,Valencia,es La Liga,23,2002,28.9,7,0,0,40,13,0,1,24,24,2
2560,Tylel Tati,fr FRA,DF,DF,Nantes,fr Ligue 1,17,2008,19.1,5,1,0,25,15,0,1,14,13,0
2561,Nuno Tavares,pt POR,DF,DF,Lazio,it Serie A,25,2000,16.4,5,0,0,20,22,6,99,18,21,0
2562,Marcus Tavernier,eng ENG,MF,MF,Bournemouth,eng Premier League,26,1999,30.3,6,0,0,31,35,4,114,16,21,0
2563,Kenneth Taylor,nl NED,MF,MF,Lazio,it Serie A,23,2002,15.5,5,0,0,17,13,1,9,9,11,0
2564,Loum Tchaouna,fr FRA,MFFW,MF,Burnley,eng Premier League,21,2003,14.1,2,0,0,12,16,1,34,2,9,0
2565,Jackson Tchatchoua,cm CMR,MFDF,MF,Wolves,eng Premier League,23,2001,20.5,3,0,0,8,9,2,90,14,15,0
2566,Aurélien Tchouaméni,fr FRA,MF,MF,Real Madrid,es La Liga,25,2000,29.1,8,0,0,31,27,0,8,45,41,0
2567,Mathys Tel,fr FRA,MFFW,MF,Tottenham,eng Premier League,20,2005,15,1,0,0,19,23,3,92,5,12,0
2568,Nathan Tella,ng NGA,MF,MF,Leverkusen,de Bundesliga,26,1999,9.6,2,0,0,15,19,5,31,4,6,0
2569,Nahuel Tenaglia,ar ARG,DF,DF,Alavés,es La Liga,29,1996,36,3,0,0,31,42,5,17,47,43,0
2570,Arnau Tenas,es ESP,GK,GK,Villarreal,es La Liga,24,2001,10,0,0,0,0,1,0,0,0,1,0
2571,Marc-André ter Stegen,de GER,GK,GK,Girona,es La Liga,33,1992,2,0,0,0,0,0,0,0,0,0,0
2572,Filippo Terracciano,it ITA,DF,DF,Cremonese,it Serie A,22,2003,33.5,6,0,0,18,26,0,27,56,23,2
2573,Pietro Terracciano,it ITA,GK,GK,Milan,it Serie A,35,1990,1.4,0,0,0,0,0,0,0,0,0,0
2574,Ramón Terrats,es ESP,MF,MF,Espanyol,es La Liga,24,2000,11.4,0,0,0,15,22,1,30,11,13,0
2575,Martin Terrier,fr FRA,MFFW,MF,Leverkusen,de Bundesliga,28,1997,7.5,1,0,0,1,13,1,5,1,4,0
2576,Tanner Tessmann,us USA,MF,MF,Lyon,fr Ligue 1,23,2001,21.7,2,0,0,21,19,3,17,13,21,0
2577,Kenny Tete,nl NED,DF,DF,Fulham,eng Premier League,29,1995,19.9,2,0,0,27,31,1,34,26,38,0
2578,Jordan Teze,nl NED,MFDF,MF,Monaco,fr Ligue 1,25,1999,27.7,8,0,0,32,25,3,64,30,45,0
2579,Florian Thauvin,fr FRA,MF,MF,Lens,fr Ligue 1,32,1993,27.1,6,0,0,19,34,8,202,11,17,0
2580,Arthur Theate,be BEL,DF,DF,Frankfurt,de Bundesliga,25,2000,23.8,8,0,0,15,13,1,13,34,21,0
2581,Igor Thiago,br BRA,FW,FW,Brentford,eng Premier League,24,2001,36.5,7,0,0,74,26,24,19,12,21,0
2582,Malick Thiaw,de GER,DF,DF,Newcastle,eng Premier League,23,2001,32.9,4,0,0,24,11,2,9,30,34,0
2583,Jan Thielmann,de GER,MFFW,MF,Köln,de Bundesliga,23,2002,17.1,4,0,0,11,23,4,36,13,12,0
2584,Adrien Thomasson,fr FRA,MF,MF,Lens,fr Ligue 1,31,1993,29.8,11,0,0,54,43,4,121,20,56,0
2585,Morten Thorsby,no NOR,MF,MF,Genoa,it Serie A,29,1996,8.1,2,0,0,15,5,5,5,3,1,0
2586,Morten Thorsby,no NOR,MF,MF,Cremonese,it Serie A,29,1996,7.1,2,0,0,10,6,2,0,3,6,0
2587,Kristian Thorstvedt,no NOR,MF,MF,Sassuolo,it Serie A,26,1999,27.3,9,0,0,34,57,1,13,31,20,0
2588,Khéphren Thuram,fr FRA,MF,MF,Juventus,it Serie A,24,2001,27.1,2,0,0,38,12,3,16,12,32,0
2589,Marcus Thuram,fr FRA,FW,FW,Inter,it Serie A,27,1997,21.1,2,0,0,43,41,15,21,1,13,0
2590,Cheikh Tidiane Sabaly,sn SEN,MFFW,MF,Metz,fr Ligue 1,26,1999,10.7,2,0,0,14,16,5,14,3,13,0
2591,Youri Tielemans,be BEL,MF,MF,Aston Villa,eng Premier League,28,1997,20.7,0,0,0,25,40,1,45,16,39,0
2592,Phillip Tietz,de GER,FW,FW,Augsburg,de Bundesliga,28,1997,2.2,2,0,0,6,4,5,0,0,1,0
2593,Phillip Tietz,de GER,FW,FW,Mainz 05,de Bundesliga,28,1997,17.9,2,0,0,32,21,16,4,7,4,0
2594,Malik Tillman,us USA,MF,MF,Leverkusen,de Bundesliga,23,2002,18.6,2,0,0,19,29,1,18,19,30,0
2595,Jurriën Timber,nl NED,DF,DF,Arsenal,eng Premier League,24,2001,27.3,5,0,0,38,29,0,46,24,35,0
2596,Quinten Timber,nl NED,MF,MF,Marseille,fr Ligue 1,24,2001,12.3,4,0,0,13,20,1,7,9,17,0
2597,Jean-Clair Todibo,fr FRA,DF,DF,West Ham,eng Premier League,25,1999,20.2,5,1,0,9,3,1,2,16,24,0
2598,Umut Tohumcu,de GER,MF,MF,Hoffenheim,de Bundesliga,20,2004,1.5,2,0,0,2,2,0,1,0,1,0
2599,Corentin Tolisso,fr FRA,MF,MF,Lyon,fr Ligue 1,30,1994,25.6,4,0,0,42,55,3,49,17,18,0
2600,Jeremy Toljan,de GER,DF,DF,Levante,es La Liga,30,1994,35.2,8,0,0,33,19,2,76,31,39,1
2601,Tiago Tomás,pt POR,MFFW,MF,Stuttgart,de Bundesliga,23,2002,11.3,4,0,0,12,29,3,12,5,8,0
2602,Fikayo Tomori,eng ENG,DF,DF,Milan,it Serie A,27,1997,28.4,8,1,1,36,7,2,17,28,40,0
2603,Sandro Tonali,it ITA,MF,MF,Newcastle,eng Premier League,25,2000,28.2,4,0,0,24,42,1,95,28,25,0
2604,Luka Topalović,si SVN,MF,MF,Inter,it Serie A,19,2006,0.1,0,0,0,0,0,0,0,0,0,0
2605,Keke Topp,de GER,FW,FW,Werder Bremen,de Bundesliga,21,2004,7.1,4,0,0,16,7,2,5,1,5,0
2606,Pablo Torre,es ESP,MFFW,MF,Mallorca,es La Liga,22,2003,17.8,4,0,0,29,36,1,90,9,17,0
2607,Jofre Torrents,es ESP,DF,DF,Barcelona,es La Liga,18,2007,0.6,0,0,0,0,0,0,4,0,2,0
2608,Ferran Torres,es ESP,FW,FW,Barcelona,es La Liga,25,2000,21.8,2,0,0,13,20,12,3,4,6,0
2609,Pau Torres,es ESP,DF,DF,Aston Villa,eng Premier League,28,1997,18.6,1,0,0,7,5,0,4,11,14,1
2610,Lucas Torró,es ESP,MF,MF,Osasuna,es La Liga,31,1994,25.5,6,0,0,40,27,0,2,30,19,0
2611,Jordan Torunarigha,de GER,DF,DF,Hamburger SV,de Bundesliga,27,1997,21.8,3,0,0,19,13,0,3,30,22,0
2612,Alex Tóth,hu HUN,MF,MF,Bournemouth,eng Premier League,19,2005,1.6,1,0,0,1,2,0,3,3,0,0
2613,Abdoulaye Touré,gn GUI,MF,MF,Le Havre,fr Ligue 1,31,1994,8.2,2,0,0,13,17,0,13,10,6,0
2614,Alpha Touré,sn SEN,MF,MF,Metz,fr Ligue 1,19,2006,17.8,5,0,0,27,27,1,13,10,23,0
2615,Bazoumana Touré,ci CIV,MFFW,MF,Hoffenheim,de Bundesliga,19,2006,25.6,2,0,0,44,29,8,118,6,22,0
2616,Idrissa Touré,de GER,MF,MF,Pisa,it Serie A,27,1998,25.3,4,1,0,23,19,5,67,25,28,0
2617,Ilane Touré,fr FRA,MF,MF,Monaco,fr Ligue 1,18,2006,0.4,0,0,0,1,0,0,4,0,0,0
2618,Ousmane Toure,fr FRA,DF,DF,Lille,fr Ligue 1,20,2005,0.6,0,0,0,0,0,0,0,2,0,0
2619,Souleymane Touré,fr FRA,DF,DF,Lorient,fr Ligue 1,22,2003,0.3,0,0,0,0,0,0,0,0,0,0
2620,Lucas Tousart,fr FRA,MFDF,MF,Brest,fr Ligue 1,28,1997,9.3,0,0,0,21,5,0,3,9,12,0
2621,James Trafford,eng ENG,GK,GK,Manchester City,eng Premier League,22,2002,4,0,0,0,0,1,0,0,0,1,0
2622,Mattéo Tramoni,fr FRA,MFFW,MF,Pisa,it Serie A,25,2000,17.8,3,0,0,16,15,2,68,15,21,0
2623,Adama Traoré,es ESP,FWMF,FW,West Ham,eng Premier League,29,1996,1.3,1,0,0,1,0,2,12,0,1,0
2624,Adama Traoré,es ESP,MF,MF,Fulham,eng Premier League,29,1996,3,0,0,0,6,8,3,15,0,1,0
2625,Bertrand Traoré,bf BFA,MFFW,MF,Sunderland,eng Premier League,29,1995,7,1,0,0,11,12,1,13,2,4,0
2626,Boubacar Traoré,ml MLI,MF,MF,Metz,fr Ligue 1,23,2001,15.4,4,0,0,32,5,0,2,15,26,0
2627,Hamari Traoré,ml MLI,DF,DF,Paris FC,fr Ligue 1,33,1992,12.8,4,0,0,21,6,1,27,18,22,0
2628,Omar Traoré,de GER,DFMF,DF,Heidenheim,de Bundesliga,27,1998,16.7,2,0,0,22,19,2,37,17,11,0
2629,Kevin Trapp,de GER,GK,GK,Paris FC,fr Ligue 1,35,1990,22,2,0,0,0,6,0,0,1,0,0
2630,Óscar Trejo,ar ARG,MF,MF,Rayo Vallecano,es La Liga,37,1988,1.6,2,0,0,3,5,0,8,0,3,0
2631,Yael Trepy,Unknown,FW,FW,Cagliari,it Serie A,0,0,1,0,0,0,1,2,2,7,0,1,0
2632,Mike Trésor,be BEL,FWMF,FW,Burnley,eng Premier League,26,1999,0.5,0,0,0,0,0,0,3,0,1,0
2633,Philipp Treu,de GER,DFMF,DF,Freiburg,de Bundesliga,24,2000,24.3,2,0,0,20,37,2,32,7,27,0
2634,Christopher Trimmel,at AUT,MFDF,MF,Union Berlin,de Bundesliga,38,1987,20.7,8,0,0,27,9,0,177,10,24,0
2635,Kieran Trippier,eng ENG,DF,DF,Newcastle,eng Premier League,34,1990,17.6,3,0,0,22,19,1,96,7,13,0
2636,Mariano Troilo,ar ARG,DF,DF,Parma,it Serie A,22,2003,18.1,8,2,1,27,20,1,1,16,18,0
2637,Leandro Trossard,be BEL,FWMF,FW,Arsenal,eng Premier League,30,1994,22.2,2,0,0,13,39,5,58,9,15,0
2638,Adrien Truffert,fr FRA,DF,DF,Bournemouth,eng Premier League,23,2001,37.5,5,0,0,39,32,0,142,43,51,0
2639,Kostas Tsimikas,gr GRE,MF,MF,Roma,it Serie A,29,1996,7.2,1,0,0,9,8,1,43,8,5,0
2640,Heorhii Tsitaishvili,ge GEO,MFDF,MF,Metz,fr Ligue 1,24,2000,27.2,3,0,0,23,36,6,160,14,12,0
2641,Viktor Tsyhankov,ua UKR,MFFW,MF,Girona,es La Liga,27,1997,29.2,3,0,0,22,35,5,120,21,22,0
2642,Axel Tuanzebe,cd COD,DF,DF,Burnley,eng Premier League,27,1997,13.3,1,0,0,13,2,1,1,12,8,1
2643,Kareem Tunde,es ESP,MF,MF,Levante,es La Liga,19,2005,12.6,3,0,0,16,24,1,11,14,11,0
2644,Stefano Turati,it ITA,GK,GK,Sassuolo,it Serie A,23,2001,5.9,0,0,0,0,1,0,0,1,0,0
2645,Beñat Turrientes,es ESP,MF,MF,Real Sociedad,es La Liga,23,2002,15,7,0,0,28,23,0,9,9,23,0
2646,Stefanos Tzimas,gr GRE,FW,FW,Brighton,eng Premier League,19,2006,1.5,0,0,0,4,1,1,1,0,1,0
2647,Christantus Uche,ng NGA,FW,FW,Crystal Palace,eng Premier League,22,2003,1.9,0,0,0,4,7,3,6,0,1,0
2648,Christantus Uche,ng NGA,FW,FW,Getafe,es La Liga,22,2003,3,1,0,0,10,8,1,1,0,2,0
2649,Destiny Udogie,it ITA,DFMF,DF,Tottenham,eng Premier League,22,2002,14.9,4,0,0,17,22,3,27,7,20,0
2650,Matthieu Udol,fr FRA,MFDF,MF,Lens,fr Ligue 1,29,1996,33.4,2,0,0,30,27,2,115,51,21,0
2651,Manuel Ugarte,uy URU,MF,MF,Manchester Utd,eng Premier League,24,2001,9.9,1,0,0,24,15,0,1,20,30,0
2652,Lesley Ugochukwu,fr FRA,MF,MF,Burnley,eng Premier League,21,2004,26,3,1,1,28,30,1,7,17,26,0
2653,Filip Ugrinic,ch SUI,MF,MF,Valencia,es La Liga,26,1999,16.7,3,0,0,17,13,6,56,11,16,0
2654,Lukas Ullrich,de GER,DFMF,DF,Gladbach,de Bundesliga,21,2004,14.5,2,0,0,17,11,1,38,21,17,0
2655,Sven Ulreich,de GER,GK,GK,Bayern Munich,de Bundesliga,36,1988,1,1,0,0,0,1,0,0,0,0,0
2656,Enes Ünal,tr TUR,FW,FW,Bournemouth,eng Premier League,28,1997,2.6,1,0,0,6,10,3,2,0,1,0
2657,Deniz Undav,de GER,FWMF,FW,Stuttgart,de Bundesliga,29,1996,24.9,5,0,0,32,23,25,16,4,14,0
2658,Dayot Upamecano,fr FRA,DF,DF,Bayern Munich,de Bundesliga,26,1998,19.9,4,0,0,15,5,0,7,21,26,0
2659,Jan Urbich,de GER,DF,DF,Gladbach,de Bundesliga,21,2004,0.4,0,0,0,1,2,0,0,0,0,0
2660,Jonas Urbig,de GER,GK,GK,Bayern Munich,de Bundesliga,21,2003,12.3,0,0,0,0,2,0,0,0,0,0
2661,Can Uzun,tr TUR,MF,MF,Frankfurt,de Bundesliga,19,2005,12.8,3,0,0,15,26,0,24,3,9,0
2662,Josha Vagnoman,de GER,DFMF,DF,Stuttgart,de Bundesliga,24,2000,17.6,3,0,0,17,16,1,33,3,19,0
2663,Victor Valdepeñas,es ESP,DF,DF,Real Madrid,es La Liga,18,2006,0.9,0,0,0,3,1,0,1,0,3,0
2664,Hákon Valdimarsson,is ISL,GK,GK,Brentford,eng Premier League,23,2001,1,0,0,0,0,0,0,0,0,0,0
2665,Lautaro Valenti,ar ARG,DF,DF,Parma,it Serie A,26,1999,25,7,0,0,25,17,0,20,26,30,0
2666,Óscar Valentín,es ESP,MF,MF,Rayo Vallecano,es La Liga,30,1994,23.4,3,1,0,31,22,0,3,29,43,0
2667,Nicolás Valentini,ar ARG,DF,DF,Hellas Verona,it Serie A,24,2001,15.7,8,1,1,30,7,1,15,16,18,0
2668,Germán Valera,es ESP,MFDF,MF,Elche,es La Liga,23,2002,31.7,5,1,0,40,70,4,104,23,40,0
2669,Emanuele Valeri,it ITA,MFDF,MF,Parma,it Serie A,26,1998,29.4,2,0,0,23,26,3,234,20,32,0
2670,Martin Valjent,sk SVK,DF,DF,Mallorca,es La Liga,29,1995,36.8,6,0,0,36,12,0,2,24,33,0
2671,Álex Valle,es ESP,DF,DF,Como,it Serie A,21,2004,22.5,3,0,0,34,19,1,45,24,31,0
2672,Álvaro Vallés,es ESP,GK,GK,Real Betis,es La Liga,28,1997,28,1,0,0,0,4,0,0,1,0,0
2673,Federico Valverde,uy URU,MFDF,MF,Real Madrid,es La Liga,27,1998,30.4,3,1,0,18,14,1,30,25,25,0
2674,Ignace Van Der Brempt,be BEL,DF,DF,Como,it Serie A,23,2002,10.3,2,0,0,19,15,1,11,8,14,0
2675,Virgil van Dijk,nl NED,DF,DF,Liverpool,eng Premier League,34,1991,38,4,0,0,19,18,1,1,26,15,0
2676,Vladyslav Vanat,ua UKR,FW,FW,Girona,es La Liga,23,2002,21.6,4,0,0,28,17,20,5,3,3,0
2677,Jari Vandeputte,be BEL,MF,MF,Cremonese,it Serie A,29,1996,21.6,3,0,0,34,25,1,162,18,21,0
2678,Vanderson,br BRA,DFMF,DF,Monaco,fr Ligue 1,24,2001,6.8,4,0,0,15,2,0,33,19,13,0
2679,Maarten Vandevoordt,be BEL,GK,GK,RB Leipzig,de Bundesliga,23,2002,11.7,0,0,0,0,1,0,0,0,0,0
2680,Charles Vanhoutte,be BEL,MF,MF,Nice,fr Ligue 1,26,1998,19.7,7,0,0,35,8,0,13,21,28,0
2681,Jamie Vardy,eng ENG,FW,FW,Cremonese,it Serie A,38,1987,23.4,5,0,0,19,21,23,14,3,10,0
2682,Obed Vargas,mx MEX,MF,MF,Atlético Madrid,es La Liga,19,2005,8.2,2,0,0,4,9,1,6,8,16,0
2683,Ruben Vargas,ch SUI,MFFW,MF,Sevilla,es La Liga,26,1998,17.7,2,0,0,13,17,7,90,7,15,0
2684,Nikola Vasilj,ba BIH,GK,GK,St Pauli,de Bundesliga,29,1995,34,0,0,0,0,1,0,0,1,1,1
2685,Johan Vásquez,mx MEX,DF,DF,Genoa,it Serie A,26,1998,35.7,2,0,0,23,46,1,24,46,38,0
2686,Dominic Vavassori,it ITA,FW,FW,Atalanta,it Serie A,19,2005,0.1,0,0,0,1,1,0,0,0,0,0
2687,Denis Vavro,sk SVK,DF,DF,Wolfsburg,de Bundesliga,29,1996,13.1,2,0,0,9,5,0,4,14,5,0
2688,José Luis García Vayá,es ESP,MFDF,MF,Valencia,es La Liga,26,1998,24.7,4,0,0,30,14,1,46,19,33,0
2689,Robinio Vaz,fr FRA,FW,FW,Marseille,fr Ligue 1,18,2007,4.2,2,0,0,8,9,3,4,3,4,0
2690,Robinio Vaz,fr FRA,FW,FW,Roma,it Serie A,18,2007,2.4,0,0,0,2,12,3,3,2,0,0
2691,Franco Vázquez,ar ARG,FWMF,FW,Cremonese,it Serie A,36,1989,5.8,1,0,0,9,16,0,19,4,12,0
2692,Jesus Vazquez,es ESP,DFMF,DF,Valencia,es La Liga,22,2003,10.8,2,0,0,16,8,2,26,4,10,0
2693,Lucas Vázquez,es ESP,MF,MF,Leverkusen,de Bundesliga,34,1991,5.3,2,0,0,6,8,1,20,2,4,0
2694,Luis Vázquez,ar ARG,FW,FW,Getafe,es La Liga,24,2001,13.3,2,0,0,21,32,17,2,4,3,0
2695,Matías Vecino,uy URU,MF,MF,Lazio,it Serie A,33,1991,6.7,1,0,0,8,3,0,0,7,9,0
2696,Matías Vecino,uy URU,MF,MF,Celta Vigo,es La Liga,33,1991,1.5,0,0,0,4,0,0,1,4,6,0
2697,Danilo Veiga,pt POR,DF,DF,Lecce,it Serie A,22,2002,33.6,9,0,0,46,47,1,89,32,53,0
2698,Renato Veiga,pt POR,DF,DF,Villarreal,es La Liga,22,2003,27.6,5,1,0,24,6,3,2,26,9,0
2699,Joël Veltman,nl NED,DF,DF,Brighton,eng Premier League,33,1992,11.8,5,0,0,10,22,2,18,19,17,0
2700,Micky van de Ven,nl NED,DF,DF,Tottenham,eng Premier League,24,2001,33.8,9,1,0,28,22,2,3,21,20,0
2701,Unai Vencedor Paris,es ESP,MF,MF,Levante,es La Liga,24,2000,9,3,1,0,25,8,0,23,4,13,0
2702,Lorenzo Venturino,it ITA,FW,FW,Genoa,it Serie A,19,2006,0.4,0,0,0,1,0,0,8,0,0,0
2703,Lorenzo Venturino,it ITA,MF,MF,Roma,it Serie A,19,2006,2.3,0,0,0,0,3,1,28,0,0,0
2704,Nikolas Veratschnig,at AUT,MFDF,MF,Mainz 05,de Bundesliga,22,2003,7.3,3,0,0,12,10,1,21,10,13,0
2705,Bart Verbruggen,nl NED,GK,GK,Brighton,eng Premier League,22,2002,38,3,0,0,2,2,0,0,0,1,1
2706,Calvin Verdonk,id IDN,DF,DF,Lille,fr Ligue 1,28,1997,8.8,3,1,0,14,3,0,30,15,10,0
2707,Antonio Vergara,it ITA,MF,MF,Napoli,it Serie A,22,2003,6.8,2,0,0,17,20,2,11,4,9,0
2708,Arthur Vermeeren,be BEL,MF,MF,Marseille,fr Ligue 1,20,2005,9.2,1,1,0,15,1,0,3,11,11,0
2709,Ioan Vermeșan,ro ROU,FW,FW,Hellas Verona,it Serie A,18,2006,0.9,0,0,0,0,1,0,0,0,0,0
2710,Jozhua Vertrouwd,nl NED,DF,DF,Rayo Vallecano,es La Liga,20,2004,5,0,0,0,6,3,0,0,4,3,1
2711,Mikel Vesga,es ESP,MF,MF,Athletic Club,es La Liga,32,1993,5.2,0,0,0,8,7,0,4,9,10,0
2712,Guglielmo Vicario,it ITA,GK,GK,Tottenham,eng Premier League,28,1996,31,1,0,0,0,3,0,0,0,1,0
2713,Carlos Vicente,es ESP,MF,MF,Alavés,es La Liga,26,1999,14,1,0,0,12,42,10,128,7,18,0
2714,Nacho Vidal,es ESP,DF,DF,Oviedo,es La Liga,30,1995,25.1,4,0,0,24,27,1,40,29,30,0
2715,Fabio Vieira,pt POR,MFFW,MF,Hamburger SV,de Bundesliga,25,2000,24.5,4,2,1,18,44,1,59,15,9,0
2716,Julián Vignolo,ar ARG,MF,MF,Toulouse,fr Ligue 1,18,2006,2.2,0,0,0,3,1,0,10,0,3,0
2717,Gonzalo Villar,es ESP,MF,MF,Elche,es La Liga,27,1998,8,3,0,0,11,25,0,11,2,9,0
2718,Federico Viñas,uy URU,FWMF,FW,Oviedo,es La Liga,27,1998,27.1,7,3,1,46,69,13,3,13,32,0
2719,Jan Virgili,es ESP,MFFW,MF,Mallorca,es La Liga,19,2006,19.9,0,1,0,22,24,2,47,7,10,0
2720,Mattia Viti,it ITA,MFDF,MF,Fiorentina,it Serie A,23,2002,2.9,3,1,1,9,4,0,0,3,4,0
2721,Martin Vitík,cz CZE,DF,DF,Bologna,it Serie A,22,2003,14.7,3,0,0,23,4,0,2,8,22,0
2722,Vitinha,pt POR,MF,MF,PSG,fr Ligue 1,25,2000,23.5,2,0,0,14,21,0,21,26,20,0
2723,Vitinha,pt POR,FWMF,FW,Genoa,it Serie A,25,2000,24.7,5,0,0,33,68,14,67,14,32,0
2724,Daniel Vivian,es ESP,DF,DF,Athletic Club,es La Liga,26,1999,28.5,8,1,0,38,17,1,11,34,38,0
2725,Odysseas Vlachodimos,gr GRE,GK,GK,Sevilla,es La Liga,31,1994,33,1,0,0,0,2,0,0,1,0,0
2726,Dušan Vlahović,rs SRB,FW,FW,Juventus,it Serie A,25,2000,10.8,0,0,0,9,18,9,3,2,3,0
2727,Nikola Vlašić,hr CRO,MFFW,MF,Torino,it Serie A,27,1997,33.8,7,0,0,44,45,4,48,22,39,0
2728,Mërgim Vojvoda,xk KVX,MFDF,MF,Como,it Serie A,30,1995,17.7,2,0,0,15,12,5,66,14,4,0
2729,Cristian Volpato,au AUS,FW,FW,Sassuolo,it Serie A,21,2003,11.8,4,0,0,19,11,0,49,6,11,0
2730,Alexis Vossah,fr FRA,MF,MF,Toulouse,fr Ligue 1,17,2008,12.1,5,1,0,18,10,0,6,7,7,0
2731,Aster Vranckx,be BEL,MF,MF,Sassuolo,it Serie A,22,2002,7.7,2,0,0,16,17,1,5,0,9,0
2732,Stefan de Vrij,nl NED,DF,DF,Inter,it Serie A,33,1992,7.4,1,0,0,5,5,0,0,7,12,0
2733,İsak Vural,tr TUR,MF,MF,Pisa,it Serie A,19,2006,8.4,4,0,0,16,33,1,5,2,7,0
2734,Luka Vušković,hr CRO,DF,DF,Hamburger SV,de Bundesliga,18,2007,27.1,6,0,0,29,32,1,2,40,17,0
2735,Yannik Wagner,de GER,FW,FW,Heidenheim,de Bundesliga,18,2007,0.5,0,0,0,0,0,0,2,0,0,0
2736,Elye Wahi,ci CIV,FW,FW,Nice,fr Ligue 1,22,2003,10.2,5,0,0,21,5,20,9,2,4,0
2737,Elye Wahi,ci CIV,FW,FW,Frankfurt,de Bundesliga,22,2003,3.6,1,0,0,2,4,4,5,0,1,0
2738,Hauke Wahl,de GER,DF,DF,St Pauli,de Bundesliga,31,1994,28.8,1,0,0,11,13,4,12,31,32,0
2739,Luca Waldschmidt,de GER,FWMF,FW,Köln,de Bundesliga,29,1996,7.5,1,0,0,9,6,2,22,4,3,0
2740,Kyle Walker,eng ENG,DFMF,DF,Burnley,eng Premier League,35,1990,34.4,9,0,0,32,22,1,37,43,32,0
2741,Kyle Walker-Peters,eng ENG,DF,DF,West Ham,eng Premier League,28,1997,15.4,2,0,0,12,25,1,20,9,30,0
2742,Sebastian Walukiewicz,pl POL,DF,DF,Sassuolo,it Serie A,25,2000,31.7,7,0,0,35,13,1,45,23,34,0
2743,Aaron Wan-Bissaka,cd COD,DFMF,DF,West Ham,eng Premier League,27,1997,23.1,4,0,0,23,12,1,43,41,24,0
2744,James Ward-Prowse,eng ENG,MF,MF,West Ham,eng Premier League,30,1994,4.6,0,0,0,4,2,0,22,6,2,0
2745,James Ward-Prowse,eng ENG,MF,MF,Burnley,eng Premier League,30,1994,7.6,1,0,0,4,11,0,52,15,4,0
2746,Ollie Watkins,eng ENG,FW,FW,Aston Villa,eng Premier League,29,1995,31.5,4,0,0,35,32,25,7,5,14,0
2747,Tom Watson,eng ENG,MF,MF,Brighton,eng Premier League,19,2006,0.7,1,0,0,3,0,0,0,0,1,0
2748,Timothy Weah,us USA,MFDF,MF,Marseille,fr Ligue 1,25,2000,25,5,0,0,32,18,1,62,15,35,0
2749,Tobias Weigel,de GER,FW,FW,Heidenheim,de Bundesliga,18,2007,0,0,0,0,0,0,0,0,0,0,0
2750,Nelson Weiper,de GER,FW,FW,Mainz 05,de Bundesliga,20,2005,6.2,1,0,0,6,3,6,6,3,2,0
2751,Max Weiß,de GER,GK,GK,Burnley,eng Premier League,21,2004,3,0,0,0,0,0,0,0,0,0,0
2752,Danny Welbeck,eng ENG,FW,FW,Brighton,eng Premier League,34,1990,25.1,5,0,0,31,10,5,3,8,14,0
2753,Timo Werner,de GER,FWMF,FW,RB Leipzig,de Bundesliga,29,1996,0.2,0,0,0,0,0,1,2,0,0,0
2754,Wesley,br BRA,MF,MF,Real Sociedad,es La Liga,20,2005,1,0,0,0,3,1,0,3,0,0,0
2755,Wesley,br BRA,MF,MF,Roma,it Serie A,21,2003,27.2,7,2,1,36,57,2,95,23,40,0
2756,Adam Wharton,eng ENG,MF,MF,Crystal Palace,eng Premier League,21,2004,28.4,6,1,1,35,31,0,86,27,36,0
2757,Ben White,eng ENG,DF,DF,Arsenal,eng Premier League,27,1997,7.8,0,0,0,5,6,3,16,9,9,0
2758,Silvan Widmer,ch SUI,MF,MF,Mainz 05,de Bundesliga,32,1993,20.1,5,0,0,15,11,4,37,18,27,0
2759,Mats Wieffer,nl NED,DF,DF,Brighton,eng Premier League,25,1999,21.1,8,0,0,30,22,2,17,24,43,0
2760,Iñaki Williams,gh GHA,MFFW,MF,Athletic Club,es La Liga,31,1994,24,2,0,0,28,23,10,67,8,9,0
2761,Neco Williams,wls WAL,DF,DF,Nottingham,eng Premier League,24,2001,35.6,6,1,0,29,52,4,143,46,61,0
2762,Nico Williams,es ESP,MF,MF,Athletic Club,es La Liga,23,2002,18.6,2,0,0,26,29,7,76,7,9,0
2763,Estêvão Willian,br BRA,MF,MF,Chelsea,eng Premier League,18,2007,9.4,4,0,0,12,9,6,16,4,6,0
2764,Joe Willock,eng ENG,MF,MF,Newcastle,eng Premier League,25,1999,10.9,3,0,0,16,11,2,16,7,15,0
2765,Callum Wilson,eng ENG,FW,FW,West Ham,eng Premier League,33,1992,13.9,1,0,0,12,14,9,5,3,2,0
2766,Harry Wilson,wls WAL,MF,MF,Fulham,eng Premier League,28,1997,29.7,7,0,0,13,37,13,115,16,19,0
2767,Patrick Wimmer,at AUT,MF,MF,Wolfsburg,de Bundesliga,24,2001,18,4,0,0,28,33,2,25,23,20,0
2768,Jonas Wind,dk DEN,FW,FW,Wolfsburg,de Bundesliga,26,1999,5.3,1,0,0,2,14,2,0,0,0,0
2769,Ben Winterburn,eng ENG,MF,MF,Bournemouth,eng Premier League,20,2004,0.1,0,0,0,0,0,0,0,0,0,0
2770,Florian Wirtz,de GER,MF,MF,Liverpool,eng Premier League,22,2003,26.4,1,0,0,22,19,2,32,12,26,0
2771,Yoane Wissa,cd COD,FW,FW,Newcastle,eng Premier League,28,1996,5.9,3,0,0,6,2,4,1,0,5,0
2772,Axel Witsel,be BEL,MF,MF,Girona,es La Liga,36,1989,28.1,2,1,1,34,37,1,1,30,24,0
2773,Maximilian Wöber,at AUT,DF,DF,Werder Bremen,de Bundesliga,27,1998,0.4,0,0,0,1,0,0,1,2,1,0
2774,Marius Wolf,de GER,MF,MF,Augsburg,de Bundesliga,30,1995,11.3,4,0,0,10,2,11,43,13,10,0
2775,Nick Woltemade,de GER,MF,MF,Stuttgart,de Bundesliga,23,2002,1,0,0,0,1,3,1,0,0,0,0
2776,Nick Woltemade,de GER,FWMF,FW,Newcastle,eng Premier League,23,2002,21.1,0,0,0,20,20,8,3,5,13,1
2777,Jeong Woo-yeong,kr KOR,MFFW,MF,Union Berlin,de Bundesliga,25,1999,13.3,0,0,0,13,20,4,31,8,7,0
2778,Chris Wood,nz NZL,FW,FW,Nottingham,eng Premier League,33,1991,10,0,0,0,6,6,4,1,1,1,0
2779,Freddie Woodman,eng ENG,GK,GK,Liverpool,eng Premier League,28,1997,2.4,0,0,0,0,0,0,0,0,0,0
2780,Christopher Wooh,cm CMR,DF,DF,Rennes,fr Ligue 1,23,2001,0.7,0,1,0,1,0,0,0,0,0,0
2781,Joe Worrall,eng ENG,DF,DF,Burnley,eng Premier League,28,1997,5.6,0,0,0,4,1,0,0,6,2,0
2782,Daniel Xavier Semedo,fr FRA,MF,MF,Lorient,fr Ligue 1,21,2003,0.1,0,0,0,2,0,0,0,1,0,0
2783,Granit Xhaka,ch SUI,MF,MF,Sunderland,eng Premier League,32,1992,32.3,8,0,0,23,40,0,99,29,33,0
2784,Lamine Yamal,es ESP,MFFW,MF,Barcelona,es La Liga,18,2007,25.1,1,0,0,28,52,14,77,8,20,0
2785,Daniel Yáñez,es ESP,MF,MF,Real Madrid,es La Liga,18,2007,0.5,0,0,0,0,4,0,1,0,1,0
2786,Roman Yaremchuk,ua UKR,FW,FW,Lyon,fr Ligue 1,29,1995,6.2,1,0,0,7,4,5,1,0,3,0
2787,Yehor Yarmoliuk,ua UKR,MF,MF,Brentford,eng Premier League,21,2004,29.5,7,0,0,37,12,1,30,28,46,0
2788,Gessime Yassine,ma MAR,MF,MF,Strasbourg,fr Ligue 1,19,2005,5.7,0,0,0,9,19,1,18,1,9,0
2789,Ryan Yates,eng ENG,MF,MF,Nottingham,eng Premier League,27,1997,6.9,3,0,0,13,13,0,5,9,10,0
2790,Terry Yegbe,gh GHA,DF,DF,Metz,fr Ligue 1,24,2001,21.8,3,0,0,19,8,0,5,22,7,0
2791,Bertuğ Yıldırım,tr TUR,FW,FW,Rennes,fr Ligue 1,23,2002,0,0,0,0,0,0,0,0,0,0,0
2792,Kenan Yıldız,tr TUR,MFFW,MF,Juventus,it Serie A,20,2005,31.4,2,0,0,23,56,7,122,7,14,0
2793,Darlin Yongwa,cm CMR,DFMF,DF,Lorient,fr Ligue 1,24,2000,14.6,4,1,0,14,22,1,38,11,24,0
2794,Leny Yoro,fr FRA,DF,DF,Manchester Utd,eng Premier League,19,2005,19.3,1,0,0,17,5,2,3,31,20,0
2795,Ali Yousuf,ly LBY,DF,DF,Nantes,fr Ligue 1,24,2001,10.8,4,0,0,11,11,0,1,18,7,0
2796,Etienne Youte Kinkoue,fr FRA,DFMF,DF,Le Havre,fr Ligue 1,23,2002,4.7,2,0,0,3,1,0,0,1,3,0
2797,Illia Zabarnyi,ua UKR,DF,DF,PSG,fr Ligue 1,22,2002,26.5,6,0,0,18,8,0,0,20,20,0
2798,Yassir Zabiri,ma MAR,MF,MF,Rennes,fr Ligue 1,20,2005,0.5,0,0,0,6,0,0,1,0,1,0
2799,Mattia Zaccagni,it ITA,FW,FW,Lazio,it Serie A,30,1995,23.4,6,1,0,30,82,6,55,20,21,0
2800,Gioele Zacchi,it ITA,GK,GK,Sassuolo,it Serie A,22,2003,0.1,0,0,0,0,0,0,0,0,0,0
2801,Yvan Zaddy,ci CIV,MF,MF,Auxerre,fr Ligue 1,19,2006,0,0,0,0,0,0,0,0,0,0,0
2802,Dan-Axel Zagadou,fr FRA,DF,DF,Stuttgart,de Bundesliga,26,1999,2.3,0,0,0,5,1,0,0,5,4,0
2803,Stephan Zagadou,fr FRA,DF,DF,Le Havre,fr Ligue 1,16,2008,5.5,0,1,0,7,1,0,0,1,5,0
2804,Warren Zaïre-Emery,fr FRA,DFMF,DF,PSG,fr Ligue 1,19,2006,27.2,3,0,0,35,17,0,15,11,29,0
2805,Denis Zakaria,ch SUI,DFMF,DF,Monaco,fr Ligue 1,28,1996,22.6,4,1,0,26,7,0,11,45,25,1
2806,Arsen Zakharyan,ru RUS,MF,MF,Real Sociedad,es La Liga,22,2003,5.1,2,0,0,9,2,4,26,2,6,0
2807,Nicola Zalewski,pl POL,MF,MF,Atalanta,it Serie A,23,2002,21.1,3,0,0,21,51,3,124,16,20,0
2808,Nicolò Zaniolo,it ITA,FWMF,FW,Udinese,it Serie A,26,1999,25.1,8,0,0,61,61,6,120,4,21,0
2809,Alessandro Zanoli,it ITA,MF,MF,Udinese,it Serie A,24,2000,14.2,1,0,0,16,5,1,40,7,18,0
2810,Duván Zapata,co COL,FW,FW,Torino,it Serie A,34,1991,12.3,0,0,0,15,24,7,8,1,2,0
2811,Gabriele Zappa,it ITA,DFMF,DF,Cagliari,it Serie A,25,1999,17.7,2,0,0,13,5,0,37,18,17,0
2812,Davide Zappacosta,it ITA,MF,MF,Atalanta,it Serie A,33,1992,28.5,3,0,0,18,8,7,107,18,14,0
2813,Bryan Zaragoza,es ESP,MF,MF,Roma,it Serie A,23,2001,1.5,1,0,0,5,5,0,9,0,1,0
2814,Bryan Zaragoza,es ESP,FWMF,FW,Celta Vigo,es La Liga,23,2001,12.6,1,0,0,7,17,6,67,2,5,0
2815,Oier Zarraga,es ESP,MF,MF,Udinese,it Serie A,26,1999,5.3,2,0,0,8,5,0,12,7,6,0
2816,Nils Zätterström,se SWE,DF,DF,Genoa,it Serie A,20,2005,2,0,0,0,3,0,0,0,2,0,0
2817,Aaron Zehnter,de GER,DFMF,DF,Wolfsburg,de Bundesliga,20,2004,16.2,0,0,0,2,0,0,36,16,10,0
2818,Jordan Zemura,zw ZIM,MFDF,MF,Udinese,it Serie A,25,1999,12.5,3,0,0,26,11,2,35,6,17,0
2819,Robin Zentner,de GER,GK,GK,Mainz 05,de Bundesliga,30,1994,9.7,2,1,0,2,1,0,0,0,0,0
2820,Alessio Zerbin,it ITA,MF,MF,Cremonese,it Serie A,26,1999,18.3,1,0,0,37,20,7,58,3,20,0
2821,Cedric Zesiger,ch SUI,DF,DF,Augsburg,de Bundesliga,27,1998,20.2,7,0,0,18,16,0,34,17,24,1
2822,Michael Zetterer,de GER,GK,GK,Frankfurt,de Bundesliga,30,1995,22,1,0,0,0,6,0,0,1,1,0
2823,Edon Zhegrova,xk KVX,MF,MF,Juventus,it Serie A,26,1999,4.2,1,0,0,4,6,2,48,0,3,0
2824,Piotr Zieliński,pl POL,MF,MF,Inter,it Serie A,31,1994,22.7,3,0,0,18,18,0,23,7,19,1
2825,Oleksandr Zinchenko,ua UKR,DF,DF,Nottingham,eng Premier League,28,1996,3.9,0,0,0,1,2,1,18,2,6,0
2826,Melvin Zinga,fr FRA,GK,GK,Angers,fr Ligue 1,23,2002,2.5,0,0,0,0,0,0,0,0,1,0
2827,Jan Ziółkowski,pl POL,DF,DF,Roma,it Serie A,20,2005,5.7,3,0,0,12,8,0,0,7,14,0
2828,Joshua Zirkzee,nl NED,FWMF,FW,Manchester Utd,eng Premier League,24,2001,7,3,0,0,8,6,1,5,1,6,0
2829,Budu Zivzivadze,ge GEO,FW,FW,Heidenheim,de Bundesliga,31,1994,12.7,2,1,0,15,13,8,6,1,10,0
2830,Luck Zogbé,ci CIV,DF,DF,Brest,fr Ligue 1,20,2005,3.2,0,0,0,7,5,0,11,3,5,0
2831,Nadir Zortea,it ITA,DF,DF,Bologna,it Serie A,26,1999,20.2,2,0,0,28,17,1,67,20,17,0
2832,Yanis Zouaoui,dz ALG,DFMF,DF,Le Havre,fr Ligue 1,27,1998,26,7,0,0,22,26,1,182,27,30,1
2833,Igor Zubeldia,es ESP,DF,DF,Real Sociedad,es La Liga,28,1997,23.1,9,0,0,38,5,0,0,23,21,0
2834,Martín Zubimendi,es ESP,MF,MF,Arsenal,eng Premier League,26,1999,33.2,4,0,0,33,15,1,13,39,39,0
2835,Martin Ødegaard,no NOR,MF,MF,Arsenal,eng Premier League,26,1998,15.2,0,0,0,9,9,2,22,7,9,0
2836,Leo Østigård,no NOR,DF,DF,Genoa,it Serie A,25,1999,29.1,7,0,0,38,15,3,1,30,27,0
2837,Luka Đurić,rs SRB,MF,MF,Hoffenheim,de Bundesliga,22,2003,0.1,0,0,0,0,0,0,0,0,0,0
2838,Milan Đurić,ba BIH,FW,FW,Cremonese,it Serie A,35,1990,4.3,1,1,0,4,8,2,2,0,0,0
2839,Milan Đurić,ba BIH,FW,FW,Parma,it Serie A,35,1990,0.8,0,0,0,2,1,0,0,0,0,0
